"Brand,B"	"ase_Model,Pro"	duct_Nam	"e,Price_INR,Color,Storage,Rating,Review_Headline,Review_Text,Reviewer_Name,Date"			
"Ai+,Ai+"	"Nova 5G,""Ai+"	Nova 5G	"(Purple, 128 GB)"",10999,purple,128,4,Pretty good,Good phone,Anonymous,1 month ago"			
"Ai+,Ai+"	"Nova 5G,""Ai+"	Nova 5G	"(Purple, 128 GB)"",10999,purple,128,5,Brilliant,Mobile is good in this price but while charging mobile hangs.,Moh"	ammed	"Najmi,"	9 months ago
"Ai+,Ai+"	"Nova 5G,""Ai+"	Nova 5G	"(Purple, 128 GB)"",10999,purple,128,4,Very Good,Ai+nova 5g is very good product,Anonymous,7 months ago"			
"Ai+,Ai+"	"Pulse 1,""Ai+"	Pulse 1	"(Black, 128 GB)"",9999,black,128,4,Pretty good,good,Bablu Pal,2 months ago"			
"Ai+,Ai+"	"Pulse 1,""Ai+"	Pulse 1	"(Black, 128 GB)"",9999,black,128,4,Delightful,Good mobile in this budget ?,Likhith Reddy M,2 months ago"			
"Ai+,Ai+"	"Pulse 1,""Ai+"	Pulse 1	"(Black, 128 GB)"",9999,black,128,5,Just wow!,NICE MOBILE FOR THIS PRICE,PRAKASH Soni,2 months ago"			
"Ai+,Ai+"	"Pulse 1,""Ai+"	Pulse 1	"(Black, 128 GB)"",9999,black,128,5,Perfect product!,Phone is very good ?? I am totally satisfied with phone thank"	you Fl	ipkart	"?? you can play bgmi on 40 fps there are so many frame drops but it's so okay thank you ai pulse company battery optimisation...,Ayesha siddiqa Simu,2 months ago"
"Ai+,Ai+"	"Pulse 1,""Ai+"	Pulse 1	"(Black, 128 GB)"",9999,black,128,3,Good,""Some apps are not supporting or working properly, vibration on screen is"	often	a prob	"lem. Camera quality is not good. Rest is not good but ok."",Ashok  Kumar Jha ,2 months ago"
"Ai+,Ai+"	"Pulse 1,""Ai+"	Pulse 1	"(Black, 128 GB)"",9999,black,128,4,Good quality product,It's an awesome phone overall..great budget phone..I like"	"it,Ra"	"hul,1 m"	onth ago
"Ai+,Ai+"	"Pulse 1,""Ai+"	Pulse 1	"(Black, 128 GB)"",9999,black,128,2,Moderate,Touch pannel issue,Bhanu Raj,1 month ago"			
"Ai+,Ai+"	"Pulse 1,""Ai+"	Pulse 1	"(Black, 128 GB)"",9999,black,128,3,Does the job,Camera quality is so bad not expected,Reetu Vij,2 months ago"			
"Ai+,Ai+"	"Pulse 1,""Ai+"	Pulse 1	"(Black, 128 GB)"",9999,black,128,4,Good choice,Nice phone at this price range.. phone is very responsive..no lag"	in day	to day	"task,Pankaj Panjiyar,10 months ago"
"Ai+,Ai+"	"Pulse 1,""Ai+"	Pulse 1	"(Black, 128 GB)"",9999,black,128,5,Super!,The best product in the badget,Anonymous,8 months ago"			
"Ai+,Ai+"	"Pulse 1,""Ai+"	Pulse 1	"(Black, 128 GB)"",9999,black,128,5,Brilliant,""Best smart phone"			
Camera	battery all a	"re good"""	",Anonymous,10 months ago"			
"Ai+,Ai+"	"Pulse 1,""Ai+"	Pulse 1	"(Black, 128 GB)"",9999,black,128,5,Terrific,Under price best mobile,Vimal Kumar,9 months ago"			
"Ai+,Ai+"	"Pulse 1,""Ai+"	Pulse 1	"(Black, 128 GB)"",9999,black,128,4,Very Good,This was a good phone ??????,Anonymous,4 months ago"			
"Ai+,Ai+"	"Pulse 1,""Ai+"	Pulse 1	"(Black, 128 GB)"",9999,black,128,4,Pretty good,Nice,Raghu  Naik,7 months ago"			
"Ai+,Ai+"	"Pulse 1,""Ai+"	Pulse 1	"(Black, 128 GB)"",9999,black,128,5,Fabulous!,Budget Friendly,Anonymous,9 months ago"			
"Ai+,Ai+"	"Pulse 1,""Ai+"	Pulse 1	"(Black, 128 GB)"",9999,black,128,4,Very Good,Only camera is average but all over the product is best in the price"	".,Anon"	"ymous,9"	months ago
"Ai+,Ai+"	"Pulse 1,""Ai+"	Pulse 1	"(Black, 128 GB)"",9999,black,128,4,Delightful,Nice mobile,Somveer Chauhan,9 months ago"			
"Ai+,Ai+"	"Pulse 1,""Ai+"	Pulse 1	"(Black, 128 GB)"",9999,black,128,5,Best in the market!,Very good phone,Flipkart Customer,9 months ago"			
"Ai+,Ai+"	"Pulse 1,""Ai+"	Pulse 1	"(Black, 128 GB)"",9999,black,128,5,Fabulous!,Super mobile thank you Flipkart in Madhav sir,Anonymous,9 months ago"			
"Ai+,Ai+"	"Pulse 1,""Ai+"	Pulse 1	"(Black, 128 GB)"",9999,black,128,4,Delightful,Good phone but price drop is required!!!,Anonymous,2 months ago"			
"Ai+,Ai+"	"Pulse 1,""Ai+"	Pulse 1	"(Black, 128 GB)"",9999,black,128,4,Wonderful,Good,Anonymous,2 months ago"			
"Ai+,Ai+"	"Pulse 1,""Ai+"	Pulse 1	"(Black, 128 GB)"",9999,black,128,4,Delightful,""First 'Nothing' experience!"			
Display	"is good,auto"	brightn	ess could have been optimized better!			
Cameras	are good but	inconsi	"stent;especially with hdr scenes,night mode seems like not working at all,peri..."",Anonymous,2 months ago"			
"Ai+,Ai+"	"Pulse 1,""Ai+"	Pulse 1	"(Black, 128 GB)"",9999,black,128,4,Really Nice,""Good camera performance( need more software optimisation for maxi"	mum ca	pacity	of the sensors. Battery need to optimized more for good battery backup
Design	??					
Perform	ance- decent					
Good so	ftware exper.	".."",Anur"	"udh sajeevan,2 months ago"			
"Ai+,Ai+"	"Pulse 1,""Ai+"	Pulse 1	"(Black, 128 GB)"",9999,black,128,4,Wonderful,Nice product,Anonymous,""May, 2024"""			
"Ai+,Ai+"	"Pulse 1,""Ai+"	Pulse 1	"(Black, 128 GB)"",9999,black,128,5,Fabulous!,Awesome ??,Anonymous,""Jan, 2025"""			
"Ai+,Ai+"	"Pulse 1,""Ai+"	Pulse 1	"(Black, 128 GB)"",9999,black,128,5,Super!,Satisfied,Anonymous,""Apr, 2025"""			
"Ai+,Ai+"	"Pulse 1,""Ai+"	Pulse 1	"(Black, 128 GB)"",9999,black,128,5,Just wow!,Value for money,Anonymous,7 months ago"			
"Ai+,Ai+"	"Pulse 1,""Ai+"	Pulse 1	"(Black, 64 GB)"",7999,black,,4,Good choice,Best item,Flipkart Customer,4 months ago"			
"Ai+,Ai+"	"Pulse 1,""Ai+"	Pulse 1	"(Black, 64 GB)"",7999,black,,5,Terrific,Very nice looking this phone...??,Anonymous,4 months ago"			
"Ai+,Ai+"	"Pulse 1,""Ai+"	Pulse 1	"(Black, 64 GB)"",7999,black,,5,Brilliant,Good,Flipkart Customer,6 months ago"			
"Ai+,Ai+"	"Pulse 1,""Ai+"	Pulse 1	"(Black, 64 GB)"",7999,black,64,5,Great product,Value for money. Nice phone. Everything is good.,Anonymous,10 mont"	hs ago		
"Ai+,Ai+"	"Pulse 1,""Ai+"	Pulse 1	"(Black, 64 GB)"",7999,black,64,4,Good quality product,""? Excellent value for money in this price range"			
? Smoot	h performance	for dai	ly use			
? Good	battery backu	p				
? Impre	ssive display	and des	ign			
						
? Camer	a quality is	average				
? Slow	charging (10W	charger	", arou..."",Hayatullah,2 months ago"			
"Ai+,Ai+"	"Pulse 1,""Ai+"	Pulse 1	"(Black, 64 GB)"",7999,black,64,5,Highly recommended,Good mobile,Flipkart Customer,2 months ago"			
"Ai+,Ai+"	"Pulse 1,""Ai+"	Pulse 1	"(Black, 64 GB)"",7999,black,64,5,Great product,Very good phone,Subhankar sarkar,2 months ago"			
"Ai+,Ai+"	"Pulse 1,""Ai+"	Pulse 1	"(Black, 64 GB)"",7999,black,64,5,Perfect product!,""Its some how good for the Prize, but it is of big in size and"	someti	mes i f	"ill laggy. Battery performance is very good and can able to use it for daily tusks but it takes some times to charge. Thanks ..."",Anonymous,2 months ago"
"Ai+,Ai+"	"Pulse 1,""Ai+"	Pulse 1	"(Black, 64 GB)"",7999,black,64,4,Pretty good,Product is good at this price point. Camera average and performance"	is jus	t ok. B	"attery too good because display average quality. This phone is perfect for aged person. But big blow for only 10 watt a...,Anupam Kushari,1 month ago"
"Ai+,Ai+"	"Pulse 1,""Ai+"	Pulse 1	"(Black, 64 GB)"",7999,black,64,5,Simply awesome,""What a mobile at this range only 5749"			
Ai+ giv	es superb fea	tures am	azingly			
Nice bu	dget phone fo	r my Pap	"a"",Amit Upadhyay,2 months ago"			
"Ai+,Ai+"	"Pulse 1,""Ai+"	Pulse 1	"(Black, 64 GB)"",7999,black,64,5,Super!,""Thank You So Much Madhav Sheth Sir for making such a good affordable pho"	nes fo	r us!	
Ai+ Pul	se 2 is a fan	tastic s	martphone power packed with all advance features.			
Deliver	y Partner is	also ver	"y nice and..."",Prashant Tripathi,2 months ago"			
"Ai+,Ai+"	"Pulse 1,""Ai+"	Pulse 1	"(Black, 64 GB)"",7999,black,64,5,Delightful,Best hai ????,Anonymous,2 months ago"			
"Ai+,Ai+"	"Pulse 1,""Ai+"	Pulse 1	"(Black, 64 GB)"",7999,black,64,5,Must buy!,Good phone at this price range.,Anonymous,2 months ago"			
"Ai+,Ai+"	"Pulse 1,""Ai+"	Pulse 1	"(Black, 64 GB)"",7999,black,,5,Awesome,Good looking ??,Anonymous,""Mar, 2025"""			
"Ai+,Ai+"	"Pulse 1,""Ai+"	Pulse 1	"(Black, 64 GB)"",7999,black,,5,Brilliant,Good,Sachin Narsale,""Sep, 2024"""			
"Ai+,Ai+"	"Pulse 1,""Ai+"	Pulse 1	"(Black, 64 GB)"",7999,black,,5,Fabulous!,""Super Battery life, styles"",Somanath  Sahoo ,""Oct, 2024"""			
"Ai+,Ai+"	"Pulse 1,""Ai+"	Pulse 1	"(Black, 64 GB)"",7999,black,,5,Excellent,I just love the product .. it is so useful for my dad.. my dad only like"	keypa	d phone	"but this phone has every feature which would I like personally .. I will highly recommend you ..Just go for it,MANASI MANJALKAR,""Mar, 2024"""
"Ai+,Ai+"	"Pulse 1,""Ai+"	Pulse 1	"(Black, 64 GB)"",7999,black,,3,Decent product,""Important note.-"			
This ph	one doesn't h	ave Blue	"tooth, stopwatch, timer."			
The cal	ling speaker	in earpi	"ece is more clear and louder from backside of the phone than front side. I don't get the point, bein..."",Bidhan A"	"tta,""M"	"ay, 202"	"4"""
"Ai+,Ai+"	"Pulse 1,""Ai+"	Pulse 1	"(Black, 64 GB)"",7999,black,,4,Delightful,Nice battery back up. Average camera ??,Anonymous,""Mar, 2024"""			
"Ai+,Ai+"	"Pulse 1,""Ai+"	Pulse 1	"(Black, 64 GB)"",7999,black,64,2,Slightly disappointed,This phone not working properly,Vamshi  Maddiboina ,3 mont"	hs ago		
"Ai+,Ai+"	"Pulse 1,""Ai+"	Pulse 1	"(Black, 64 GB)"",7999,black,64,5,Worth every penny,Nice product,Divyashree M,3 months ago"			
"Ai+,Ai+"	"Pulse 1,""Ai+"	Pulse 1	"(Black, 64 GB)"",7999,black,64,5,Perfect product!,Budget mobile,Sovit Samantara ,3 months ago"			
"Ai+,Ai+"	"Pulse 1,""Ai+"	Pulse 1	"(Black, 64 GB)"",7999,black,64,5,Wonderful,Awesome in this range,Flipkart Customer,1 month ago"			
"Ai+,Ai+"	"Pulse 1,""Ai+"	Pulse 1	"(Black, 64 GB)"",7999,black,64,3,Nice,Good,Num bahadur Adhikari ,2 months ago"			
"Ai+,Ai+"	"Pulse 1,""Ai+"	Pulse 1	"(Black, 64 GB)"",7999,black,64,4,Good choice,Best for budget phone,Flipkart Customer,2 months ago"			
"Ai+,Ai+"	"Pulse 1,""Ai+"	Pulse 1	"(Black, 64 GB)"",7999,black,64,4,Very Good,Good,N.. Sanjeet ,2 months ago"			
"Ai+,Ai+"	"Pulse 1,""Ai+"	Pulse 1	"(Black, 64 GB)"",7999,black,64,2,Expected a better product,Very slow.,Flipkart Customer,1 month ago"			
"Ai+,Ai+"	"Pulse 1,""Ai+"	Pulse 1	"(Black, 64 GB)"",7999,black,64,5,Highly recommended,Nice,Dharshini Abi,5 days ago"			
"Ai+,Ai+"	"Pulse 1,""Ai+"	Pulse 1	"(Black, 64 GB)"",7999,black,64,5,Perfect product!,All good.,Raj Gupta,5 days ago"			
"Ai+,Ai+"	"Pulse 1,""Ai+"	Pulse 1	"(Black, 64 GB)"",7999,black,,3,Does the job,Ok good,Hari Krishnan,13 days ago"			
"Ai+,Ai+"	"Pulse 1,""Ai+"	Pulse 1	"(Black, 64 GB)"",7999,black,,1,Did not meet expectations,Screen small??,Flipkart Customer,17 days ago"			
"Ai+,Ai+"	"Pulse 1,""Ai+"	Pulse 1	"(Black, 64 GB)"",7999,black,,5,Great product,""Nice Product,loved it."",Anonymous,""May, 2025"""			
"Ai+,Ai+"	"Pulse 1,""Ai+"	Pulse 1	"(Black, 64 GB)"",7999,black,,5,Terrific,Very super ??,Anonymous,8 months ago"			
"Ai+,Ai+"	"Pulse 1,""Ai+"	Pulse 1	"(Black, 64 GB)"",7999,black,,4,Value-for-money,Nice and compact phone. Actually very small. Audio is loud. FM wit"	hout h	eadphon	"e is a plus. Eye catchy due to its size.,Arshad Hussain,""Jun, 2020"""
"Ai+,Ai+"	"Pulse 1,""Ai+"	Pulse 1	"(Black, 64 GB)"",7999,black,,5,Awesome,""Such a good mini phone.....Great build design,.....earspkr sound is brill"	iant..	....voi	"ce change also there in call settings...we can also enable slient funtion which helps to silent swich on and off....."",Anonymous,""Dec, 2019"""
"Ai+,Ai+"	"Pulse 1,""Ai+"	Pulse 1	"(Black, 64 GB)"",7999,black,,5,Super!,Good,Anonymous,""Feb, 2020"""			
"Ai+,Ai+"	"Pulse 1,""Ai+"	Pulse 1	"(Black, 64 GB)"",7999,black,,5,Best in the market!,""nice product,, small phone the best"",Anonymous,""Sep, 2019"""			
"Ai+,Ai+"	"Pulse 1,""Ai+"	Pulse 1	"(Black, 64 GB)"",7999,black,,5,Best in the market!,awesome ?? mobile,Anonymous,""Jul, 2019"""			
"Ai+,Ai+"	"Pulse 1,""Ai+"	Pulse 1	"(Black, 64 GB)"",7999,black,,3,Just okay,""Overall Mobile is good but"			
The mid	dle and right	left to	"p and bottom switches wobble when the phone is shaken..."",Anonymous,""Sep, 2023"""			
"Ai+,Ai+"	"Pulse 1,""Ai+"	Pulse 1	"(Black, 64 GB)"",7999,black,,1,Useless product,""The product is not functioning at all. Whenever I switch on the p"	"hone,"	a white	"display is showing. No menu, no sms, no caller information is displaying. Too much disgusting matter and I think Flipkart..."",Dibyendu Roy,""Oct, 2023"""
"Ai+,Ai+"	"Pulse 1,""Ai+"	Pulse 1	"(Black, 64 GB)"",7999,black,,5,Great product,""There is a very good phone as much as the photo is showing,"			
in fact	there is a m	uch more	"beautiful phone and battery backup is just so good and sound quality is very clear and loud"",Anonymous,""Nov, 201"	"8"""		
"Ai+,Ai+"	"Pulse 1,""Ai+"	Pulse 1	"(Black, 64 GB)"",7999,black,,5,Great product,""best quality battery backup, best performance, SOUND QUALITY is ver"	y good	", and B"	"luetooth speaker and all function are best, best keypad phone for buy, ?? ?? ?? ?? if you want to buy this phone. so mus..."",Anonymous,""Aug, 2019"""
"Ai+,Ai+"	"Pulse 1,""Ai+"	Pulse 1	"(Black, 64 GB)"",7999,black,,3,Does the job,good,Anonymous,""May, 2019"""			
"Ai+,Ai+"	"Pulse 1,""Ai+"	Pulse 1	"(Black, 64 GB)"",7999,black,,5,Fabulous!,The mobile is superb and sleek and worth buying it THANK YOU FLIPKART..."	"??,Anon"	"ymous,"""	"Jan, 2019"""
"Ai+,Ai+"	"Pulse 1,""Ai+"	Pulse 1	"(Black, 64 GB)"",7999,black,,3,Good,Very nice product,Rabul Hussain,""Dec, 2020"""			
"Ai+,Ai+"	"Pulse 1,""Ai+"	Pulse 1	"(Black, 64 GB)"",7999,black,,4,Delightful,Nice budget phone nice to carry for parents,Flipkart Customer,""Dec, 202"	"4"""		
"Ai+,Ai+"	"Pulse 1,""Ai+"	Pulse 1	"(Black, 64 GB)"",7999,black,,5,Brilliant,Very nice product,Saroj Kumar  Sethi,""Oct, 2024"""			
"Ai+,Ai+"	"Pulse 1,""Ai+"	Pulse 1	"(Black, 64 GB)"",7999,black,,5,Super!,Nice phone in this price.,Sumit Tripathi,""Aug, 2020"""			
"Ai+,Ai+"	"Pulse 1,""Ai+"	Pulse 1	"(Black, 64 GB)"",7999,black,,3,Good,Good ?? product..for veluwal money,Flipkart Customer,9 months ago"			
"Ai+,Ai+"	"Pulse 1,""Ai+"	Pulse 1	"(Black, 64 GB)"",7999,black,,4,Really Nice,Nyc products,Bikash kumar behera,""Sep, 2020"""			
"Ai+,Ai+"	"Pulse 1,""Ai+"	Pulse 1	"(Black, 64 GB)"",7999,black,,5,Just wow!,Very Nice ??,Manoj Giri,10 months ago"			
"Ai+,Ai+"	"Pulse 1,""Ai+"	Pulse 1	"(Black, 64 GB)"",7999,black,,3,Fair,Memory card holder not good,Anonymous,8 months ago"			
"Ai+,Ai+"	"Pulse 1,""Ai+"	Pulse 1	"(Black, 64 GB)"",7999,black,,3,Just okay,Not bad,Sandip Halder,10 months ago"			
"Ai+,Ai+"	"Pulse 1,""Ai+"	Pulse 1	"(Black, 64 GB)"",7999,black,,5,Wonderful,Good,Rajendra singh,""Jan, 2025"""			
"Ai+,Ai+"	"Pulse 1,""Ai+"	Pulse 1	"(Black, 64 GB)"",7999,black,,5,Must buy!,Extremely good product and cheaper,Flipkart Customer,3 months ago"			
"Ai+,Ai+"	"Pulse 1,""Ai+"	Pulse 1	"(Black, 64 GB)"",7999,black,,5,Best in the market!,Very nice phone,Ganesh  Arjya ,8 months ago"			
"Ai+,Ai+"	"Pulse 1,""Ai+"	Pulse 1	"(Black, 64 GB)"",7999,black,,5,Mind-blowing purchase,That phone automatically switch off for using time,Ashok Kum"	"ar,10"	months	ago
"Ai+,Ai+"	"Pulse 1,""Ai+"	Pulse 1	"(Black, 64 GB)"",7999,black,,5,Must buy!,Useful ?? phone,Murari  Kumar ,11 months ago"			
"Ai+,Ai+"	"Pulse 1,""Ai+"	Pulse 1	"(Black, 64 GB)"",7999,black,,5,Great product,Super quality,Flipkart Customer,11 months ago"			
"Ai+,Ai+"	"Pulse 1,""Ai+"	Pulse 1	"(Black, 64 GB)"",7999,black,,5,Must buy!,Very good product,sonu patel Patel,11 months ago"			
"Ai+,Ai+"	"Pulse 1,""Ai+"	Pulse 1	"(Black, 64 GB)"",7999,black,,5,Simply awesome,Very good product ????,Anonymous,11 months ago"			
"Ai+,Ai+"	"Pulse 1,""Ai+"	Pulse 1	"(Black, 64 GB)"",7999,black,,4,Really Nice,Nice phone in this price range.,Anonymous,""Aug, 2019"""			
"Ai+,Ai+"	"Pulse 1,""Ai+"	Pulse 1	"(Black, 64 GB)"",7999,black,,4,Value-for-money,lava A1 josh battery and mobile phone are giving good performance."	",vikas"	"h pal,"""	"Jun, 2019"""
"Ai+,Ai+"	"Pulse 1,""Ai+"	Pulse 1	"(Black, 64 GB)"",7999,black,,5,Best in the market!,good,VISHWAS  DIVILKAR,""Jun, 2019"""			
"Ai+,Ai+"	"Pulse 1,""Ai+"	Pulse 1	"(Black, 64 GB)"",7999,black,,5,Awesome,Best mobile in this range my mom is very happy  to see this mobile ??????,"	Anonym	"ous,""Se"	"p, 2019"""
"Ai+,Ai+"	"Pulse 1,""Ai+"	Pulse 1	"(Black, 64 GB)"",7999,black,,5,Just wow!,This product is value for money. In this price it is amazing for basic p"	hone u	"sers.,A"	"nonymous,""Aug, 2019"""
"Ai+,Ai+"	"Pulse 1,""Ai+"	Pulse 1	"(Black, 64 GB)"",7999,black,,3,Just okay,VGA camera is no special. Display was good as texts were large and easy"	to see	. Ringt	"one was fairly louder. Battery backup good. 4/5 days for normal household usage. Overall good value for money if yo...,Babita Das,""Feb, 2020"""
"Ai+,Ai+"	"Pulse 1,""Ai+"	Pulse 1	"(Black, 64 GB)"",7999,black,,5,Excellent,excellent ??,Kuldeep Aggarwal,""Jun, 2019"""			
"Ai+,Ai+"	"Pulse 1,""Ai+"	Pulse 1	"(Black, 64 GB)"",7999,black,,4,Wonderful,I've taken this for my mother and she felt happy with it and easily usab"	le for	basic	"needs. thank you! To both lava and Flipkart ????,Srikanth Ballamudi,""Jul, 2019"""
"Ai+,Ai+"	"Pulse 1,""Ai+"	Pulse 1	"(Black, 64 GB)"",7999,black,,5,Simply awesome,""if you think that it's battery power 800mah so it's battery perfor"	mance	will be	"very bad,then you are wrong,it's battery performance is super, overall super phone????"",Anonymous,""Jan, 2020"""
"Ai+,Ai+"	"Pulse 1,""Ai+"	Pulse 1	"(Black, 64 GB)"",7999,black,,5,Super!,nice,Amulya Aj,""Aug, 2019"""			
"Ai+,Ai+"	"Pulse 1,""Ai+"	Pulse 1	"(Black, 64 GB)"",7999,black,,3,Just okay,Mobile is good and very light wait,Anonymous,7 months ago"			
"Ai+,Ai+"	"Pulse 1,""Ai+"	Pulse 1	"(Black, 64 GB)"",7999,black,,3,Nice,Just ok,Gopinath Gopinath Gopi gopi,6 months ago"			
"Ai+,Ai+"	"Pulse 1,""Ai+"	Pulse 1	"(Black, 64 GB)"",7999,black,,4,Good choice,""Call clarity is low , anyone buying it should really consider this ,"	i mean	this i	"s the only thing that matters in these phones"",Anuj Kumar,4 months ago"
"Ai+,Ai+"	"Pulse 1,""Ai+"	Pulse 1	"(Black, 64 GB)"",7999,black,,3,Could be way better,Worst thing,Flipkart Customer,6 months ago"			
"Ai+,Ai+"	"Pulse 1,""Ai+"	Pulse 1	"(Black, 64 GB)"",7999,black,,5,Fabulous!,value for money,Anonymous,8 months ago"			
"Ai+,Ai+"	"Pulse 1,""Ai+"	Pulse 1	"(Black, 64 GB)"",7999,black,,5,Best in the market!,Good ?? product..,Anonymous,""Mar, 2025"""			
"Ai+,Ai+"	"Pulse 1,""Ai+"	Pulse 1	"(Black, 64 GB)"",7999,black,,5,Must buy!,Good phone ??????,Vijay Sharma,10 months ago"			
"Ai+,Ai+"	"Pulse 1,""Ai+"	Pulse 1	"(Black, 64 GB)"",7999,black,,5,Terrific,Ok ok,Shivam singh Rajawat,4 months ago"			
"Ai+,Ai+"	"Pulse 1,""Ai+"	Pulse 1	"(Black, 64 GB)"",7999,black,,5,Awesome,Nice mobile and save budget ????,Flipkart Customer,4 months ago"			
"Ai+,Ai+"	"Pulse 1,""Ai+"	Pulse 1	"(Blue, 64 GB)"",7999,blue,64,4,Value-for-money,Best in budget ????,Anonymous,10 months ago"			
"Ai+,Ai+"	"Pulse 1,""Ai+"	Pulse 1	"(Blue, 64 GB)"",7999,blue,64,4,Value-for-money,Looks good,Anonymous,10 months ago"			
"Ai+,Ai+"	"Pulse 1,""Ai+"	Pulse 1	"(Blue, 64 GB)"",7999,blue,64,5,Wonderful,Product is good for this Budget under 5k,Mohamed  Shariff,10 months ago"			
"Ai+,Ai+"	"Pulse 1,""Ai+"	Pulse 1	"(Blue, 64 GB)"",7999,blue,64,5,Terrific purchase,Best phone ????,Anonymous,10 months ago"			
"Ai+,Ai+"	"Pulse 1,""Ai+"	Pulse 1	"(Blue, 64 GB)"",7999,blue,64,4,Pretty good,Initial impressions are good but need to check the durability and long"	term	perform	"ance,Ashish shaw,10 months ago"
"Ai+,Ai+"	"Pulse 1,""Ai+"	Pulse 1	"(Blue, 64 GB)"",7999,blue,64,5,Must buy!,""Best Budget Beast Totally Worth It"			
						
I have	been using th	e AI+ Pu	"lse for a while now, and I am genuinely surprised by the performance at this price. Smooth UI, quick app loading,"	and t	he disp	"lay feels..."",Shaker Darvajala,10 months ago"
"Ai+,Ai+"	"Pulse 1,""Ai+"	Pulse 1	"(Blue, 64 GB)"",7999,blue,64,5,Highly recommended,Best smartphone in budget Best in camera Best in performance Ma"	de in	India P	"roud India   you guys can also buy it,Anonymous,10 months ago"
"Ai+,Ai+"	"Pulse 1,""Ai+"	Pulse 1	"(Blue, 64 GB)"",7999,blue,64,5,Terrific purchase,Good for normal us,Anonymous,2 months ago"			
"Ai+,Ai+"	"Pulse 1,""Ai+"	Pulse 1	"(Blue, 64 GB)"",7999,blue,,4,Wonderful,Good looking.,Anonymous,""Feb, 2024"""			
"Ai+,Ai+"	"Pulse 1,""Ai+"	Pulse 1	"(Blue, 64 GB)"",7999,blue,,4,Value-for-money,""Product is very good,"",Pani mai Bankira ,""Mar, 2024"""			
"Ai+,Ai+"	"Pulse 1,""Ai+"	Pulse 1	"(Blue, 64 GB)"",7999,blue,,4,Worth the money,Ok,Prabhu Prabhu,""May, 2024"""			
"Ai+,Ai+"	"Pulse 1,""Ai+"	Pulse 1	"(Blue, 64 GB)"",7999,blue,,5,Mind-blowing purchase,""Awesome product at this price"			
Worth b	"uy"",Ashutosh"	"Solat,"""	"May, 2024"""			
"Ai+,Ai+"	"Pulse 1,""Ai+"	Pulse 1	"(Blue, 64 GB)"",7999,blue,,4,Really Nice,Good For Basic Usage,Anonymous,""May, 2019"""			
"Ai+,Ai+"	"Pulse 1,""Ai+"	Pulse 1	"(Blue, 64 GB)"",7999,blue,,5,Excellent Product,""Value for money.  Excellent Battery backup.  Very Good Tower Sign"	"al ,"	Very go	"od display,  Very Good voice Clarity.  Loud speaker. Overall Very good phone."",Suresh kumar K,""Nov, 2019"""
"Ai+,Ai+"	"Pulse 1,""Ai+"	Pulse 1	"(Blue, 64 GB)"",7999,blue,,5,Best in the market!,If you are looking for a budget bar/featured small handset to do"	your	daily c	"alls with longer battery mileage then this is the staff! Go buy it!,Anonymous,""Mar, 2021"""
"Ai+,Ai+"	"Pulse 1,""Ai+"	Pulse 1	"(Blue, 64 GB)"",7999,blue,,5,Best in the market!,very nice lava phone,Anonymous,""Sep, 2019"""			
"Ai+,Ai+"	"Pulse 1,""Ai+"	Pulse 1	"(Blue, 64 GB)"",7999,blue,,5,Worth every penny,good quality mobile phone,Anonymous,""Aug, 2019"""			
"Ai+,Ai+"	"Pulse 1,""Ai+"	Pulse 1	"(Blue, 64 GB)"",7999,blue,,5,Excellent,Nice product,Anonymous,""Sep, 2020"""			
"Ai+,Ai+"	"Pulse 1,""Ai+"	Pulse 1	"(Blue, 64 GB)"",7999,blue,,3,Fair,""Good display, good battery perfomanance, best gift for aged people. Easy to us"	"e, lig"	ht weig	"ht"",Bhavya Devu,""Jun, 2020"""
"Ai+,Ai+"	"Pulse 1,""Ai+"	Pulse 1	"(Blue, 64 GB)"",7999,blue,,5,Terrific purchase,awesome keypad set.. good battery backup.. nice look  ??,Anonymous,"	"""Aug,"	"2019"""	
"Ai+,Ai+"	"Pulse 1,""Ai+"	Pulse 1	"(Blue, 64 GB)"",7999,blue,,5,Terrific purchase,good,Sankirtan  Majhi ,""Jun, 2019"""			
"Ai+,Ai+"	"Pulse 1,""Ai+"	Pulse 1	"(Blue, 64 GB)"",7999,blue,,5,Terrific,""Beautiful look, excellent working, long-life battery, value of money n mor"	e.....	""",Anony"	"mous,""Jul, 2020"""
"Ai+,Ai+"	"Pulse 1,""Ai+"	Pulse 1	"(Blue, 64 GB)"",7999,blue,,4,Delightful,Nice,Anonymous,""Jun, 2022"""			
"Ai+,Ai+"	"Pulse 1,""Ai+"	Pulse 1	"(Blue, 64 GB)"",7999,blue,,5,Worth every penny,Very good product minimum money benefit so high,Anonymous,""Mar, 20"	"22"""		
"Ai+,Ai+"	"Pulse 1,""Ai+"	Pulse 1	"(Blue, 64 GB)"",7999,blue,,5,Best in the market!,Nice phone??,Anonymous,""Jun, 2022"""			
"Ai+,Ai+"	"Pulse 1,""Ai+"	Pulse 1	"(Blue, 64 GB)"",7999,blue,,5,Terrific purchase,Very nice ??????,Anonymous,""May, 2022"""			
"Ai+,Ai+"	"Pulse 1,""Ai+"	Pulse 1	"(Blue, 64 GB)"",7999,blue,,3,Nice,""The phone is good looking and feels compact in hand inspite of having a huge b"	attery	. But t	"he call audio quality in handset mode or handsfree is very poor, one can't even make out what is being said t..."",Suvayu Das,""Jun, 2022"""
"Ai+,Ai+"	"Pulse 1,""Ai+"	Pulse 1	"(Blue, 64 GB)"",7999,blue,,5,Terrific,Mind blowing Mobile... Sound quality is very good..... ??,Anonymous,""May, 2"	"022"""		
"Ai+,Ai+"	"Pulse 1,""Ai+"	Pulse 1	"(Blue, 64 GB)"",7999,blue,,5,Terrific purchase,Nyc ??,Anonymous,""Jul, 2022"""			
"Ai+,Ai+"	"Pulse 1,""Ai+"	Pulse 1	"(Blue, 64 GB)"",7999,blue,128,4,Delightful,Nice phone,Flipkart Rajesh Reddy ,9 months ago"			
"Ai+,Ai+"	"Pulse 1,""Ai+"	Pulse 1	"(Blue, 64 GB)"",7999,blue,128,5,Terrific,Nice,Anonymous,5 months ago"			
"Ai+,Ai+"	"Pulse 1,""Ai+"	Pulse 1	"(Blue, 64 GB)"",7999,blue,128,4,Worth the money,Anyways Great Phone for the Price. RAM and ROM are the best !! Ca"	n't op	en hidd	"en apps. Should upgrade Settings and also add New and Premium Themes. A Great Phone to be Made in India,Flipkart Customer,6 months ago"
"Ai+,Ai+"	"Pulse 1,""Ai+"	Pulse 1	"(Blue, 64 GB)"",7999,blue,128,5,Wonderful,I've used this phone for the last 3 days it's good for normal task not"	for ha	vy task	"value for money,Rishav Chowdhury,10 months ago"
"Ai+,Ai+"	"Pulse 1,""Ai+"	Pulse 1	"(Blue, 64 GB)"",7999,blue,128,3,Fair,It is good but performance bad,Keshava Reddy,10 months ago"			
"Ai+,Ai+"	"Pulse 1,""Ai+"	Pulse 1	"(Blue, 64 GB)"",7999,blue,128,2,Moderate,""Camera Quality very bad ??"			
						
Please	do not buy fo	r photog	raphy purpose			
The bat	tery drains s	"o fast,"				
Taking	a lot of time	to char	ge as 15W charger			
Design	is good ??					
I gave	this phone to	my sist	"er as a ..."",FRANKLEEN MICHAEL,8 months ago"			
"Ai+,Ai+"	"Pulse 1,""Ai+"	Pulse 1	"(Blue, 64 GB)"",7999,blue,,4,Value-for-money,Good,Rajeswari Boreddy,""Jul, 2024"""			
"Ai+,Ai+"	"Pulse 1,""Ai+"	Pulse 1	"(Blue, 64 GB)"",7999,blue,,5,Classy product,Good product and superios experience,Flipkart Customer,""Feb, 2024"""			
"Ai+,Ai+"	"Pulse 1,""Ai+"	Pulse 1	"(Blue, 64 GB)"",7999,blue,,5,Perfect product!,Small phone and very good product,Anonymous,5 months ago"			
"Ai+,Ai+"	"Pulse 1,""Ai+"	Pulse 1	"(Blue, 64 GB)"",7999,blue,,5,Highly recommended,Uss phone,Flipkart Customer,""May, 2025"""			
"Ai+,Ai+"	"Pulse 1,""Ai+"	Pulse 1	"(Blue, 64 GB)"",7999,blue,,5,Simply awesome,Good ??,Anonymous,""Nov, 2024"""			
"Ai+,Ai+"	"Pulse 1,""Ai+"	Pulse 1	"(Blue, 64 GB)"",7999,blue,,2,Moderate,Phone not possible charging. Very bad product. No one purchase this product"	",Shaij"	u  Pill	"ai,1 month ago"
"Ai+,Ai+"	"Pulse 1,""Ai+"	Pulse 1	"(Blue, 64 GB)"",7999,blue,,3,Decent product,Good,Flipkart Customer,10 days ago"			
"Ai+,Ai+"	"Pulse 1,""Ai+"	Pulse 1	"(Blue, 64 GB)"",7999,blue,,5,Worth every penny,Pesa Wasul product,Manish Jaiswal,11 days ago"			
"Ai+,Ai+"	"Pulse 1,""Ai+"	Pulse 1	"(Blue, 64 GB)"",7999,blue,128,4,Pretty good,Good,Flipkart Customer,9 months ago"			
"Ai+,Ai+"	"Pulse 1,""Ai+"	Pulse 1	"(Blue, 64 GB)"",7999,blue,128,3,Fair,""The device performs well overall, but the battery life is a major drawback."			
						
						
1. With	normal usage	", the ba"	ttery doesn't even last 12-14 hours.			
						
2. Ther	e's approxima	tely a 2	"0% drain overnight while in ..."",Bheru Lal Lohar,9 months ago"			
"Ai+,Ai+"	"Pulse 1,""Ai+"	Pulse 1	"(Blue, 64 GB)"",7999,blue,128,5,Worth every penny,Wow,Anonymous,9 months ago"			
"Ai+,Ai+"	"Pulse 1,""Ai+"	Pulse 1	"(Blue, 64 GB)"",7999,blue,128,4,Worth the money,Nice phone,Joydeb sarkar,9 months ago"			
"Ai+,Ai+"	"Pulse 1,""Ai+"	Pulse 1	"(Blue, 64 GB)"",7999,blue,,4,Really Nice,Battery Backup is very good. Although feels bulky but good to hold. Very"	simpl	e only	"for calling purpose and nicely work as torch as it has 4 LED bulbs on the top. Torch light is adjustable with Centr...,Shuchi Kashyap,""Oct, 2023"""
"Ai+,Ai+"	"Pulse 1,""Ai+"	Pulse 1	"(Blue, 64 GB)"",7999,blue,,5,Great product,This is a superb key pad mobile... Very nice performance...,Ashish kum"	ar Gup	"ta,""Feb"	", 2024"""
"Ai+,Ai+"	"Pulse 1,""Ai+"	Pulse 1	"(Blue, 64 GB)"",7999,blue,,4,Very Good,Nice product value for money,Virender  Singh ,""Oct, 2023"""			
"Ai+,Ai+"	"Pulse 1,""Ai+"	Pulse 1	"(Blue, 64 GB)"",7999,blue,,3,Just okay,Torch light is not working,Adithya y Harsha,""Oct, 2024"""			
"Ai+,Ai+"	"Pulse 1,""Ai+"	Pulse 1	"(Blue, 64 GB)"",7999,blue,,5,Wonderful,Excellent product,Hasan  Mohamed,5 months ago"			
"Ai+,Ai+"	"Pulse 1,""Ai+"	Pulse 1	"(Blue, 64 GB)"",7999,blue,,5,Must buy!,Over all Good... Specially Battery performance is very Good... Torch also"	powerf	"ul..,JY"	"OTIRMOY  DATTA ,""May, 2025"""
"Ai+,Ai+"	"Pulse 1,""Ai+"	Pulse 1	"(Blue, 64 GB)"",7999,blue,,5,Terrific purchase,Thank you Flipkart,Bhaiya sonawane ..,""Aug, 2024"""			
"Ai+,Ai+"	"Pulse 1,""Ai+"	Pulse 1	"(Blue, 64 GB)"",7999,blue,,5,Worth every penny,""Very nice mobile I bought it for my father he is very happy by re"	ceivin	g this	phone.....
						
Osom mo	bile					
Thankyo	u flipkart fo	r this m	"obile 0hone"",MOHAMMAD FEROZ,""May, 2024"""			
"Ai+,Ai+"	"Pulse 1,""Ai+"	Pulse 1	"(Blue, 64 GB)"",7999,blue,128,4,Value-for-money,Nice photo,Anonymous,""Aug, 2024"""			
"Ai+,Ai+"	"Pulse 1,""Ai+"	Pulse 1	"(Blue, 64 GB)"",7999,blue,128,5,Wonderful,Amezing  camera and all over best phone??,Anonymous,""Nov, 2024"""			
"Ai+,Ai+"	"Pulse 1,""Ai+"	Pulse 1	"(Blue, 64 GB)"",7999,blue,256,5,Must buy!,Using this Iphone 15 from 1month and it has best Camera,Anonymous,""Apr,"	"2024"""		
"Ai+,Ai+"	"Pulse 1,""Ai+"	Pulse 1	"(Blue, 64 GB)"",7999,blue,128,5,Worth every penny,Awesome photography experience. Battery backup is good . Displa"	y is m	uch bet	"ter than 14 version.,Anonymous,""Jan, 2024"""
"Ai+,Ai+"	"Pulse 1,""Ai+"	Pulse 1	"(Blue, 64 GB)"",7999,blue,128,5,Excellent,""Awesome product very happy to hold this. Better In hand feel,matte fin"	ish.		
Good ca	"mera, Brighte"	r screen	"with Dynamic Island, USB-C, great battery life."			
						
60Hz di	splay is a de	albreake	"r for some.Its not..."",Anonymous,""Feb, 2024"""			
"Ai+,Ai+"	"Pulse 1,""Ai+"	Pulse 1	"(Blue, 64 GB)"",7999,blue,,5,Nice,Nice product,Tapas  Sen,3 months ago"			
"Ai+,Ai+"	"Pulse 1,""Ai+"	Pulse 1	"(Blue, 64 GB)"",7999,blue,,4,Delightful,God product,Rahul Jaykar,1 month ago"			
"Ai+,Ai+"	"Pulse 1,""Ai+"	Pulse 1	"(Blue, 64 GB)"",7999,blue,,4,Worth the money,""we all purchase kaypad phones for our parents,what will happen if p"	arents	can se	"e whose calling, same prob is there in this phone.During incoming call, my mom is not able to read who is calling, bcz f..."",MANU  SHARMA,1 month ago"
"Ai+,Ai+"	"Pulse 1,""Ai+"	Pulse 1	"(Blue, 64 GB)"",7999,blue,,5,Just wow!,Good,Rajnish Kumar,1 month ago"			
"Ai+,Ai+"	"Pulse 1,""Ai+"	Pulse 1	"(Blue, 64 GB)"",7999,blue,,5,Highly recommended,""Good display good battery backup"			
Good pe	rformance					
Thank y	ou Flipkart t	"eam"",Ano"	"nymous,1 month ago"			
"Ai+,Ai+"	"Pulse 1,""Ai+"	Pulse 1	"(Blue, 64 GB)"",7999,blue,,5,Best in the market!,All are good,ANWAR  ALAM,1 month ago"			
"Ai+,Ai+"	"Pulse 1,""Ai+"	Pulse 1	"(Blue, 64 GB)"",7999,blue,,1,Absolute rubbish!,It is waste mobile it is not working properly sound problem Flipka"	rt may	not re	"turn policy it is waste of time and money,madhu  sudhana,2 days ago"
"Ai+,Ai+"	"Pulse 1,""Ai+"	Pulse 1	"(Blue, 64 GB)"",7999,blue,,5,Perfect product!,Super,Sameer Sd,3 days ago"			
"Ai+,Ai+"	"Pulse 1,""Ai+"	Pulse 1	"(Blue, 64 GB)"",7999,blue,,2,Expected a better product,""Too light weight mobile.it is a Chinese piece not a moto"	piece.	voice i	"s too low, battery backup also bad.earphones are not supporting.One thing is good easy to operate."",krish,3 days ago"
"Ai+,Ai+"	"Pulse 1,""Ai+"	Pulse 1	"(Blue, 64 GB)"",7999,blue,,5,Awesome,Ok,ujjawal kumar,4 days ago"			
"Ai+,Ai+"	"Pulse 1,""Ai+"	Pulse 1	"(Green, 64 GB)"",7999,green,,5,Worth every penny,Awsome.,Basava Basavaraja,""Nov, 2024"""			
"Ai+,Ai+"	"Pulse 1,""Ai+"	Pulse 1	"(Green, 64 GB)"",7999,green,,5,Fabulous!,""Super product.long life battery.4 sim spot"			
Dubble	antinna.big S	picer so	und. Long time battery life ??.  Love ?? u ringme company			
Super h	ero ?? product	""",Parvee"	"n  Sharma ,""Dec, 2024"""			
"Ai+,Ai+"	"Pulse 1,""Ai+"	Pulse 1	"(Green, 64 GB)"",7999,green,,4,Nice product,Good product,Madina infocome  Digital point ,""Dec, 2024"""			
"Ai+,Ai+"	"Pulse 1,""Ai+"	Pulse 1	"(Green, 64 GB)"",7999,green,,5,Highly recommended,Battery backup just wow nice phone and future mobile in this bu"	"gate,A"	nonymou	"s,2 months ago"
"Ai+,Ai+"	"Pulse 1,""Ai+"	Pulse 1	"(Green, 64 GB)"",7999,green,,5,Best in the market!,super must buy..battery back up good,Prasanna G,""Jun, 2024"""			
"Ai+,Ai+"	"Pulse 1,""Ai+"	Pulse 1	"(Green, 64 GB)"",7999,green,,5,Just wow!,Best set,Sikandar Kumar,""Aug, 2024"""			
"Ai+,Ai+"	"Pulse 1,""Ai+"	Pulse 1	"(Green, 64 GB)"",7999,green,,4,Wonderful,Very nice product.,SANDEEPKUMAR PATRA,""Jul, 2024"""			
"Ai+,Ai+"	"Pulse 1,""Ai+"	Pulse 1	"(Green, 64 GB)"",7999,green,,4,Pretty good,""Design, battery ??. quality ?? bahut hi lite weight"",Rahamat Sk,""Sep, 2"	"024"""		
"Ai+,Ai+"	"Pulse 1,""Ai+"	Pulse 1	"(Green, 64 GB)"",7999,green,,5,Worth every penny,Nice photo ????,Anonymous,""Jan, 2025"""			
"Ai+,Ai+"	"Pulse 1,""Ai+"	Pulse 1	"(Green, 64 GB)"",7999,green,,5,Excellent,Nice,Anonymous,9 months ago"			
"Ai+,Ai+"	"Pulse 1,""Ai+"	Pulse 1	"(Green, 64 GB)"",7999,green,64,4,Really Nice,It's good for the budget segment,N K NARESH KUMAR,3 months ago"			
"Ai+,Ai+"	"Pulse 1,""Ai+"	Pulse 1	"(Green, 64 GB)"",7999,green,64,3,Fair,The sensor of the phone is not working properly at all,Rani Gupta,4 months"	ago		
"Ai+,Ai+"	"Pulse 1,""Ai+"	Pulse 1	"(Green, 64 GB)"",7999,green,64,5,Excellent,Nice mobile phone with good camera quality and features,Flipkart Custo"	"mer,2"	months	ago
"Ai+,Ai+"	"Pulse 1,""Ai+"	Pulse 1	"(Green, 64 GB)"",7999,green,64,5,Mind-blowing purchase,It is worth for that amount.,Bugi Prakash ,2 months ago"			
"Ai+,Ai+"	"Pulse 1,""Ai+"	Pulse 1	"(Green, 64 GB)"",7999,green,64,5,Awesome,Very good product,rajagopal pothamshetty,2 months ago"			
"Ai+,Ai+"	"Pulse 1,""Ai+"	Pulse 1	"(Green, 64 GB)"",7999,green,64,4,Good quality product,Best Samsung profomance device under this buget,Flipkart Cu"	stomer	",7 mont"	hs ago
"Ai+,Ai+"	"Pulse 1,""Ai+"	Pulse 1	"(Green, 64 GB)"",7999,green,64,5,Excellent,Value for money deal but UI a bit lagging on continuous usage,Anonymou"	"s,7 mo"	nths ag	o
"Ai+,Ai+"	"Pulse 1,""Ai+"	Pulse 1	"(Green, 64 GB)"",7999,green,64,5,Fabulous!,Very good as consider the price (g99 chip ) good performance,Bibhu Das"	",7 mon"	ths ago	
"Ai+,Ai+"	"Pulse 1,""Ai+"	Pulse 1	"(Green, 64 GB)"",7999,green,64,5,Terrific,""want secondary phone....sure go for it..."			
Premium	"look...."",An"	"onymous,"	7 months ago			
"Ai+,Ai+"	"Pulse 1,""Ai+"	Pulse 1	"(Green, 64 GB)"",7999,green,64,5,Worth every penny,""Nice Samsung Galaxy F07 Phone"			
Please	"Try Again.."","	Anonymou	"s,6 months ago"			
"Ai+,Ai+"	"Pulse 1,""Ai+"	Pulse 1	"(Green, 64 GB)"",7999,green,64,5,Fabulous!,The mobile is good. Great product. I liked it. Best offer of Diwali. G"	et it	"soon.,A"	"nonymous,7 months ago"
"Ai+,Ai+"	"Pulse 1,""Ai+"	Pulse 1	"(Green, 64 GB)"",7999,green,64,5,Wonderful,Good ??,Soumen Shikari,7 months ago"			
"Ai+,Ai+"	"Pulse 1,""Ai+"	Pulse 1	"(Green, 64 GB)"",7999,green,64,4,Very Good,Good mobile. If willing to buy for parents it's good with low budget,K"	rishna	",6 mont"	hs ago
"Ai+,Ai+"	"Pulse 1,""Ai+"	Pulse 1	"(Green, 64 GB)"",7999,green,64,5,Fabulous!,Value for money,GSP  Chakravarthy,7 months ago"			
"Ai+,Ai+"	"Pulse 1,""Ai+"	Pulse 1	"(Green, 64 GB)"",7999,green,64,5,Super!,Nice phone according to price ....can buy it...,himanshu singh,7 months a"	go		
"Ai+,Ai+"	"Pulse 1,""Ai+"	Pulse 1	"(Green, 64 GB)"",7999,green,,4,Great product,Very good,Alekha Sahu,""Jan, 2025"""			
"Ai+,Ai+"	"Pulse 1,""Ai+"	Pulse 1	"(Green, 64 GB)"",7999,green,,5,Highly recommended,Good Good,Joseph  Thomas ,""Jan, 2025"""			
"Ai+,Ai+"	"Pulse 1,""Ai+"	Pulse 1	"(Green, 64 GB)"",7999,green,,4,Worth the money,nice best  bhelufar moniey,Pahal Singh Dangi,""Jan, 2025"""			
"Ai+,Ai+"	"Pulse 1,""Ai+"	Pulse 1	"(Green, 64 GB)"",7999,green,,2,Slightly disappointed,Kabad hai very bad quality,Deepak Chhabra,""Feb, 2025"""			
"Ai+,Ai+"	"Pulse 1,""Ai+"	Pulse 1	"(Green, 64 GB)"",7999,green,,5,Highly recommended,Excellent,Judhistir Kumar,""Jan, 2025"""			
"Ai+,Ai+"	"Pulse 1,""Ai+"	Pulse 1	"(Green, 64 GB)"",7999,green,,3,Nice,Battery problem,Samsang  Shyam,""Jan, 2025"""			
"Ai+,Ai+"	"Pulse 2,""Ai+"	Pulse 2	"(Green, 128 GB)"",9999,green,128,5,Simply awesome,""Superb quality...just got at effective price of 6700"			
Batter	y backup is v	ery good	"."",Anonymous,3 months ago"			
"Ai+,Ai+"	"Pulse 2,""Ai+"	Pulse 2	"(Green, 128 GB)"",9999,green,128,5,Mind-blowing purchase,Nice product,Flipkart Customer,8 months ago"			
"Ai+,Ai+"	"Pulse 2,""Ai+"	Pulse 2	"(Green, 128 GB)"",9999,green,128,5,Excellent,Very good for this low proce,Anonymous,7 months ago"			
"Ai+,Ai+"	"Pulse 2,""Ai+"	Pulse 2	"(Green, 128 GB)"",9999,green,128,4,Good choice,Very nice,Anonymous,""Oct, 2023"""			
"Ai+,Ai+"	"Pulse 2,""Ai+"	Pulse 2	"(Pink, 128 GB)"",9999,pink,64,5,Excellent,Please Support Indian brand,kishor  patidar,9 months ago"			
"Ai+,Ai+"	"Pulse 2,""Ai+"	Pulse 2	"(Pink, 128 GB)"",9999,pink,128,5,Great product,""Such a good smart phone in your pocket budget..."			
Thank y	"ou flipkart"","	Anonymou	"s,1 month ago"			
"Ai+,Ai+"	"Pulse 2,""Ai+"	Pulse 2	"(Pink, 128 GB)"",9999,pink,128,4,Good choice,According to the budget this is quiet enough,Anonymous,5 months ago"			
"Ai+,Ai+"	"Pulse 2,""Ai+"	Pulse 2	"(Pink, 128 GB)"",9999,pink,128,5,Wonderful,Very nice phone in bajet pri,PRASAD WAGHMARE,8 months ago"			
"Ai+,Ai+"	"Pulse 2,""Ai+"	Pulse 2	"(Pink, 128 GB)"",9999,pink,,4,Delightful,good,Anonymous,""Sep, 2019"""			
"Ai+,Ai+"	"Pulse 2,""Ai+"	Pulse 2	"(Pink, 128 GB)"",9999,pink,,5,Highly recommended,Dream phone,Anonymous,""Nov, 2018"""			
"Ai+,Ai+"	"Pulse 2,""Ai+"	Pulse 2	"(Pink, 128 GB)"",9999,pink,,5,Best in the market!,Veryy nice looking mobail ???? pink colour so amazing ????????????,Anon"	"ymous,"	"""Mar, 2"	"021"""
"Ai+,Ai+"	"Pulse 2,""Ai+"	Pulse 2	"(Pink, 128 GB)"",9999,pink,128,5,Just wow!,Awesome ??????,Anonymous,""Apr, 2024"""			
"Ai+,Ai+"	"Pulse 2,""Ai+"	Pulse 2	"(Pink, 128 GB)"",9999,pink,256,5,Excellent,Suits me,Anonymous,1 month ago"			
"Ai+,Ai+"	"Pulse 2,""Ai+"	Pulse 2	"(Pink, 128 GB)"",9999,pink,128,5,Wonderful,such a beautiful color ??????,Anonymous,7 months ago"			
"Ai+,Ai+"	"Pulse 2,""Ai+"	Pulse 2	"(Pink, 128 GB)"",9999,pink,128,4,Pretty good,Super ??,Anonymous,7 months ago"			
"Ai+,Ai+"	"Pulse 2,""Ai+"	Pulse 2	"(Pink, 128 GB)"",9999,pink,128,5,Brilliant,Doing good as of now!,Anonymous,""Apr, 2025"""			
"Ai+,Ai+"	"Pulse 2,""Ai+"	Pulse 2	"(Purple, 64 GB)"",8999,purple,64,4,Value-for-money,""Good product value money..??"			
Next qu	antum OS desi	gn same	like realme ui			
Best os	", no unwanted"	"ads, an"	d bloating app.			
Securit	y best.No own	file me	"dia app,vedio app, and song app"",Anonymous,9 months ago"			
"Ai+,Ai+"	"Pulse 2,""Ai+"	Pulse 2	"(Purple, 64 GB)"",8999,purple,,5,Just wow!,Good,Anonymous,""Jan, 2024"""			
"Ai+,Ai+"	"Pulse 2,""Ai+"	Pulse 2	"(Purple, 64 GB)"",8999,purple,,5,Mind-blowing purchase,Good quality,Athira  sanoj,""Nov, 2023"""			
Alcatel	",Alcatel V3 P"	"ro 5G,""A"	"lcatel V3 Pro 5G (Matcha Green, 256 GB)"",13999,matcha green,256,5,Super!,Mobile is best for this Price range. Nev"	er com	pit any	"brand for this specifications with this price. I buy this for 8200 on BBD sale. Display is also different from another all mobiles. It is matt fin...,tapan patel,7 months ago"
Alcatel	",Alcatel V3 P"	"ro 5G,""A"	"lcatel V3 Pro 5G (Matcha Green, 256 GB)"",13999,matcha green,256,4,Really Nice,Asome it's very good,ANTONY  SAMY,6"	month	s ago	
Alcatel	",Alcatel V3 P"	"ro 5G,""A"	"lcatel V3 Pro 5G (Matcha Green, 256 GB)"",13999,matcha green,256,4,Worth the money,Very nice product good brand my"	first	using	"mobile company in 2003 Alcatell bran,Jam jam venkata Seshagirirao,6 months ago"
"Apple,A"	pple iPhone 1	"6,""Apple"	"iPhone 16 (White, 128 GB)"",69900,white,,5,Awesome,Fantastic,Amanat Khan,7 months ago"			
"Apple,A"	pple iPhone 1	"6,""Apple"	"iPhone 16 (White, 128 GB)"",69900,white,,3,Just okay,""UI is complicated,  other things are fine. If you're buying"	for o	ld peop	"le then you can avoid it done to complex UI."",Kaushlendra Tiwari,21 days ago"
"Apple,A"	pple iPhone 1	"6,""Apple"	"iPhone 16 (White, 128 GB)"",69900,white,256,4,Wonderful,Battery backup normal,Anonymous,1 month ago"			
"Apple,A"	pple iPhone 1	"6,""Apple"	"iPhone 16 (White, 128 GB)"",69900,white,256,5,Terrific,Nice phone,Anonymous,2 months ago"			
"Apple,A"	pple iPhone 1	"6,""Apple"	"iPhone 16 (White, 128 GB)"",69900,white,256,4,Delightful,""Pros:"			
-120Hz	"display , sup"	er brigh	"t, amazing colour contrast"			
#NAME?	attery					
#NAME?	ent cameras					
#NAME?	g fast proces	sor				
#NAME?	build quality					
						
Cons:						
#NAME?	y restraint t	o 80HZ m	ostly			
#NAME?	"hough it ..."""	",Anonymo"	"us,7 months ago"			
"Apple,A"	pple iPhone 1	"6,""Apple"	"iPhone 16 (White, 128 GB)"",69900,white,128,5,Wonderful,""Camra..bawal ??"			
Design.	..fadu ??					
Battery	... Good ????					
Button.	.. Mst ??					
Haptics	"...tagda ????"","	Anonymou	"s,2 months ago"			
"Apple,A"	pple iPhone 1	"6,""Apple"	"iPhone 16 (White, 128 GB)"",69900,white,256,4,Pretty good,""This is an honest unpaid review, so you can definitely"	trust	"this,"	"first of all I'll start with camera i don't understand what is the problem with the camera it is so bad at 1x but in 3.5x it's amazin..."",Anonymous,1 month ago"
"Apple,A"	pple iPhone 1	"6,""Apple"	"iPhone 16 (White, 128 GB)"",69900,white,256,4,Wonderful,So I have been using this phone about 15 days and so far"	so my	experie	"nce is very good camera is inconsistent but gives you very expressive output most of the time and display is very good very sharp ...,Anonymous,1 month ago"
"Apple,A"	pple iPhone 1	"6,""Apple"	"iPhone 16 (White, 128 GB)"",69900,white,256,5,Best in the market!,First impression was Design Design Design very"	"Good,A"	nonymou	"s,2 months ago"
"Apple,A"	pple iPhone 1	"6,""Apple"	"iPhone 16 (White, 128 GB)"",69900,white,256,5,Classy product,Nothing 4a is the best phone.. Good experience.valua"	ble ph	"one,Rah"	"ul Manjarekar,2 months ago"
"Apple,A"	pple iPhone 1	"7,""Apple"	"iPhone 17 (Black, 256 GB)"",82900,black,256,5,Super!,One of the best phone ??,Anonymous,3 months ago"			
"Apple,A"	pple iPhone 1	"7,""Apple"	"iPhone 17 (Black, 256 GB)"",82900,black,256,5,Best in the market!,""Go for it reviewing after 10 days of use."			
Used al	most every br	and phon	es you feel unique.			
My pref	erence skip 4	a pro go	"with 4a 256 variant."",Anonymous,2 months ago"			
"IQOO,IQ"	"OO Z11x 5G,""I"	QOO Z11x	"5G (Prismatic Green, 128 GB)"",21900,prismatic green,128,5,Mind-blowing purchase,Very nice phone,Flipkart Custome"	"r,1 mo"	nth ago	
"IQOO,IQ"	"OO Z11x 5G,""I"	QOO Z11x	"5G (Prismatic Green, 128 GB)"",21900,prismatic green,128,5,Worth every penny,Better device in this price nice but"	SD mi	ssing B	"attery stands for 18 hrs,Flipkart Customer,1 month ago"
"IQOO,IQ"	"OO Z11x 5G,""I"	QOO Z11x	"5G (Prismatic Green, 128 GB)"",21900,prismatic green,128,5,Wonderful,Best phone but need more good looking with t"	he des	"ign,Tap"	"an Santra,1 month ago"
"IQOO,IQ"	"OO Z11x 5G,""I"	QOO Z11x	"5G (Prismatic Green, 128 GB)"",21900,prismatic green,128,5,Excellent,Best Phone Iqoo z11x This value for money Al"	l Good	",Anonym"	"ous,1 month ago"
"IQOO,IQ"	"OO Z11x 5G,""I"	QOO Z11x	"5G (Prismatic Green, 128 GB)"",21900,prismatic green,128,5,Mind-blowing purchase,Very good mobile,Anonymous,1 mon"	th ago		
"IQOO,IQ"	"OO Z11x 5G,""I"	QOO Z11x	"5G (Prismatic Green, 128 GB)"",21900,prismatic green,128,5,Perfect product!,Best iqoo phone,Anonymous,8 days ago"			
"IQOO,IQ"	"OO Z11x 5G,""I"	QOO Z11x	"5G (Prismatic Green, 128 GB)"",21900,prismatic green,128,5,Great product,Good phone battery is heavy 2 Day batter"	y back	"up,Flip"	"kart Customer,1 month ago"
"IQOO,IQ"	"OO Z11x 5G,""I"	QOO Z11x	"5G (Prismatic Green, 128 GB)"",21900,prismatic green,128,5,Mind-blowing purchase,Good product,taiyub ullah,1 mont"	h ago		
MOTOROL	"A,MOTOROLA Ed"	ge 60 Fu	"sion 5G,""MOTOROLA Edge 60 Fusion 5G (PANTONE Amazonite, 128 GB)"",22999,pantone amazonite,256,5,Terrific purchase,"	"""Great"	produc	t by Motorola with all-round specifications...
Really	loved it ??					
Display	-1					
Perform	ance - 9/10					
Battery	-0.9					
Camera	-0.95					
Sound -	10-Oct					
Ui expe	rience - 10/1	0				
Great p	urchase till	"..."",Ano"	"nymous,10 months ago"			
MOTOROL	"A,MOTOROLA Ed"	ge 60 Fu	"sion 5G,""MOTOROLA Edge 60 Fusion 5G (PANTONE Mykonos Blue, 128 GB)"",22999,pantone mykonos blue,256,4,Very Good,""M"	obile	looks e	xtremely good and premium. Camera quality is exceptional. Charges quickly.
Drawbac	k - battery d	rains qu	"ickly, despite no overuse. I basically use the phone just fr calls, what's app n so..."",Anonymous,8 months ago"			
MOTOROL	"A,MOTOROLA Ed"	ge 60 Pr	"o,""MOTOROLA Edge 60 Pro (Pantone Shadow, 512 GB)"",37999,pantone shadow,512,5,Just wow!,Very nice phone,Anonymous,"	10 mon	ths ago	
MOTOROL	"A,MOTOROLA Ed"	ge 60 Pr	"o,""MOTOROLA Edge 60 Pro (Pantone Shadow, 512 GB)"",37999,pantone shadow,512,4,Just okay,Superb must buy,Anonymous,"	10 mon	ths ago	
MOTOROL	"A,MOTOROLA Ed"	ge 60 Pr	"o,""MOTOROLA Edge 60 Pro (Pantone Shadow, 512 GB)"",37999,pantone shadow,512,5,Fabulous!,Very good product,Shivam S"	"harma,"	10 mont	hs ago
MOTOROL	"A,MOTOROLA Ed"	ge 60 Pr	"o,""MOTOROLA Edge 60 Pro (Pantone Shadow, 512 GB)"",37999,pantone shadow,512,5,Must buy!,Well balanced phone.,Aman"	"R,10 m"	onths a	go
MOTOROL	"A,MOTOROLA Ed"	ge 60 Pr	"o,""MOTOROLA Edge 60 Pro (Pantone Shadow, 512 GB)"",37999,pantone shadow,256,5,Mind-blowing purchase,""The display a"	nd bat	tery ba	ckup is awesome.
Camera	not tested mu	ch				
Little	bit of heatin	g I can	"feel while continuous using and charging."",Anonymous,""May, 2025"""			
MOTOROL	"A,MOTOROLA Ed"	ge 60 Pr	"o,""MOTOROLA Edge 60 Pro (Pantone Shadow, 512 GB)"",37999,pantone shadow,256,4,Delightful,All good ..but 5g jio net"	work i	"ssue,Aj"	"ay Kumar,""May, 2025"""
MOTOROL	"A,MOTOROLA Ed"	ge 60 Pr	"o,""MOTOROLA Edge 60 Pro (Pantone Shadow, 512 GB)"",37999,pantone shadow,256,5,Great product,""Hello here is the hon"	est re	view af	ter using almost 6 months
1. Came	ra -5/4.2					
2. Disp	lay- 5/ 4					
3. Batt	ery-5/4.5					
4. Perf	ormance - 5/4	".4"",Anon"	"ymous,8 months ago"			
MOTOROL	"A,MOTOROLA Ed"	ge 60 Pr	"o,""MOTOROLA Edge 60 Pro (Pantone Shadow, 512 GB)"",37999,pantone shadow,256,3,Not good,""Got the replacement from M"	otorol	a servi	ce center in 4 days (Including weekend.)
						
I notic	ed that the c	amera le	ns fogs up during use.			
Within	one hour of d	"elivery,"	"I observed that both the main and telep..."",Anonymous,10 months ago"			
MOTOROL	"A,MOTOROLA Ed"	ge 60 Pr	"o,""MOTOROLA Edge 60 Pro (Pantone Walnut, 256 GB)"",29999,pantone walnut,512,5,Simply awesome,Mind blowing design a"	nd per	formanc	"e awesome phone ??,Anonymous,8 months ago"
MOTOROL	"A,MOTOROLA Ed"	ge 70 Fu	"sion,""MOTOROLA Edge 70 Fusion (Pantone BLUE SURF, 256 GB)"",29999,pantone blue surf,256,3,Nice,Heat issues,vishnu"	chaita	nya Bod	"du,2 months ago"
MOTOROL	"A,MOTOROLA Ed"	ge 70 Fu	"sion,""MOTOROLA Edge 70 Fusion (Pantone BLUE SURF, 256 GB)"",29999,pantone blue surf,256,5,Highly recommended,premi"	um des	ign wit	"h a high-capacity battery. Camera quality is so good capture natural and clear image. Must go for it.,Anonymous,2 months ago"
MOTOROL	"A,MOTOROLA Ed"	ge 70 Fu	"sion,""MOTOROLA Edge 70 Fusion (Pantone BLUE SURF, 256 GB)"",29999,pantone blue surf,256,5,Terrific,Super good look"	ing I	like mo	"to thanks flipkart,Chaithra r,2 months ago"
MOTOROL	"A,MOTOROLA Ed"	ge 70 Fu	"sion,""MOTOROLA Edge 70 Fusion (Pantone BLUE SURF, 256 GB)"",29999,pantone blue surf,256,5,Perfect product!,""Great"	Phone	", value"	"for money ,"
Camera	Quality ??					
Battery	life ?? ??					
Perform	ance ??					
Overall	"??"",Pradyumna"	"Bhide,"	2 months ago			
MOTOROL	"A,MOTOROLA Ed"	ge 70 Fu	"sion,""MOTOROLA Edge 70 Fusion (Pantone BLUE SURF, 256 GB)"",29999,pantone blue surf,256,4,Nice product,Best phone"	this s	"igment,"	"Anonymous,1 month ago"
MOTOROL	"A,MOTOROLA Ed"	ge 70 Fu	"sion,""MOTOROLA Edge 70 Fusion (Pantone BLUE SURF, 256 GB)"",29999,pantone blue surf,128,5,Fabulous!,Awesome Phone"	"????,Ano"	"nymous,"	2 months ago
MOTOROL	"A,MOTOROLA Ed"	ge 70 Fu	"sion,""MOTOROLA Edge 70 Fusion (Pantone BLUE SURF, 256 GB)"",29999,pantone blue surf,128,5,Mind-blowing purchase,""G"	reat f	or gami	"ng and daily use. No lag, very smooth experience."",Anonymous,2 months ago"
MOTOROL	"A,MOTOROLA Ed"	ge 70 Fu	"sion,""MOTOROLA Edge 70 Fusion (Pantone BLUE SURF, 256 GB)"",29999,pantone blue surf,128,5,Simply awesome,""The came"	ra qua	lity is	very nice ??
Also th	e battery hav	e long l	ife ??			
Everyth	ing is too go	od every	"one must buy this phone ??"",Anonymous,1 month ago"			
MOTOROL	"A,MOTOROLA Ed"	ge 70 Fu	"sion,""MOTOROLA Edge 70 Fusion (Pantone BLUE SURF, 256 GB)"",29999,pantone blue surf,256,4,Good quality product,""*"	camera	08-Oct	
*Perfor	mance 9/10					
*Batter	y backup 10/1	0				
*Displa	y 10/10					
No othe	"r issues, jus"	t have s	"ome bugs and no other problem . Highly recommend in this segment"",Anonymous,21 days ago"			
MOTOROL	"A,MOTOROLA Ed"	ge 70 Fu	"sion,""MOTOROLA Edge 70 Fusion (Pantone BLUE SURF, 256 GB)"",29999,pantone blue surf,128,5,Terrific purchase,Super"	phone	everyth	"ing is good,Anonymous,2 months ago"
MOTOROL	"A,MOTOROLA Ed"	ge 70 Fu	"sion,""MOTOROLA Edge 70 Fusion (Pantone BLUE SURF, 256 GB)"",29999,pantone blue surf,128,5,Great product,""Ignore th"	e nega	tive re	views.
The cam	"era, battery,"	perform	ance and display are awesome.			
There i	s no doubt ab	out it.				
Althoug	h there is a	little h	"eating issue while charging (but don't worry because it..."",Flipkart Customer,1 month ago"			
MOTOROL	"A,MOTOROLA Ed"	ge 70 Fu	"sion,""MOTOROLA Edge 70 Fusion (Pantone BLUE SURF, 256 GB)"",29999,pantone blue surf,256,5,Mind-blowing purchase,I"	love m	"oto.??,A"	"nonymous,2 months ago"
MOTOROL	"A,MOTOROLA Ed"	ge 70 Fu	"sion,""MOTOROLA Edge 70 Fusion (Pantone BLUE SURF, 256 GB)"",29999,pantone blue surf,256,5,Excellent,Exllent mobile"	camer	a super	"display super performance also super overall good mobile,venki virat,2 months ago"
MOTOROL	"A,MOTOROLA Ed"	ge 70 Fu	"sion,""MOTOROLA Edge 70 Fusion (Pantone BLUE SURF, 256 GB)"",29999,pantone blue surf,256,4,Good quality product,""Ph"	one is	"good,"	"but the primary protection is not given in the box like the back pouch and the screen guard, when I try to buy them, not available in the market as this is a newly launched mobile. Moto..."",Mahesh Daadi,2 months ago"
MOTOROL	"A,MOTOROLA Ed"	ge 70 Fu	"sion,""MOTOROLA Edge 70 Fusion (Pantone BLUE SURF, 256 GB)"",29999,pantone dazzling blue,256,5,Simply awesome,""Came"	ra so	"superb,"	"zoom osm very nice mobile I love it...."",Anonymous,""May, 2025"""
MOTOROL	"A,MOTOROLA Ed"	ge 70 Fu	"sion,""MOTOROLA Edge 70 Fusion (Pantone BLUE SURF, 256 GB)"",29999,pantone dazzling blue,256,4,Really Nice,The fog"	issue	on the	"camera needs to resolve otherwise all good,Nilesh Bandekar,8 months ago"
MOTOROL	"A,MOTOROLA Ed"	ge 70 Fu	"sion,""MOTOROLA Edge 70 Fusion (Pantone BLUE SURF, 256 GB)"",29999,pantone dazzling blue,256,5,Perfect product!,Ver"	y nice	eee ama	"zing ??,Flipkart Customer,""May, 2025"""
MOTOROL	"A,MOTOROLA Ed"	ge 70 Fu	"sion,""MOTOROLA Edge 70 Fusion (Pantone COUNTRY AIR, 128 GB)"",26999,pantone country air,128,4,Delightful,""??It has"	good F	unction	"s, Nice Look, Light weight, Battery is good, Camera wants Improvement, Speakers is very nice, Want's a Performance Improvement, I think it will be fixed in The Upcoming Updates..."",Anonymous,2 months ago"
MOTOROL	"A,MOTOROLA Ed"	ge 70 Fu	"sion,""MOTOROLA Edge 70 Fusion (Pantone COUNTRY AIR, 128 GB)"",26999,pantone country air,128,5,Classy product,Overa"	ll goo	"d,Kasi"	"Veeravalli,2 months ago"
MOTOROL	"A,MOTOROLA Ed"	ge 70 Fu	"sion,""MOTOROLA Edge 70 Fusion (Pantone COUNTRY AIR, 256 GB)"",32999,pantone country air,256,3,Just okay,By look ph"	one lo	oks goo	"d for this price.Has software glitches. Hanging and heat issues are there. I have restarted the phone around 10 times in 1 Month to over come hanging issue,Gowri Shankar,1 month ago"
MOTOROL	"A,MOTOROLA Ed"	ge 70 Fu	"sion,""MOTOROLA Edge 70 Fusion (Pantone COUNTRY AIR, 256 GB)"",32999,pantone country air,256,5,Fabulous!,""Very good"	balan	ce in m	"id range. Except the side frame which is plastic, build is pretty good and handy with quite less weight for the massive 7000mah."
Display	: 5/5					
Battery	: 5/5					
Speaker	s: 5/5					
Build:	"4/..."",Anonym"	"ous,2 mo"	nths ago			
MOTOROL	"A,MOTOROLA Ed"	ge 70 Fu	"sion,""MOTOROLA Edge 70 Fusion (Pantone SILHOUETTE, 128 GB)"",26999,pantone silhouette,128,5,Fabulous!,""The battery"	is to	o good	and the camera is awesome.
Perfoma	nce excellent	.				
The des	ign looks pre	"tty."",Ki"	"ran N,2 months ago"			
MOTOROL	"A,MOTOROLA Ed"	ge 70 Fu	"sion,""MOTOROLA Edge 70 Fusion (Pantone SILHOUETTE, 128 GB)"",26999,pantone silhouette,128,5,Awesome,""Camera is goo"	d 4.5/	5	
Display	.	5. / 5				
Battery	.	4.5/5				
Over al	l 3 days use	phone so	"good..."",Soosai Prabu,2 months ago"			
MOTOROL	"A,MOTOROLA Ed"	ge 70 Fu	"sion,""MOTOROLA Edge 70 Fusion (Pantone SILHOUETTE, 128 GB)"",26999,pantone silhouette,128,5,Super!,""This is defini"	tely a	n all-r	ounder phone if you are looking for a phone that will provide a good camera with a good battery and decent performance then go for it .
						
It's be	en a month si	nce I am	"using ..."",Anonymous,1 month ago"			
MOTOROL	"A,MOTOROLA Ed"	ge 70 Fu	"sion,""MOTOROLA Edge 70 Fusion (Pantone SILHOUETTE, 128 GB)"",26999,pantone silhouette,128,5,Best in the market!,""C"	amra 4	.5/5	
Bettry	05-May					
Display	05-May					
Design	05-May					
Perform	"ance 5/5??"",An"	"onymous,"	2 months ago			
MOTOROL	"A,MOTOROLA Ed"	ge 70 Fu	"sion,""MOTOROLA Edge 70 Fusion (Pantone SILHOUETTE, 256 GB)"",32999,pantone silhouette,256,5,Highly recommended,Ver"	y nice	but zo	"om is not satisfactory.,Naveen Verma,2 months ago"
MOTOROL	"A,MOTOROLA Ed"	ge 70 Fu	"sion,""MOTOROLA Edge 70 Fusion (Pantone SILHOUETTE, 256 GB)"",32999,pantone silhouette,256,4,Good choice,""Camera Qu"	ality	Is Aver	"age,I Did't find any exceptional camera quality, Battery is good, display is good,"",Anonymous,2 months ago"
MOTOROL	"A,MOTOROLA Ed"	ge 70 Fu	"sion,""MOTOROLA Edge 70 Fusion (Pantone SILHOUETTE, 256 GB)"",32999,pantone silhouette,256,5,Fabulous!,Awesome phon"	"e,Ravi"	Ranjan	",2 months ago"
MOTOROL	"A,MOTOROLA Ed"	ge 70 Fu	"sion,""MOTOROLA Edge 70 Fusion (Pantone SILHOUETTE, 256 GB)"",32999,pantone silhouette,256,5,Highly recommended,Goo"	"d,Jyot"	irling	"Kore,8 days ago"
MOTOROL	"A,MOTOROLA Ed"	ge 70 Fu	"sion,""MOTOROLA Edge 70 Fusion (Pantone SILHOUETTE, 256 GB)"",32999,pantone silhouette,256,5,Best in the market!,""G"	ood ca	mera	
Good di	splay					
Good ba	ttery backup					
Good in	gaming 120fp	s in bgm	i			
Good in	charging spe	ed				
Good in	mobile hands	et feel				
						
Con:						
That wo	uld be good i	f they p	"rovide screen guard and back cover, ..."",Anonymous,2 months ago"			
MOTOROL	"A,MOTOROLA Ed"	ge 70 Fu	"sion,""MOTOROLA Edge 70 Fusion (Pantone SILHOUETTE, 256 GB)"",32999,pantone silhouette,256,5,Fabulous!,Nice in hand"	feel	and cam	"era are good in low light performance in gaming is also good no lag no frame drop if your budget is under30000 you will definitely buy this phone,Flipkart Customer,2 months ago"
MOTOROL	"A,MOTOROLA G9"	"6 5G,""MO"	"TOROLA G96 5G (Pantone Ashleigh Blue, 128 GB)"",20999,pantone ashleigh blue,128,5,Just wow!,""Best moto g96 phone"			
Camera	with ai funct	"ion"",Ano"	"nymous,10 months ago"			
MOTOROL	"A,MOTOROLA G9"	"6 5G,""MO"	"TOROLA G96 5G (Pantone Ashleigh Blue, 128 GB)"",20999,pantone ashleigh blue,128,5,Awesome,Very Beautiful Mobile an"	d perf	ormance	"I like this Smartphone ????,Anonymous,10 months ago"
MOTOROL	"A,MOTOROLA G9"	"6 5G,""MO"	"TOROLA G96 5G (Pantone Ashleigh Blue, 128 GB)"",20999,pantone ashleigh blue,128,5,Fabulous!,Great ?? performance,An"	onymou	"s,10 mo"	nths ago
MOTOROL	"A,MOTOROLA G9"	"6 5G,""MO"	"TOROLA G96 5G (Pantone Ashleigh Blue, 128 GB)"",20999,pantone ashleigh blue,256,4,Wonderful,""These are good phones"	for t	he pric	"e. The display and 256 GB storage are fine but the camera could have been better. After Android 15, at least 3 more updates were to be given in future"",Anonymous,9 months ago"
MOTOROL	"A,MOTOROLA G9"	"6 5G,""MO"	"TOROLA G96 5G (Pantone Ashleigh Blue, 128 GB)"",20999,pantone ashleigh blue,128,4,Very Good,Good,Sumit Yadav,10 mo"	nths a	go	
MOTOROL	"A,MOTOROLA G9"	"6 5G,""MO"	"TOROLA G96 5G (Pantone Ashleigh Blue, 128 GB)"",20999,pantone ashleigh blue,128,5,Awesome,Nice ????,Amit Roy,10 mont"	hs ago		
MOTOROL	"A,MOTOROLA G9"	"6 5G,""MO"	"TOROLA G96 5G (Pantone Ashleigh Blue, 128 GB)"",20999,pantone ashleigh blue,128,3,Nice,Nic camera n very slim phon"	"e,Anon"	"ymous,9"	months ago
MOTOROL	"A,MOTOROLA G9"	"6 5G,""MO"	"TOROLA G96 5G (Pantone Ashleigh Blue, 128 GB)"",20999,pantone ashleigh blue,256,4,Good choice,As per my uses moto"	g96 is	a good	"fit. I think moto need to do something about there design..most of the features are quite good..If possible the os update minimum for 2 to 3 years needed.,Rahul Datta,10 months ago"
MOTOROL	"A,MOTOROLA G9"	"6 5G,""MO"	"TOROLA G96 5G (Pantone Cattleya Orchid, 128 GB)"",20999,pantone cattleya orchid,256,5,Classy product,After one mon"	th I a	m givin	"g rating everyday feeling amazing camera battery unbelievable it will charging in just 20 30 minutes full.im giving 5start to all,Anonymous,7 months ago"
MOTOROL	"A,MOTOROLA g0"	"6 power,"	"""MOTOROLA g06 power (Pantone Laurel Oak, 64 GB)"",9999,pantone laurel oak,64,5,Perfect product!,50MP rear camera i"	s a ge	m. Self	"ies with 8MP front are also great. 5 stars,Flipkart Customer,6 months ago"
MOTOROL	"A,MOTOROLA g0"	"6 power,"	"""MOTOROLA g06 power (Pantone Laurel Oak, 64 GB)"",9999,pantone laurel oak,64,5,Best in the market!,""Nice phone, go"	od qua	lity of	"camera.sound is loud.performance is good"",Anonymous,6 months ago"
MOTOROL	"A,MOTOROLA g0"	"6 power,"	"""MOTOROLA g06 power (Pantone Laurel Oak, 64 GB)"",9999,pantone laurel oak,64,5,Perfect product!,7000 mAh battery +"	Helio	G81-lo	"ng power and smooth performance.,Anonymous,6 months ago"
MOTOROL	"A,MOTOROLA g0"	"6 power,"	"""MOTOROLA g06 power (Pantone Laurel Oak, 64 GB)"",9999,pantone laurel oak,64,5,Mind-blowing purchase,""Really aweso"	me pro	duct. I	"doesn't that much quality at this price. Literally worth it! Camera is so good , performance is perfect, especially this is three slot mobile. Same time we can use two Sims a..."",Surya S,6 months ago"
MOTOROL	"A,MOTOROLA g0"	"6 power,"	"""MOTOROLA g06 power (Pantone Laurel Oak, 64 GB)"",9999,pantone laurel oak,64,5,Classy product,""After 2 months revi"	ew.. v	ery nic	"e work,...."",Chander kant  Chander kant ,5 months ago"
MOTOROL	"A,MOTOROLA g0"	"6 power,"	"""MOTOROLA g06 power (Pantone Laurel Oak, 64 GB)"",9999,pantone laurel oak,64,5,Highly recommended,Best budget phon"	e batt	ery bac	"kup is awesome and performance is also ok,Anonymous,5 months ago"
MOTOROL	"A,MOTOROLA g0"	"6 power,"	"""MOTOROLA g06 power (Pantone Laurel Oak, 64 GB)"",9999,pantone laurel oak,64,3,Fair,""No 5g network, big size in ha"	nd not	comfor	"table"",Sonu Gurjar,7 months ago"
MOTOROL	"A,MOTOROLA g0"	"6 power,"	"""MOTOROLA g06 power (Pantone Tendril, 64 GB)"",9999,pantone tendril,64,5,Highly recommended,Budget friendly phone"	for pa	"rents,A"	"rchana Kumari,6 months ago"
MOTOROL	"A,MOTOROLA g0"	"6 power,"	"""MOTOROLA g06 power (Pantone Tendril, 64 GB)"",9999,pantone tendril,64,5,Must buy!,Amazing product.... All good,Mu"	thukum	"araN,5"	months ago
MOTOROL	"A,MOTOROLA g0"	"6 power,"	"""MOTOROLA g06 power (Pantone Tendril, 64 GB)"",9999,pantone tendril,64,4,Really Nice,Potric mode best photo,Anonym"	"ous,5"	months	ago
MOTOROL	"A,MOTOROLA g0"	"6 power,"	"""MOTOROLA g06 power (Pantone Tendril, 64 GB)"",9999,pantone tendril,64,5,Mind-blowing purchase,very Good product,A"	nonymo	"us,7 mo"	nths ago
MOTOROL	"A,MOTOROLA g0"	"6 power,"	"""MOTOROLA g06 power (Pantone Tendril, 64 GB)"",9999,pantone tendril,64,3,Decent product,As per Price Mobile overal"	l is o	"k,Vakit"	"i Avinash ,6 months ago"
MOTOROL	"A,MOTOROLA g0"	"6 power,"	"""MOTOROLA g06 power (Pantone Tendril, 64 GB)"",9999,pantone tendril,64,4,Nice product,Very nice l love this produc"	t?????	"???,Ano"	"nymous,2 months ago"
MOTOROL	"A,MOTOROLA g0"	"6 power,"	"""MOTOROLA g06 power (Pantone Tendril, 64 GB)"",9999,pantone tendril,64,5,Fabulous!,The product is good as per the"	"cost.,"	Shanti	"Gusain ,6 months ago"
MOTOROL	"A,MOTOROLA g0"	"6 power,"	"""MOTOROLA g06 power (Pantone tapestry, 64 GB)"",9999,pantone tapestry,64,5,Terrific purchase,Nyc camera beautiful"	moment	"s,Anony"	"mous,6 months ago"
MOTOROL	"A,MOTOROLA g0"	"6 power,"	"""MOTOROLA g06 power (Pantone tapestry, 64 GB)"",9999,pantone tapestry,64,5,Worth every penny,Superb performance,An"	onymou	"s,6 mon"	ths ago
MOTOROL	"A,MOTOROLA g0"	"6 power,"	"""MOTOROLA g06 power (Pantone tapestry, 64 GB)"",9999,pantone tapestry,64,5,Great product,7000 mAh battery is a bea"	st. Ev	en heav	"y use lasts 3 days. 5/5,Niranjan Mishra,6 months ago"
MOTOROL	"A,MOTOROLA g0"	"6 power,"	"""MOTOROLA g06 power (Pantone tapestry, 64 GB)"",9999,pantone tapestry,64,5,Just wow!,Good for average use.,Anonymo"	"us,5 m"	onths a	go
MOTOROL	"A,MOTOROLA g3"	"5 5G,""MO"	"TOROLA g35 5G (Guava Red, 128 GB)"",12499,guava red,128,4,Very Good,""Pros-"			
#NAME?	ay is Fantast	ic in th	is Category			
#NAME?	rmance is Goo	d				
#NAME?	ry backup is	great				
#NAME?	Camera is gr	eat and	back camera is more than average			
- 5g Vo	lte works all	the tim	e with jio			
						
"C..."",S"	"ubho  Gupta,"""	"Dec, 202"	"4"""			
MOTOROL	"A,MOTOROLA g3"	"5 5G,""MO"	"TOROLA g35 5G (Guava Red, 128 GB)"",12499,guava red,128,5,Mind-blowing purchase,Moto,Anonymous,""Apr, 2025"""			
MOTOROL	"A,MOTOROLA g3"	"5 5G,""MO"	"TOROLA g35 5G (Guava Red, 128 GB)"",12499,guava red,128,4,Good quality product,Value for money,Anonymous,""Jan, 202"	"5"""		
MOTOROL	"A,MOTOROLA g3"	"5 5G,""MO"	"TOROLA g35 5G (Guava Red, 128 GB)"",12499,guava red,128,3,Good,""Display , design, performance are very good. But m"	ain pr	oblem i	"s battery heating issue."",Sudip Porel,6 months ago"
MOTOROL	"A,MOTOROLA g3"	"5 5G,""MO"	"TOROLA g35 5G (Guava Red, 128 GB)"",12499,guava red,128,3,Does the job,""Product is good, but delevery is late, and"	deliv	ery par	"tner behaviour in not good, and him want mony for my exchange product return. And then I cancel my exchange. It's not fair. And I feel hurt for this"",Balraj Dev,7 months ago"
MOTOROL	"A,MOTOROLA g3"	"5 5G,""MO"	"TOROLA g35 5G (Guava Red, 128 GB)"",12499,guava red,128,5,Excellent,Good,Amitesh Kanaujia,7 months ago"			
MOTOROL	"A,MOTOROLA g3"	"5 5G,""MO"	"TOROLA g35 5G (Leaf Green, 128 GB)"",15499,leaf green,128,5,Fabulous!,Nice phone ??,Anonymous,11 months ago"			
MOTOROL	"A,MOTOROLA g3"	"5 5G,""MO"	"TOROLA g35 5G (Leaf Green, 128 GB)"",15499,leaf green,128,5,Worth every penny,""Beast :)"			
Leaf gr	een color bes	t ?				
Back ca	mera 3.5/5?					
Front c	amera 5/5?					
Battery	5/5?					
Ram Boo	ster upto 12	GB ??5/5	?			
120hz r	efresh rate ??	5/5 ?				
Connect	ivity 5G spee	d 330+ m	bps 5/5 ?			
Design	vegan leath..	"."",Anony"	"mous,""Dec, 2024"""			
MOTOROL	"A,MOTOROLA g3"	"5 5G,""MO"	"TOROLA g35 5G (Leaf Green, 128 GB)"",15499,leaf green,128,4,Pretty good,Camera is good  network issue,Anonymous,""J"	"an, 20"	"25"""	
MOTOROL	"A,MOTOROLA g3"	"5 5G,""MO"	"TOROLA g35 5G (Leaf Green, 128 GB)"",15499,leaf green,128,4,Wonderful,Nice Phone budget segment me,Anonymous,""Dec,"	"2024"""		
MOTOROL	"A,MOTOROLA g3"	"5 5G,""MO"	"TOROLA g35 5G (Leaf Green, 128 GB)"",15499,leaf green,128,5,budget killer ??,Such an amazing smartphone in this pri"	ce ran	"ge ??,A"	"nonymous,""Jan, 2025"""
MOTOROL	"A,MOTOROLA g3"	"5 5G,""MO"	"TOROLA g35 5G (Leaf Green, 128 GB)"",15499,leaf green,128,5,Excellent,Best Price and Good quality Camera,Anonymous"	",11 mo"	nths ag	o
MOTOROL	"A,MOTOROLA g3"	"5 5G,""MO"	"TOROLA g35 5G (Leaf Green, 128 GB)"",15499,leaf green,128,4,Pretty good,Received same day delivery. Looks good. Ne"	ed to	use for	"a week to provide experience. Camera is good. Option available to expand the ram upto 12gb,Anonymous,""Dec, 2024"""
MOTOROL	"A,MOTOROLA g3"	"5 5G,""MO"	"TOROLA g35 5G (Leaf Green, 128 GB)"",15499,leaf green,128,4,Great product,One of the best product in this price,An"	onymou	"s,""Dec,"	"2024"""
MOTOROL	"A,MOTOROLA g3"	"5 5G,""MO"	"TOROLA g35 5G (Leaf Green, 128 GB)"",15499,leaf green,128,4,Delightful,The value is in good shape,Anonymous,""Dec,"	"2024"""		
MOTOROL	"A,MOTOROLA g3"	"5 5G,""MO"	"TOROLA g35 5G (Leaf Green, 128 GB)"",15499,leaf green,128,5,Wonderful,Good product of this money range???? Jai Shree"	Ram ??	",Anonym"	"ous,""Dec, 2024"""
MOTOROL	"A,MOTOROLA g3"	"5 5G,""MO"	"TOROLA g35 5G (Leaf Green, 128 GB)"",15499,leaf green,128,3,Just okay,""I am personally fan of stock android,but th"	is dev	ice of	"Motorola having very bad RAM management.motorala have to work on this"",Vikram tambe,""Dec, 2024"""
MOTOROL	"A,MOTOROLA g3"	"5 5G,""MO"	"TOROLA g35 5G (Leaf Green, 128 GB)"",15499,leaf green,128,4,Pretty good,Superb,Anonymous,7 months ago"			
MOTOROL	"A,MOTOROLA g3"	"5 5G,""MO"	"TOROLA g35 5G (Leaf Green, 128 GB)"",15499,leaf green,128,2,Expected a better product,""Using Jio Network SIM, it's"	a big	proble	m. Voice not clear and Wi-Fi calling is also not working properly.
						
Not rec	ommended as i	t doesn'	"t meet basic important needs."",Santosh Reddy,5 months ago"			
MOTOROL	"A,MOTOROLA g3"	"5 5G,""MO"	"TOROLA g35 5G (Leaf Green, 128 GB)"",15499,leaf green,128,5,Highly recommended,Very good mobile very good ??,Anonym"	"ous,5"	months	ago
MOTOROL	"A,MOTOROLA g3"	"5 5G,""MO"	"TOROLA g35 5G (Leaf Green, 128 GB)"",15499,leaf green,128,5,Fabulous!,""According to Price, the mobile is good. The"	camer	a quali	"ty is average. Display performance is fine. Battery backup good! It has the best design in this price range,"
But aft	er loud sound	it vibr	"ates at..."",Anonymous,5 months ago"			
MOTOROL	"A,MOTOROLA g5"	7 power	"5G,""MOTOROLA g57 power 5G (Pantone Corsair, 128 GB)"",17999,pantone corsair,128,4,Pretty good,""In one word this ph"	one is	just w	ooooowwww
						
This is	a complete p	ackage u	nder 13k			
						
Battery	5/5  7000mah	2 days	backup with heavy to moderate uses			
						
Display	4/5 IPS LCD	vibrant	true color			
						
Perform	"ance 5/..."",A"	mit Trip	"athi,5 months ago"			
MOTOROL	"A,MOTOROLA g5"	7 power	"5G,""MOTOROLA g57 power 5G (Pantone Corsair, 128 GB)"",17999,pantone corsair,128,5,Just wow!,""Camera more than expe"	cted		
Battery	??  powerful					
Perform	ance ek no.					
Design	best hai					
Sound q	uality top no	tch ??				
Display	"good ??"",Anon"	"ymous,5"	months ago			
MOTOROL	"A,MOTOROLA g6"	7 power	"5G,""MOTOROLA g67 power 5G (Pantone Cilantro, 128 GB)"",18999,pantone cilantro,128,4,GOOD,EVERYTHING IS GOOD ACCEPT"	DURAB	ILITY.	"I GOT THE PHONE YESTERDAY. SETUP DONE TODAY. PHONE DROPPED FROM APPROX 1.25 FEET HEIGHT AND SLIGHTLY GLASS CRACKED ON THE EDGE. ALSO DISSAPOINTED  WITH MOTOROLA B...,Anonymous,5 months ago"
MOTOROL	"A,MOTOROLA g6"	7 power	"5G,""MOTOROLA g67 power 5G (Pantone Cilantro, 128 GB)"",18999,pantone cilantro,128,5,Mind-blowing purchase,Nice pro"	"duct,A"	nonymou	"s,6 months ago"
MOTOROL	"A,MOTOROLA g6"	7 power	"5G,""MOTOROLA g67 power 5G (Pantone Cilantro, 128 GB)"",18999,pantone cilantro,128,5,Just wow!,Good ??,Rana Himanshu"	",6 mon"	ths ago	
MOTOROL	"A,MOTOROLA g6"	7 power	"5G,""MOTOROLA g67 power 5G (Pantone Curacao Blue, 128 GB)"",18999,pantone curacao blue,128,4,Good choice,Verry verr"	y good	produc	"t,E.B.P.Rao,6 months ago"
MOTOROL	"A,MOTOROLA g6"	7 power	"5G,""MOTOROLA g67 power 5G (Pantone Curacao Blue, 128 GB)"",18999,pantone curacao blue,128,4,Delightful,""Good produ"	ct ?? v	alue of	money
But pho	ne cover is n	ot avail	"able in the box"",Anonymous,4 months ago"			
MOTOROL	"A,MOTOROLA g6"	7 power	"5G,""MOTOROLA g67 power 5G (Pantone Curacao Blue, 128 GB)"",18999,pantone curacao blue,128,4,Delightful,Camera is v"	ery go	od and	"battery outstanding ???? but unnecessary ad will be show on app background.,BASED ALI  SEKH,6 months ago"
MOTOROL	"A,MOTOROLA g6"	7 power	"5G,""MOTOROLA g67 power 5G (Pantone Curacao Blue, 128 GB)"",18999,pantone curacao blue,128,5,Classy product,It's Aw"	esome	Best Pr	"ice,Anonymous,6 months ago"
MOTOROL	"A,MOTOROLA g6"	7 power	"5G,""MOTOROLA g67 power 5G (Pantone Parachute, 128 GB)"",18999,pantone parachute,128,5,Super!,""Super performance"			
Battery	is so good 3	days su	per mind-blowing			
Overall	I like mobil	e so muc	h			
Super q	uality mobile	""",Shivar"	"am Raju,6 months ago"			
MOTOROL	"A,MOTOROLA g6"	7 power	"5G,""MOTOROLA g67 power 5G (Pantone Parachute, 128 GB)"",18999,pantone parachute,128,5,Brilliant,""Hi"			
						
IT's be	"st."",Vinay Si"	"ngh,6 mo"	nths ago			
MOTOROL	"A,MOTOROLA g6"	7 power	"5G,""MOTOROLA g67 power 5G (Pantone Parachute, 128 GB)"",18999,pantone parachute,128,4,Delightful,""The phone is ver"	y good	and ea	"sy to use. I bought it for my mom, and it is perfect for her. The camera quality is good for this budget. There is no heating issue so far. The phone looks premium. The di..."",Suransh Dhyani,5 months ago"
"OPPO,OP"	"PO K14 5G,""OP"	PO K14 5	"G (Prism Violet, 256 GB)"",21999,prism violet,128,5,Terrific,Good ?? product,Anonymous,2 months ago"			
"OPPO,OP"	"PO K14 5G,""OP"	PO K14 5	"G (Prism Violet, 256 GB)"",21999,prism violet,64,4,Value-for-money,Perfect as per the price range??,Flipkart Custom"	"er,1 m"	onth ag	o
"OPPO,OP"	"PO K14 5G,""OP"	PO K14 5	"G (Prism Violet, 256 GB)"",21999,prism violet,128,5,Super!,It is a great phone according to price,Anonymous,3 mont"	hs ago		
"OPPO,OP"	"PO K14 5G,""OP"	PO K14 5	"G (Prism Violet, 256 GB)"",21999,prism violet,128,3,Does the job,Mobile was good but camera quality not good,Shilp"	a Aron	"dekar,3"	months ago
"OPPO,OP"	"PO K14 5G,""OP"	PO K14 5	"G (Prism Violet, 256 GB)"",21999,prism violet,128,5,Super!,""Good purchase for people needing good battery, fast ch"	arging	", decen"	"t camera and decent performance. Go for it !!??"",Flipkart Customer,1 month ago"
"OPPO,OP"	"PO K14 5G,""OP"	PO K14 5	"G (Prism Violet, 256 GB)"",21999,prism violet,128,5,Wonderful,Mobile is good,Anonymous,2 months ago"			
"OPPO,OP"	"PO K14 5G,""OP"	PO K14 5	"G (Prism Violet, 256 GB)"",21999,prism violet,128,4,Very Good,Good,Kasandas M,1 month ago"			
"OPPO,OP"	"PO K14 5G,""OP"	PO K14 5	"G (Prism Violet, 256 GB)"",21999,prism violet,128,4,Nice product,Very good,Mohd Unus Ali,1 month ago"			
"OPPO,OP"	"PO K14 5G,""OP"	PO K14 5	"G (Prism Violet, 256 GB)"",21999,prism violet,256,3,Decent product,Camera was bad don't buy this product it's belo"	w aver	age pho	"ne try another series,Anonymous,1 month ago"
"OPPO,OP"	"PO K14 5G,""OP"	PO K14 5	"G (Prism Violet, 256 GB)"",21999,prism violet,256,4,Good choice,Good mobile,Subhash Pathak,1 month ago"			
"OPPO,OP"	"PO K14 5G,""OP"	PO K14 5	"G (Prism Violet, 256 GB)"",21999,prism violet,128,4,Worth the money,Good photo good phone,Ramvichar Kushwaha,15 da"	ys ago		
"OPPO,OP"	"PO K14 5G,""OP"	PO K14 5	"G (Prism Violet, 256 GB)"",21999,prism violet,128,4,Nice product,Very nice product for normal use.,Devesh Yadav,16"	days	ago	
"OPPO,OP"	"PO K14 5G,""OP"	PO K14 5	"G (Prism Violet, 256 GB)"",21999,prism violet,128,4,Delightful,Very good,Anusiya  Mary,26 days ago"			
"OPPO,OP"	"PO K14 5G,""OP"	PO K14 5	"G (Prism Violet, 256 GB)"",21999,prism violet,128,5,Great product,Very good product,Anonymous,10 days ago"			
"OPPO,OP"	"PO K14 5G,""OP"	PO K14 5	"G (Prism White, 256 GB)"",21999,prism white,128,5,Excellent,Very nice ?? phone,Vijay  Kaushik ,1 month ago"			
"OPPO,OP"	"PO K14 5G,""OP"	PO K14 5	"G (Prism White, 256 GB)"",21999,prism white,256,5,Super!,Very good product,Allah Bakhash,1 month ago"			
"OPPO,OP"	"PO K14x 5G,""O"	PPO K14x	"5G (Icy Blue, 64 GB)"",14999,icy blue,128,5,Highly recommended,It's very nice phone .battery is too good..looks p"	remium	.. over	"all good budget phone,Anonymous,2 months ago"
"OPPO,OP"	"PO K14x 5G,""O"	PPO K14x	"5G (Icy Blue, 64 GB)"",14999,icy blue,128,3,Good,Okok camera not good,Rupendar Kumar  Sharma,3 months ago"			
"OPPO,OP"	"PO K14x 5G,""O"	PPO K14x	"5G (Icy Blue, 64 GB)"",14999,icy blue,128,5,Super!,Very nice ????????,Anonymous,3 months ago"			
"OPPO,OP"	"PO K14x 5G,""O"	PPO K14x	"5G (Icy Blue, 64 GB)"",14999,icy blue,128,5,Mind-blowing purchase,""Good product ??"			
No fing	er print lock	""",Anonym"	"ous,3 months ago"			
OnePlus	",OnePlus Nord"	"CE5 5G,"	"""OnePlus Nord CE5 5G (Black Infinity, 128 GB)"",28999,black infinity,256,4,Wonderful,""Camera 4/5"			
Battery	4.5/5					
Display	03-May					
Perform	ance 4/5					
Good Ph	one at this P	rice Ran	ge			
4 years	Android Supp	ort and	"6 years Security Patch"",Anonymous,4 months ago"			
OnePlus	",OnePlus Nord"	"CE5 5G,"	"""OnePlus Nord CE5 5G (Black Infinity, 128 GB)"",28999,black infinity,128,5,Terrific,The screen quality is immersin"	g and	the sou	"nd is astonishingly loud and clear.,Anonymous,9 months ago"
OnePlus	",OnePlus Nord"	"CE5 5G,"	"""OnePlus Nord CE5 5G (Black Infinity, 128 GB)"",28999,black infinity,256,5,Wonderful,""Very good product."			
I am us	ing Nord CE2	since 20	20. Since 5 years its working superbly. Recently display has broken. Then I go for Nord CE5 last week. Nord CE se	ries m	obiles	"are excellent working condi..."",VND PRASAD CHINTA,9 months ago"
OnePlus	",OnePlus Nord"	"CE5 5G,"	"""OnePlus Nord CE5 5G (Black Infinity, 128 GB)"",28999,black infinity,128,5,Super!,OnePlus Quality Good,Anonymous,9"	month	s ago	
OnePlus	",OnePlus Nord"	"CE5 5G,"	"""OnePlus Nord CE5 5G (Black Infinity, 128 GB)"",28999,black infinity,128,4,Very Good,""On paper, it's great, but in"	reali	"ty, it"	"feels just good. Ex-battery doesn't feel 7100mAh. And the biggest let down is its single speaker, just didn't swallow if u've experienced double stereo speaker..."",Aditya Raj,8 months ago"
"POCO,PO"	"CO C71,""POCO"	C71 (Coo	"l Blue, 128 GB)"",9999,cool blue,128,4,Delightful,Nice phone in budget Happy ??,Anonymous,""May, 2025"""			
"POCO,PO"	"CO C75 5G,""PO"	CO C75 5	"G (Aqua Bliss, 64 GB)"",10999,aqua bliss,64,4,Good choice,Budget phone of 5g ... Jio 5g working but airtel5g not w"	orking	"..,Anon"	"ymous,""Jan, 2025"""
"POCO,PO"	"CO C75 5G,""PO"	CO C75 5	"G (Aqua Bliss, 64 GB)"",10999,aqua bliss,64,4,Very Good,No back case and only 10W charger is provided. In descript"	ion th	ey ment	"ioned 18W charger in box and back case also. Good for Parents.,Somisetty Pradeep,""Dec, 2024"""
"POCO,PO"	"CO C75 5G,""PO"	CO C75 5	"G (Aqua Bliss, 64 GB)"",10999,aqua bliss,64,5,Great product,""Only Best 5G smartphone with enough budget,loved it t"	o gift	my gra	"ndmother ??"",Anonymous,""Dec, 2024"""
"POCO,PO"	"CO C75 5G,""PO"	CO C75 5	"G (Aqua Bliss, 64 GB)"",10999,aqua bliss,64,4,Really Nice,This price range mobile worth.,Anonymous,""Dec, 2024"""			
"POCO,PO"	"CO C75 5G,""PO"	CO C75 5	"G (Aqua Bliss, 64 GB)"",10999,aqua bliss,64,5,Classy product,I would say really this is the best phone and this..."	.. At	the pri	"ce you are getting this this is totally phenomenal because the camera is average but battery is awesome and performance is also awesom...,Anonymous,""Dec, 2024"""
"POCO,PO"	"CO C75 5G,""PO"	CO C75 5	"G (Enchanted Green, 128 GB)"",11499,enchanted green,128,5,Mind-blowing purchase,""Super product??????????"			
Thank u	"flipkart ????"""	",Anonymo"	"us,9 months ago"			
"POCO,PO"	"CO C75 5G,""PO"	CO C75 5	"G (Enchanted Green, 64 GB)"",10999,enchanted green,64,4,Worth the money,Good,Anonymous,""Jan, 2025"""			
"POCO,PO"	"CO C75 5G,""PO"	CO C75 5	"G (Enchanted Green, 64 GB)"",10999,enchanted green,64,5,Classy product,""Design is amazing ??????."			
Camera	is decent??????.					
Picture	quality is a	mazing ??	"??"",Anonymous,""Dec, 2024"""			
"POCO,PO"	"CO C75 5G,""PO"	CO C75 5	"G (Enchanted Green, 64 GB)"",10999,enchanted green,64,3,Just okay,Good ????,Anonymous,""Mar, 2025"""			
"POCO,PO"	"CO C75 5G,""PO"	CO C75 5	"G (Silver Stardust, 64 GB)"",10999,silver stardust,64,5,Fabulous!,Very good,Anonymous,""Mar, 2025"""			
"POCO,PO"	"CO C85 5G,""PO"	CO C85 5	"G (Power Black, 128 GB)"",13999,power black,128,4,Good quality product,Value for money,Anonymous,""Apr, 2025"""			
"POCO,PO"	"CO C85 5G,""PO"	CO C85 5	"G (Power Black, 128 GB)"",13999,power black,128,4,Good quality product,Good budget range mobile,Anonymous,7 months"	ago		
"POCO,PO"	"CO C85 5G,""PO"	CO C85 5	"G (Power Black, 128 GB)"",13999,power black,128,5,Mind-blowing purchase,Mobile design is so pretty and I am satisf"	ied th	is prod	"uct in this price...?????????? Thankyou Flipkart ????????????,Anonymous,8 months ago"
"POCO,PO"	"CO C85 5G,""PO"	CO C85 5	"G (Power Black, 128 GB)"",13999,power black,128,5,Simply awesome,Good,Albin Kurian,4 months ago"			
"POCO,PO"	"CO C85 5G,""PO"	CO C85 5	"G (Power Black, 128 GB)"",13999,power black,128,3,Decent product,Everything is ok... Battery best ... camera Best"	in thi	s price	".. but phone software issue hanging,Maninder  Singh ,2 months ago"
"POCO,PO"	"CO C85 5G,""PO"	CO C85 5	"G (Power Black, 128 GB)"",13999,power black,128,5,Just wow!,Good,Monu  Chaudhary,3 months ago"			
"POCO,PO"	"CO C85x,""POCO"	C85x (E	"lite Black, 128 GB)"",12499,elite black,128,3,Decent product,Overall average mobile but look is too good ??,Anonymo"	"us,1 m"	onth ag	o
"POCO,PO"	"CO C85x,""POCO"	C85x (E	"lite Black, 128 GB)"",12499,elite black,128,4,Pretty good,""CAMERA IS WORST"			
BATTERY	IS EXCELLENT					
PERFORM	ANCE ONLY DAI	LY USE				
IT IS B	EST FOR PAREN	TS				
CHARGIN	G IT TAKES MO	RE TIME	"BECAUSE LONG LASTING OVERALL IT IS A AVERAGE PHONE I WOULD GIVE 3.5/5 RATING"",Gummi Padma,1 month ago"			
"POCO,PO"	"CO C85x,""POCO"	C85x (E	"lite Black, 128 GB)"",12499,elite black,128,5,Terrific,Good phone,Shibam Chauhan,1 month ago"			
"POCO,PO"	"CO C85x,""POCO"	C85x (E	"lite Black, 128 GB)"",12499,elite black,128,5,Brilliant,Best quality product in love with this product must buy it"	for o	"nce,Gun"	"jan Agrawal,10 days ago"
"POCO,PO"	"CO C85x,""POCO"	C85x (E	"lite Black, 128 GB)"",12499,elite black,128,3,Decent product,Nice but average phone,MD SHADAB KASMI,2 months ago"			
"POCO,PO"	"CO C85x,""POCO"	C85x (E	"lite Black, 128 GB)"",12499,elite black,128,1,Hated it!,Wifi is not connecting,Jose Johnson,3 days ago"			
"POCO,PO"	"CO C85x,""POCO"	C85x (E	"lite Black, 128 GB)"",12499,elite black,128,4,Good choice,Good,Deepak Raj,5 days ago"			
"POCO,PO"	"CO C85x,""POCO"	C85x (E	"lite Black, 128 GB)"",12499,elite black,128,1,Don't waste your money,Worst product,Flipkart Customer,7 days ago"			
"POCO,PO"	"CO C85x,""POCO"	C85x (E	"lite Black, 64 GB)"",11499,elite black,64,4,Really Nice,""Value for money product"			
Good pr	"ice"",Anonymou"	"s,1 mont"	h ago			
"POCO,PO"	"CO C85x,""POCO"	C85x (E	"lite Black, 64 GB)"",11499,elite black,64,1,Very poor,Worst product,karthik mani,2 days ago"			
"POCO,PO"	"CO C85x,""POCO"	C85x (E	"merald Green, 128 GB)"",12499,emerald green,128,3,Does the job,""The display of the phone is very bad, the performa"	nce of	the ph	"one is very bad, it is very useless, whatever I say about it, its performance is bad, please I will take care of the phone from my side s..."",Anonymous,1 month ago"
"POCO,PO"	"CO C85x,""POCO"	C85x (E	"merald Green, 64 GB)"",11499,emerald green,64,5,Mind-blowing purchase,According to price  moble is good ??,mohit in"	"dora,2"	months	ago
"POCO,PO"	"CO C85x,""POCO"	C85x (E	"merald Green, 64 GB)"",11499,emerald green,64,5,Mind-blowing purchase,Awesome budget phone!!!,Prasanna Basumatary"	",2 mon"	ths ago	
"POCO,PO"	"CO C85x,""POCO"	C85x (E	"merald Green, 64 GB)"",11499,emerald green,64,5,Awesome,Very nice product,Flipkart Customer,17 days ago"			
"POCO,PO"	"CO C85x,""POCO"	C85x (E	"merald Green, 64 GB)"",11499,emerald green,64,1,Horrible,""Boka phone"			
Boka mo	ney					
Do not	"buy"",Assistan"	t manage	"r,3 days ago"			
"POCO,PO"	"CO C85x,""POCO"	C85x (E	"merald Green, 64 GB)"",11499,emerald green,64,5,Wonderful,Super,AJITH  AJITH,5 days ago"			
"POCO,PO"	"CO C85x,""POCO"	C85x (E	"merald Green, 64 GB)"",11499,emerald green,,4,Delightful,Awesome products and battery backup good money price good"	"??,Ano"	"nymous,"	"""Dec, 2023"""
"POCO,PO"	"CO C85x,""POCO"	C85x (S	"unset Gold, 64 GB)"",11499,sunset gold,64,5,Perfect product!,Superb,Flipkart Customer,1 month ago"			
"POCO,PO"	"CO C85x,""POCO"	C85x (S	"unset Gold, 64 GB)"",11499,sunset gold,64,5,Best in the market!,Very good mobail,Chandra Shekhar Singh,Today"			
"POCO,PO"	CO M6 Plus 5G	",""POCO M"	"6 Plus 5G (Ice Silver, 128 GB)"",14499,ice silver,128,4,Nice product,Superb quality design by poco it's looking li"	ke pre	mium ph	"one in this price range and camera of this phone so glossy capture photo and smoothly run os ????,Anonymous,""Aug, 2024"""
"POCO,PO"	CO M6 Plus 5G	",""POCO M"	"6 Plus 5G (Ice Silver, 128 GB)"",14499,ice silver,128,4,Good quality product,Nice quality,Anonymous,""Apr, 2025"""			
"POCO,PO"	CO M6 Plus 5G	",""POCO M"	"6 Plus 5G (Ice Silver, 128 GB)"",14499,ice silver,128,5,Highly recommended,Nice picture,Anonymous,7 months ago"			
"POCO,PO"	CO M6 Plus 5G	",""POCO M"	"6 Plus 5G (Ice Silver, 128 GB)"",14499,ice silver,128,4,Worth the money,""Better performance average"			
But bet	ter for this	"price"",A"	"nonymous,""Sep, 2024"""			
"POCO,PO"	"CO M7 5G,""POC"	O M7 5G	"(Ocean Blue, 128 GB)"",13499,ocean blue,128,4,Value-for-money,Good phone in this budget. I'm using poco phone last"	3 yea	rs. Goo	"d performance.,Soumyo C,""Mar, 2025"""
"POCO,PO"	"CO M7 5G,""POC"	O M7 5G	"(Ocean Blue, 128 GB)"",13499,ocean blue,128,3,Fair,Very good camera quality and best Performance,Anonymous,""Apr, 2"	"025"""		
"POCO,PO"	"CO M7 5G,""POC"	O M7 5G	"(Ocean Blue, 128 GB)"",13499,ocean blue,128,5,Mind-blowing purchase,""Low baget best mobile phone."			
Battery	charge time	too much	..			
Phone s	peed just wow	..				
Camera	not good.					
Overall	rating 3.5 o	"ut of 5"""	",MD ANWAR HOSSAIN,""Mar, 2025"""			
"POCO,PO"	"CO M7 5G,""POC"	O M7 5G	"(Ocean Blue, 128 GB)"",13499,ocean blue,128,5,Mind-blowing purchase,Nice ?? phone is this Budget segment good quali"	ty ???	???????	",Anonymous,""Mar, 2025"""
"POCO,PO"	"CO M7 5G,""POC"	O M7 5G	"(Ocean Blue, 128 GB)"",13499,ocean blue,128,3,Does the job,Best budget phone,Anonymous,""Apr, 2025"""			
"POCO,PO"	"CO M7 5G,""POC"	O M7 5G	"(Ocean Blue, 128 GB)"",13499,ocean blue,128,3,Decent product,Gyroscope not a supported,Narendra Jadav,""Apr, 2025"""			
"POCO,PO"	"CO M7 5G,""POC"	O M7 5G	"(Ocean Blue, 128 GB)"",13499,ocean blue,128,5,Highly recommended,Battery drains quite fast. Camera is as good as t"	he pri	ce. Ove	"r all worth buying this mobile,Abdul Gafoor  Shaikh,""Apr, 2025"""
"POCO,PO"	"CO M7 5G,""POC"	O M7 5G	"(Ocean Blue, 128 GB)"",13499,ocean blue,128,5,Super!,The best mobile,Anonymous,4 months ago"			
"POCO,PO"	"CO M7 5G,""POC"	O M7 5G	"(Satin Black, 128 GB)"",13499,satin black,128,5,Fabulous!,I love this product is very good,Surya prakash,""Mar, 202"	"5"""		
"POCO,PO"	"CO M7 5G,""POC"	O M7 5G	"(Satin Black, 128 GB)"",13499,satin black,128,3,Just okay,Decent product with reasonable price. Good option for pa"	rents.	",Atul T"	"yagi,""Mar, 2025"""
"POCO,PO"	"CO M7 5G,""POC"	O M7 5G	"(Satin Black, 128 GB)"",13499,satin black,128,4,Nice product,good product in this price range,Rajesh Bordia,""Mar,"	"2025"""		
"POCO,PO"	"CO M7 5G,""POC"	O M7 5G	"(Satin Black, 128 GB)"",13499,satin black,128,4,Wonderful,Value for money,Bijit Biswas,9 months ago"			
"POCO,PO"	"CO M7 5G,""POC"	O M7 5G	"(Satin Black, 128 GB)"",13499,satin black,128,5,Simply awesome,Good product,Anonymous,""Apr, 2025"""			
"POCO,PO"	"CO M7 5G,""POC"	O M7 5G	"(Satin Black, 128 GB)"",13499,satin black,128,4,Worth the money,Budget friendly phone and it's really good,Anonymo"	"us,""Ma"	"r, 2025"	""""
"POCO,PO"	CO M7 Plus 5G	",""POCO M"	"7 Plus 5G (Aqua Blue, 128 GB)"",17999,aqua blue,128,5,Super!,A1 super fantastic,Anonymous,7 months ago"			
"POCO,PO"	CO M7 Plus 5G	",""POCO M"	"7 Plus 5G (Aqua Blue, 128 GB)"",17999,aqua blue,128,4,Value-for-money,Just received the phone. feels good in the h"	and. t	he mate	"rials feel premium. the bezels are way bigger than the promotional picturess suggest.,Anonymous,4 months ago"
"POCO,PO"	CO M7 Plus 5G	",""POCO M"	"7 Plus 5G (Aqua Blue, 128 GB)"",17999,aqua blue,128,4,Delightful,""Camera is ok for the price"			
Battery	?? is long la	sting				
Display	is also good					
Perform	ance is best					
Over al	l is nice dea	"l"",Anony"	"mous,6 months ago"			
"POCO,PO"	CO M7 Plus 5G	",""POCO M"	"7 Plus 5G (Aqua Blue, 128 GB)"",17999,aqua blue,128,5,Excellent,Good phone,Raghavendra.u.s Acharya,9 months ago"			
"POCO,PO"	CO M7 Plus 5G	",""POCO M"	"7 Plus 5G (Aqua Blue, 128 GB)"",17999,aqua blue,128,3,Good,""Camera and speaker, display very poor quality"",R.D Raj"	u Rava	"da,8 mo"	nths ago
"POCO,PO"	CO M7 Plus 5G	",""POCO M"	"7 Plus 5G (Aqua Blue, 128 GB)"",17999,aqua blue,128,4,Good quality product,Thisbis ok as per money,Dhaval Yadav,8"	days a	go	
"POCO,PO"	CO M7 Plus 5G	",""POCO M"	"7 Plus 5G (Aqua Blue, 128 GB)"",17999,aqua blue,128,5,Terrific,Ok,Ajith Ak,9 days ago"			
"POCO,PO"	CO M7 Plus 5G	",""POCO M"	"7 Plus 5G (Aqua Blue, 128 GB)"",17999,aqua blue,128,5,Brilliant,""Price is high."			
Phone i	"s best,"",Deva"	"n Ram,11"	days ago			
"POCO,PO"	CO M7 Plus 5G	",""POCO M"	"7 Plus 5G (Aqua Blue, 128 GB)"",17999,aqua blue,128,3,Don't waste your money,Okok,Shiv  Kumar,1 month ago"			
"POCO,PO"	CO M7 Plus 5G	",""POCO M"	"7 Plus 5G (Aqua Blue, 128 GB)"",17999,aqua blue,128,2,Moderate,Not work properly,R S,12 days ago"			
"POCO,PO"	CO M7 Plus 5G	",""POCO M"	"7 Plus 5G (Aqua Blue, 128 GB)"",17999,aqua blue,128,1,Very poor,After some time my mobile is switch off,Vikash Pat"	"el,16"	days ag	o
"POCO,PO"	CO M7 Plus 5G	",""POCO M"	"7 Plus 5G (Aqua Blue, 128 GB)"",17999,aqua blue,128,5,Best in the market!,Camera ?? battery  ?,Chinnamaddi  Lakshmi"	naraya	na  Bik	"e Mikenik,8 months ago"
"POCO,PO"	CO M7 Plus 5G	",""POCO M"	"7 Plus 5G (Carbon Black, 128 GB)"",16999,carbon black,128,5,Mind-blowing purchase,""In times of price hike, this mo"	bile i	s insan	"e with a great processor, great camera, and premium look. If you want great mobile below 20k, then just blindly go with it."",Anonymous,1 month ago"
"POCO,PO"	CO M7 Plus 5G	",""POCO M"	"7 Plus 5G (Carbon Black, 128 GB)"",16999,carbon black,128,4,Pretty good,Good Mobile,Sanjay Kumar Sharma,1 month ag"	o		
"POCO,PO"	CO M7 Plus 5G	",""POCO M"	"7 Plus 5G (Carbon Black, 128 GB)"",16999,carbon black,128,5,Worth every penny,Good product ??,Anonymous,7 months ag"	o		
"POCO,PO"	CO M7 Plus 5G	",""POCO M"	"7 Plus 5G (Carbon Black, 128 GB)"",16999,carbon black,128,5,Highly recommended,Good,Anonymous,5 months ago"			
"POCO,PO"	CO M7 Plus 5G	",""POCO M"	"7 Plus 5G (Carbon Black, 128 GB)"",16999,carbon black,128,5,Value-for-money,""I ordered the mobile(4gb model) on 26"	th 9:4	"5pm, an"	"d got it delivered the next day by 1:15pm which was superfast. It was open box delivery which went well, and I videoed it. As far as the product is co..."",Anonymous,6 months ago"
"POCO,PO"	CO M7 Plus 5G	",""POCO M"	"7 Plus 5G (Carbon Black, 128 GB)"",16999,carbon black,128,5,Excellent,Very Nice . Looks pretty and value for money"	".,Flip"	kart Cu	"stomer,9 months ago"
"POCO,PO"	CO M7 Plus 5G	",""POCO M"	"7 Plus 5G (Carbon Black, 128 GB)"",16999,carbon black,128,5,Just wow!,Love this product with functionality.,Anonym"	"ous,9"	months	ago
"POCO,PO"	CO M7 Plus 5G	",""POCO M"	"7 Plus 5G (Carbon Black, 128 GB)"",16999,carbon black,256,4,Worth the money,Overall good phone,Rohit Kushawaha,1 m"	onth a	go	
"POCO,PO"	CO M7 Plus 5G	",""POCO M"	"7 Plus 5G (Carbon Black, 128 GB)"",16999,carbon black,128,4,Pretty good,""For general usage, It is decent enough fo"	r dail	y tasks	". No lag. Android 16 Hyper OS 3 update came on April 1st. It is smooth. I have a Poco m7 pro as well. Comparing this mobile Poco M8 is better. Def..."",KOTI BALA SAI TEJA SAGA,1 month ago"
"POCO,PO"	CO M7 Plus 5G	",""POCO M"	"7 Plus 5G (Carbon Black, 128 GB)"",16999,carbon black,128,5,Must buy!,""1-Camera - The 50MP main rear camera perfor"	ms ade	quately	in daylight conditions and also I love the selfie camera details of photos are really good
2-Perfo	rmance-The Sn	apdragon	"6 Gen 3 processor handl..."",Anonymous,4 months ago"			
"POCO,PO"	CO M7 Plus 5G	",""POCO M"	"7 Plus 5G (Carbon Black, 128 GB)"",16999,carbon black,128,5,Must buy!,""Overall it is a good and balanced phone."			
The cam	era is good a	s per th	e price range.			
Battery	back up is a	major c	"oncern, it could be better."",Anonymous,4 months ago"			
"POCO,PO"	CO M7 Plus 5G	",""POCO M"	"7 Plus 5G (Carbon Black, 128 GB)"",16999,carbon black,128,5,Excellent,""Nice mobile in this price range thanks poco"			
And tha	nks to flipka	rt for f	ast delivery...			
And del	"ivery boy"",Mo"	hammed A	"MAAN MEMON,4 months ago"			
"POCO,PO"	CO M7 Plus 5G	",""POCO M"	"7 Plus 5G (Carbon Black, 128 GB)"",16999,carbon black,128,5,Simply awesome,Beautiful ? mobile phone nice??,Anonymou"	"s,6 mo"	nths ag	o
"POCO,PO"	CO M7 Plus 5G	",""POCO M"	"7 Plus 5G (Carbon Black, 128 GB)"",16999,carbon black,128,5,Just wow!,Good,Sumit Kumar,8 months ago"			
"POCO,PO"	CO M7 Plus 5G	",""POCO M"	"7 Plus 5G (Chrome Silver, 128 GB)"",15499,silver,,3,Fair,Very good ????,MD JUBAIR,2 months ago"			
"POCO,PO"	CO M7 Plus 5G	",""POCO M"	"7 Plus 5G (Chrome Silver, 128 GB)"",15499,chrome silver,128,4,Delightful,""Point 10/07"			
1.camer	a. Decent 10/	7				
2.sound	. Low and si	ngle spe	aker 10/06			
3.batta	ry. Excellent	10-Oct				
4.charg	er . To slow	33wt   1	0/08			
5.displ	ay. Good   10	/09				
6.perfo	rmance. Good	10-Aug				
7.headp	"hone ...."",An"	"onymous,"	7 months ago			
"POCO,PO"	CO M7 Plus 5G	",""POCO M"	"7 Plus 5G (Chrome Silver, 128 GB)"",15499,chrome silver,128,5,Super!,Worth it...for regular use performance and ca"	mera i	s avera	"ge in this price...overall good product,Anonymous,7 months ago"
"POCO,PO"	CO M7 Plus 5G	",""POCO M"	"7 Plus 5G (Chrome Silver, 128 GB)"",15499,chrome silver,128,2,Moderate,Lag issue,Sachin Vasava,7 months ago"			
"POCO,PO"	CO M7 Plus 5G	",""POCO M"	"7 Plus 5G (Chrome Silver, 128 GB)"",15499,chrome silver,128,3,Just okay,Not so fast as a new fone shoud,Mansoor Al"	i kudl	"i,7 mon"	ths ago
"POCO,PO"	CO M7 Plus 5G	",""POCO M"	"7 Plus 5G (Chrome Silver, 128 GB)"",15499,chrome silver,128,5,Does the job,They're mentioned 4gb ram but Actually"	it's w	orking	"as a 2gb ram lagging and hanging dead slow performance but only one thing is better for battery is the best in class other wise don't consider this,Prabu D,7 months ago"
"POCO,PO"	CO M7 Plus 5G	",""POCO M"	"7 Plus 5G (Chrome Silver, 128 GB)"",15499,chrome silver,128,5,Very Good,All about function and design so good in t"	his pr	ize ran	"ge,Anonymous,7 months ago"
"POCO,PO"	CO M7 Plus 5G	",""POCO M"	"7 Plus 5G (Chrome Silver, 128 GB)"",15499,chrome silver,128,4,Good choice,""The phone is good,with long battery lif"	e basi	cally a	"balance device no such lags or something,if you are planning to buy a good buy but while updating the device please check the reviews once"",Anonymous,7 months ago"
"POCO,PO"	CO M7 Plus 5G	",""POCO M"	"7 Plus 5G (Chrome Silver, 128 GB)"",15499,chrome silver,128,4,Wonderful,Nice phon ??????,Anonymous,7 months ago"			
"POCO,PO"	CO M7 Plus 5G	",""POCO M"	"7 Plus 5G (Chrome Silver, 128 GB)"",15499,chrome silver,128,5,Worth every penny,Very nice mobile everything very g"	ood de	cision	"camera program etc. I love that mobile Full of money value,Anonymous,8 months ago"
"POCO,PO"	CO M7 Plus 5G	",""POCO M"	"7 Plus 5G (Chrome Silver, 128 GB)"",15499,chrome silver,128,5,Excellent,""Value for money,,, mobile looking good,,"	perfor	mance v	"ery good,,"",LAXMIKANTA DAS,7 months ago"
"POCO,PO"	CO M7 Plus 5G	",""POCO M"	"7 Plus 5G (Chrome Silver, 128 GB)"",15499,silver,,5,Wonderful,Super,Anonymous,""Dec, 2019"""			
"POCO,PO"	CO M7 Plus 5G	",""POCO M"	"7 Plus 5G (Chrome Silver, 128 GB)"",15499,silver,,5,Excellent,""good sound, very cute??"",Anonymous,""Dec, 2019"""			
"POCO,PO"	CO M7 Plus 5G	",""POCO M"	"7 Plus 5G (Chrome Silver, 128 GB)"",15499,silver,,5,Super!,Nice product,Anonymous,""Oct, 2020"""			
"POCO,PO"	CO M7 Plus 5G	",""POCO M"	"7 Plus 5G (Chrome Silver, 128 GB)"",15499,silver,,5,Just wow!,this phon is really really awesome,Anonymous,""Aug, 2"	"018"""		
"POCO,PO"	CO M7 Plus 5G	",""POCO M"	"7 Plus 5G (Chrome Silver, 128 GB)"",15499,silver,,5,Great product,""very good tiny size phone with good vibrator ,"	and re	asonabl	e price
camera	is very poor	but this	is not a strong matter			
fm norm	"al , 3.5 jack"	working	fine and I got 1.5 days battery backup			
externa	"l ba..."",Anon"	"ymous,""J"	"un, 2018"""			
"POCO,PO"	CO M7 Plus 5G	",""POCO M"	"7 Plus 5G (Chrome Silver, 128 GB)"",15499,silver,,5,Terrific purchase,NYC phone,Anonymous,""Oct, 2018"""			
"POCO,PO"	CO M7 Plus 5G	",""POCO M"	"7 Plus 5G (Chrome Silver, 128 GB)"",15499,silver,,5,Highly recommended,Awesome..,AJAY KUMAR GAHLAN,""Oct, 2017"""			
"POCO,PO"	CO M7 Plus 5G	",""POCO M"	"7 Plus 5G (Chrome Silver, 128 GB)"",15499,silver,,5,Brilliant,good product,Anonymous,""Jan, 2020"""			
"POCO,PO"	CO M7 Plus 5G	",""POCO M"	"7 Plus 5G (Chrome Silver, 128 GB)"",15499,chrome silver,128,5,Mind-blowing purchase,Very good mobil value of money"	",Srika"	nth  Be	"rugu srikanth ,9 months ago"
"POCO,PO"	CO M7 Plus 5G	",""POCO M"	"7 Plus 5G (Chrome Silver, 128 GB)"",15499,chrome silver,128,5,Super!,Worh for Money,viswakshen simha,8 months ago"			
"POCO,PO"	CO M7 Plus 5G	",""POCO M"	"7 Plus 5G (Chrome Silver, 128 GB)"",15499,chrome silver,128,4,Good choice,Best phone but gaming,Kartik Mandal,8 mo"	nths a	go	
"POCO,PO"	CO M7 Plus 5G	",""POCO M"	"7 Plus 5G (Chrome Silver, 128 GB)"",15499,chrome silver,128,3,Decent product,""Battery 10/10"			
Display	07-Oct					
Phone p	erformance 6/	10				
Game pe	rformance 3/1	0				
Single	slot for sim					
This mo	bile only bet	ter for	"parents like house hold works...."",Dinesh Sunny,7 months ago"			
"POCO,PO"	CO M7 Plus 5G	",""POCO M"	"7 Plus 5G (Chrome Silver, 128 GB)"",15499,chrome silver,128,5,Must buy!,Very nice phone best for office work large"	batte	ry valu	"e for money,Anonymous,7 months ago"
"POCO,PO"	CO M7 Plus 5G	",""POCO M"	"7 Plus 5G (Chrome Silver, 128 GB)"",15499,chrome silver,128,5,Awesome,Nice mobile,Topik S,9 months ago"			
"POCO,PO"	CO M7 Plus 5G	",""POCO M"	"7 Plus 5G (Chrome Silver, 128 GB)"",15499,chrome silver,128,5,Mind-blowing purchase,Very good,john paul,8 months a"	go		
"REDMI,R"	"EDMI 15A,""RED"	MI 15A (	"Ace Black, 64 GB)"",13499,ace black,128,3,Does the job,Price to high product quality low,Angad Yadav,1 month ago"			
"REDMI,R"	"EDMI 15A,""RED"	MI 15A (	"Ace Black, 64 GB)"",13499,ace black,128,4,Delightful,Overall worth for that price,Chirra Saikumar,1 month ago"			
"REDMI,R"	"EDMI 15A,""RED"	MI 15A (	"Ace Black, 64 GB)"",13499,ace black,64,5,Excellent,All good,Raghunath palai Palai,9 days ago"			
"REDMI,R"	"EDMI A4,""REDM"	I A4 (Sp	"arkle Purple, 128 GB)"",13989,sparkle purple,128,4,Good choice,Good ????,Anonymous,""Jan, 2025"""			
"REDMI,R"	"EDMI A4,""REDM"	I A4 (Sp	"arkle Purple, 128 GB)"",13989,sparkle purple,128,5,Super!,Nice phone ?? guys,Aman Yadav,""Dec, 2024"""			
"REDMI,R"	"EDMI A4,""REDM"	I A4 (Sp	"arkle Purple, 128 GB)"",13989,sparkle purple,128,5,Wonderful,Quality the best,Anonymous,""Dec, 2024"""			
"REDMI,R"	"EDMI A4,""REDM"	I A4 (Sp	"arkle Purple, 128 GB)"",13989,sparkle purple,128,5,Terrific purchase,Good,Khushnoor khan,""Dec, 2024"""			
"REDMI,R"	"EDMI A4,""REDM"	I A4 (Sp	"arkle Purple, 128 GB)"",13989,sparkle purple,128,4,Wonderful,""Product is very good, budget friend smart phone. Cam"	era is	"good,"	"5G connectivity good."",KUMAR R H,""Dec, 2024"""
"REDMI,R"	"EDMI A4,""REDM"	I A4 (Sp	"arkle Purple, 128 GB)"",13989,sparkle purple,128,5,Terrific,Good product,Anonymous,""Dec, 2024"""			
"REDMI,R"	"EDMI A4,""REDM"	I A4 (Sp	"arkle Purple, 128 GB)"",13989,sparkle purple,128,5,Terrific purchase,Beutiful mobile,Ravi kamar mahato,""Dec, 2024"""			
"REDMI,R"	"EDMI A5,""REDM"	I A5 (Ja	"isalmer Gold, 64 GB)"",8999,jaisalmer gold,64,5,Must buy!,Good price and good mobile sound quality best,Anonymous,"	10 mon	ths ago	
"REDMI,R"	"EDMI A5,""REDM"	I A5 (Ja	"isalmer Gold, 64 GB)"",8999,jaisalmer gold,64,5,Terrific,Good price good phone ?? thanks flipkart,Anonymous,11 mont"	hs ago		
"REDMI,R"	"EDMI A5,""REDM"	I A5 (Ja	"isalmer Gold, 64 GB)"",8999,jaisalmer gold,64,5,Brilliant,Like this phone Redmi A5,ASHISH PAINTER WORK,""Apr, 2025"""			
"REDMI,R"	"EDMI A5,""REDM"	I A5 (Ja	"isalmer Gold, 64 GB)"",8999,jaisalmer gold,64,4,Very Good,It's nice,Abhijith Matthew,""May, 2025"""			
"REDMI,R"	"EDMI A5,""REDM"	I A5 (Ja	"isalmer Gold, 64 GB)"",8999,jaisalmer gold,64,4,Very Good,""Nice product.. in this price range."			
look wi	se fantastic.	.				
Value f	"or money.."",F"	lipkart	"Customer,""Apr, 2025"""			
"REDMI,R"	"EDMI A5,""REDM"	I A5 (Ja	"isalmer Gold, 64 GB)"",8999,gold,,5,Great product,So cool wark,Adhitya Bangaru,3 months ago"			
"REDMI,R"	"EDMI A5,""REDM"	I A5 (Ja	"isalmer Gold, 64 GB)"",8999,gold,,4,Really Nice,Very nice phone,PARMANAND BELWANSHI,2 months ago"			
"REDMI,R"	"EDMI A5,""REDM"	I A5 (Ja	"isalmer Gold, 64 GB)"",8999,gold,,1,Worst experience ever!,Device no SIM card problem,Flipkart Customer,3 months a"	go		
"REDMI,R"	"EDMI A5,""REDM"	I A5 (Ja	"isalmer Gold, 64 GB)"",8999,gold,,1,Did not meet expectations,Bad pudak,Biswajit Roy,3 days ago"			
"REDMI,R"	"EDMI A5,""REDM"	I A5 (Ja	"isalmer Gold, 64 GB)"",8999,gold,,2,Moderate,Bad,Sanjay  wedekar,14 days ago"			
"REDMI,R"	"EDMI A5,""REDM"	I A5 (Ja	"isalmer Gold, 64 GB)"",8999,gold,,1,Hated it!,""Very rubbish, no return policy , dont buy this product guys. It is"	a rubb	ish pho	"ne, not even showing signal at all."
						
Very ba	"d product"",An"	"onymous,"	19 days ago			
"REDMI,R"	"EDMI A5,""REDM"	I A5 (Ja	"isalmer Gold, 64 GB)"",8999,gold,,1,Unsatisfactory,Very bad prodact,Kiron Mia,1 month ago"			
"REDMI,R"	"EDMI A5,""REDM"	I A5 (Ja	"isalmer Gold, 64 GB)"",8999,gold,,1,Don't waste your money,Worst,Muthu Kumar,1 month ago"			
"REDMI,R"	"EDMI A5,""REDM"	I A5 (Ja	"isalmer Gold, 64 GB)"",8999,gold,,1,Waste of money!,BAD BETTRY PERFORMANCE,ASIKUL Mallik,1 month ago"			
"REDMI,R"	"EDMI A5,""REDM"	I A5 (Ja	"isalmer Gold, 64 GB)"",8999,gold,,5,Just wow!,""Very good product"			
I am ve	"ry Happy ????"","	Anonymou	"s,10 days ago"			
"REDMI,R"	"EDMI A5,""REDM"	I A5 (Ja	"isalmer Gold, 64 GB)"",8999,gold,,5,Mind-blowing purchase,Best price and very useful phone,Flipkart Customer,1 day"	ago		
"REDMI,R"	"EDMI A5,""REDM"	I A5 (Ja	"isalmer Gold, 64 GB)"",8999,gold,,5,Must buy!,Good,pappu TELECOM,4 days ago"			
"REDMI,R"	"EDMI A5,""REDM"	I A5 (Ja	"isalmer Gold, 64 GB)"",8999,gold,,5,Fabulous!,""Battery backup 10 me 10 , 3g internet connection good support,"",Fli"	pkart	Custome	"r,4 days ago"
"REDMI,R"	"EDMI A5,""REDM"	I A5 (Ja	"isalmer Gold, 64 GB)"",8999,gold,,1,Not recommended at all,Mic not working till from 1st day.no use for me.,Flipka"	rt Cus	"tomer,3"	days ago
"REDMI,R"	"EDMI A5,""REDM"	I A5 (Ja	"isalmer Gold, 64 GB)"",8999,gold,,5,Excellent,Nice product For Gf ??,Flipkart Customer,""Sep, 2022"""			
"REDMI,R"	"EDMI A5,""REDM"	I A5 (Ja	"isalmer Gold, 64 GB)"",8999,gold,,5,Best in the market!,Cute little mobile. Thanks to the maker. Phone sound quali"	ty is	good an	"d FM stations are clear. You can put in silent mode also. I like it very much.,Anonymous,""Dec, 2019"""
"REDMI,R"	"EDMI A5,""REDM"	I A5 (Ja	"isalmer Gold, 64 GB)"",8999,gold,,5,Great product,nice feature Phone,Anonymous,""Apr, 2019"""			
"REDMI,R"	"EDMI A5,""REDM"	I A5 (Ja	"isalmer Gold, 64 GB)"",8999,gold,,5,Fabulous!,nice look.....????,Anonymous,""Apr, 2019"""			
"REDMI,R"	"EDMI A5,""REDM"	I A5 (Ja	"isalmer Gold, 64 GB)"",8999,gold,,5,Excellent,nice product with value for money,Anonymous,""Aug, 2018"""			
"REDMI,R"	"EDMI A5,""REDM"	I A5 (Ja	"isalmer Gold, 64 GB)"",8999,gold,,4,Good deal,""A very light weight"			
Very sm	all					
U cant	even feel its	in ur p	ocket			
Speaker	s are very lo	ud				
Long la	sting					
Charges	very fast					
Very us	eful handling	this on	e while having big phone			
Good pr	ice					
Go for	it those h...	""",Himans"	"hu Chauhan,""Oct, 2017"""			
"REDMI,R"	"EDMI A5,""REDM"	I A5 (Ja	"isalmer Gold, 64 GB)"",8999,gold,,4,Nice product,battery & camera is average otherwise it's best,Anonymous,""Jan, 2"	"019"""		
"REDMI,R"	"EDMI A5,""REDM"	I A5 (Ja	"isalmer Gold, 64 GB)"",8999,gold,,4,Worth the money,Very good Nice  mobile,Anonymous,""Aug, 2019"""			
"REDMI,R"	"EDMI A5,""REDM"	I A5 (Ja	"isalmer Gold, 64 GB)"",8999,gold,,2,Slightly disappointed,This mobile charjar was blasted,Anonymous,""Feb, 2025"""			
"REDMI,R"	"EDMI A5,""REDM"	I A5 (Ja	"isalmer Gold, 64 GB)"",8999,gold,,5,Excellent,Very good product,Mohit Verma,""Mar, 2025"""			
"REDMI,R"	"EDMI A5,""REDM"	I A5 (Ja	"isalmer Gold, 64 GB)"",8999,gold,,5,Just wow!,I don't like me,Anonymous,""Mar, 2025"""			
"REDMI,R"	"EDMI A5,""REDM"	I A5 (Ju	"st Black, 64 GB)"",8999,just black,64,5,Terrific,Good price range,Anonymous,""May, 2025"""			
"REDMI,R"	"EDMI A5,""REDM"	I A5 (Ju	"st Black, 64 GB)"",8999,just black,64,5,Best in the market!,Good,INDRAJIT SAU,""Apr, 2025"""			
"REDMI,R"	"EDMI A5,""REDM"	I A5 (Ju	"st Black, 64 GB)"",8999,just black,64,5,Classy product,Budget friendly mobile,Kandhavel Manikandan,""Apr, 2025"""			
"REDMI,R"	"EDMI A5,""REDM"	I A5 (Ju	"st Black, 64 GB)"",8999,just black,64,5,Mind-blowing purchase,Amazing product at this price,Anonymous,11 months ag"	o		
"REDMI,R"	"EDMI A5,""REDM"	I A5 (Po	"ndicherry Blue, 64 GB)"",8999,pondicherry blue,64,5,Best in the market!,good ??,Anonymous,11 months ago"			
"REDMI,R"	EDMI Note 14	"SE 5G,""R"	"EDMI Note 14 SE 5G (Titan Black, 128 GB)"",16999,titan black,128,5,Terrific,This phone good warking battery in a l"	ong ti	me use	"my be 1 full day,Abhishek  Chaudhari ,1 month ago"
"REDMI,R"	EDMI Note 14	"SE 5G,""R"	"EDMI Note 14 SE 5G (Titan Black, 128 GB)"",16999,titan black,128,5,Best in the market!,excellent product,Trilok  V"	"erma,1"	month	ago
"REDMI,R"	EDMI Note 14	"SE 5G,""R"	"EDMI Note 14 SE 5G (Titan Black, 128 GB)"",16999,titan black,128,3,Just okay,""It's redmi note 14 5g, not 14 SE 5g"			
company	just removed	adapter	and make it new launch@ less 1000 inr. Also on flipcart website they are showing a protective case being provide	d but	that's	"not true, ..."",abhishek kumar singh,9 months ago"
"REDMI,R"	EDMI Note 15	"SE 5G,""R"	"EDMI Note 15 SE 5G (Crimson Reserve, 128 GB)"",19999,crimson reserve,128,5,Classy product,Phone looks so beautiful"	",Dipen"	du Sama	"nta,1 month ago"
"REDMI,R"	EDMI Note 15	"SE 5G,""R"	"EDMI Note 15 SE 5G (Crimson Reserve, 128 GB)"",19999,crimson reserve,128,5,Excellent,4.4 ratings for me .Check thi"	s came	ra samp	"les. Like,Anonymous,1 month ago"
"REDMI,R"	EDMI Note 15	"SE 5G,""R"	"EDMI Note 15 SE 5G (Crimson Reserve, 128 GB)"",19999,crimson reserve,128,4,Wonderful,Good phone good price and red"	colou	r is ve	"ry beautiful ?? and update increase ofter one of good ui and single good,Aeshala Srikanth,1 month ago"
"REDMI,R"	EDMI Note 15	"SE 5G,""R"	"EDMI Note 15 SE 5G (Crimson Reserve, 128 GB)"",19999,crimson reserve,128,5,Highly recommended,Nice product with va"	luable	price	"??,RAJAT BABU,1 month ago"
"REDMI,R"	EDMI Note 15	"SE 5G,""R"	"EDMI Note 15 SE 5G (Crimson Reserve, 128 GB)"",19999,crimson reserve,128,4,Nice product,""The camera needs to be im"	proved	and ma	"y be required for a software update, also application management is very poor It takes all phone storage till 50 GB cover with a normal app. Please push updates t..."",Amar Kumar,1 month ago"
"REDMI,R"	EDMI Note 15	"SE 5G,""R"	"EDMI Note 15 SE 5G (Crimson Reserve, 128 GB)"",19999,crimson reserve,128,5,Classy product,""Honestly the display is"	the b	iggest	"highlight of this phone. It is super bright, very smooth and easily the best you will get in this price range. I have not seen any other phone offering this kind of..."",Anonymous,1 month ago"
"REDMI,R"	EDMI Note 15	"SE 5G,""R"	"EDMI Note 15 SE 5G (Crimson Reserve, 128 GB)"",19999,crimson reserve,128,5,Must buy!,""Phone is immersive"			
Display	is crisp					
Sound q	uality is awe	some ????				
Camera	upto the mark					
Design	is just super	b				
Vegan l	eather back i	s best				
Best in	"segment"",Nik"	"hil M,1"	month ago			
"REDMI,R"	EDMI Note 15	"SE 5G,""R"	"EDMI Note 15 SE 5G (Crimson Reserve, 128 GB)"",19999,crimson reserve,128,5,Brilliant,""The Redmi Note 15 SE feels s"	uper s	"lim, li"	"ghtweight, and premium right out of the box, and it is great to see a fast charger included. The curved display is perfectly balanced, giving it a really premi..."",Anonymous,1 month ago"
"REDMI,R"	EDMI Note 15	"SE 5G,""R"	"EDMI Note 15 SE 5G (Crimson Reserve, 128 GB)"",19999,crimson reserve,128,5,Perfect product!,Very very good mobile,"	Anonym	"ous,1 m"	onth ago
"REDMI,R"	EDMI Note 15	"SE 5G,""R"	"EDMI Note 15 SE 5G (Crimson Reserve, 128 GB)"",19999,crimson reserve,128,5,Must buy!,This is superb hendset,Dheera"	j jain	"Jain,"	1 month ago
"REDMI,R"	EDMI Note 15	"SE 5G,""R"	"EDMI Note 15 SE 5G (Crimson Reserve, 128 GB)"",19999,crimson reserve,128,5,Super!,Good,Ravikumara  K B,1 month ago"			
"REDMI,R"	EDMI Note 15	"SE 5G,""R"	"EDMI Note 15 SE 5G (Crimson Reserve, 128 GB)"",19999,crimson reserve,128,5,Terrific,Best mobile,Anonymous,20 days"	ago		
"REDMI,R"	EDMI Note 15	"SE 5G,""R"	"EDMI Note 15 SE 5G (Crimson Reserve, 256 GB)"",23999,crimson reserve,256,3,Just okay,If you want a nice looking ph"	one wi	th a de	"cent camera and a very good battery backup. Then go for it. But if you r gonna use it for gaming or multitasking..this phone isn't for you. Even with 8gb ram ...,sabiyaa Shaikh,1 month ago"
"REDMI,R"	EDMI Note 15	"SE 5G,""R"	"EDMI Note 15 SE 5G (Frosted White, 128 GB)"",19999,frosted white,128,3,Decent product,Design is good,Flipkart Cust"	"omer,1"	month	ago
"REDMI,R"	EDMI Note 15	"SE 5G,""R"	"EDMI Note 15 SE 5G (Frosted White, 128 GB)"",19999,frosted white,128,5,Fabulous!,Vallue for money,Puneet Mall,17 d"	ays ag	o	
"REDMI,R"	EDMI Note 15	"SE 5G,""R"	"EDMI Note 15 SE 5G (Frosted White, 128 GB)"",19999,frosted white,256,5,Awesome,Excellent Mobile ????,Malkit  Singh ,"	1 mont	h ago	
"REDMI,R"	EDMI Note 15	"SE 5G,""R"	"EDMI Note 15 SE 5G (Frosted White, 128 GB)"",19999,frosted white,256,5,Brilliant,Phone is all overall gud and Came"	ra is	looking	"good too for this range. Only con is my this could have had gorilla Glass for this budget.,Prasanth Prabhakaran,29 days ago"
Samsung	",Samsung Gala"	xy A07 L	"TE,""Samsung Galaxy A07 LTE (Light Violet, 64 GB)"",9960,light violet,64,5,Highly recommended,Awesome product,Divya"	Bhara	"thi,5 m"	onths ago
Samsung	",Samsung Gala"	xy A07 L	"TE,""Samsung Galaxy A07 LTE (Light Violet, 64 GB)"",9960,light violet,64,5,Worth every penny,Good product ??ilove ??"	samsu	"ng,Babu"	"n Ghosh,4 months ago"
Samsung	",Samsung Gala"	xy A07 L	"TE,""Samsung Galaxy A07 LTE (Light Violet, 64 GB)"",9960,light violet,64,4,Worth the money,Very good 4G phone for n"	ormal	"use,Rab"	"indraNath Mohanty,4 months ago"
Samsung	",Samsung Gala"	xy F06 5	"G,""Samsung Galaxy F06 5G (Bahama Blue, 128 GB)"",12999,bahama blue,128,4,Value-for-money,""thank you Flipkart ?? ??"			
Best pr	oduct value f	or money	""",Anonymous,""Feb, 2025"""			
Samsung	",Samsung Gala"	xy F06 5	"G,""Samsung Galaxy F06 5G (Bahama Blue, 128 GB)"",12999,bahama blue,128,3,Decent product,Please donot buy 4gb versi"	on it	lags a	"lot,Uma Shankar,11 months ago"
Samsung	",Samsung Gala"	xy F06 5	"G,""Samsung Galaxy F06 5G (Bahama Blue, 128 GB)"",12999,bahama blue,128,5,Perfect product!,Excellent Mobile,BIKASH"	RANJAN	SINGH	",""Feb, 2025"""
Samsung	",Samsung Gala"	xy F06 5	"G,""Samsung Galaxy F06 5G (Bahama Blue, 128 GB)"",12999,bahama blue,64,5,Mind-blowing purchase,Camera wow,Anonymous"	",""May,"	"2025"""	
Samsung	",Samsung Gala"	xy F06 5	"G,""Samsung Galaxy F06 5G (Bahama Blue, 128 GB)"",12999,bahama blue,128,4,Wonderful,Awesome phone! Best for normal"	use at	this p	"rice,Anonymous,""Mar, 2025"""
Samsung	",Samsung Gala"	xy F06 5	"G,""Samsung Galaxy F06 5G (Bahama Blue, 128 GB)"",12999,bahama blue,128,5,Really Nice,Budget smartphone. At this pr"	ice yo	u get a	"lot. Camera for a beginner is good. Performance is also good as of now.,Prasanjeet Patra,""Feb, 2025"""
Samsung	",Samsung Gala"	xy F06 5	"G,""Samsung Galaxy F06 5G (Bahama Blue, 128 GB)"",12999,bahama blue,128,4,Delightful,Normal user ok,Gow Gow,""Feb, 2"	"025"""		
Samsung	",Samsung Gala"	xy F06 5	"G,""Samsung Galaxy F06 5G (Bahama Blue, 128 GB)"",12999,bahama blue,128,5,Super!,Good display good performance must"	bye b	udget f	"riendly,Anonymous,""Feb, 2025"""
Samsung	",Samsung Gala"	xy F06 5	"G,""Samsung Galaxy F06 5G (Bahama Blue, 128 GB)"",12999,bahama blue,128,5,Worth every penny,Phone was good in this"	price	segment	",Anonymous,""Feb, 2025"""
Samsung	",Samsung Gala"	xy F06 5	"G,""Samsung Galaxy F06 5G (Bahama Blue, 128 GB)"",12999,bahama blue,128,4,Worth the money,Good budget phone,Anonymo"	"us,""Fe"	"b, 2025"	""""
Samsung	",Samsung Gala"	xy F06 5	"G,""Samsung Galaxy F06 5G (Lit Violet, 128 GB)"",12999,lit violet,128,5,Brilliant,""Samsung Galaxy F06 5G"			
						
The Sam	sung Galaxy F	06 5G de	"livers an excellent display with vibrant colors and smooth performance, making the gaming experience seamless. Th"	e batt	ery lif	"e is impressive, ensuri..."",Anonymous,""Mar, 2025"""
Samsung	",Samsung Gala"	xy F06 5	"G,""Samsung Galaxy F06 5G (Lit Violet, 128 GB)"",12999,lit violet,128,5,Best in the market!,""Perfect for students a"	nd pro	fession	als.
						
I bough	t this F06 5G	phone f	"or my online classes and work calls , and guess what ? Its been a game changer .  The 6GB Ram ensures smooth mult"	itaski	ng and	"the..."",Anonymous,""Mar, 2025"""
Samsung	",Samsung Gala"	xy F06 5	"G,""Samsung Galaxy F06 5G (Lit Violet, 128 GB)"",12999,lit violet,128,5,Brilliant,Amazing Phone with Great Features"	"!,Anon"	"ymous,"""	"Mar, 2025"""
Samsung	",Samsung Gala"	xy F06 5	"G,""Samsung Galaxy F06 5G (Lit Violet, 128 GB)"",12999,lit violet,128,5,Just wow!,The Samsung Galaxy F06 5G offers"	impres	sive fe	"atures for its price point. Users have praised its long-lasting 5000 mAh battery and reliable 5G connectivity. The device's 50 MP rear camera delivers dec...,Anonymous,""Mar, 2025"""
Samsung	",Samsung Gala"	xy F06 5	"G,""Samsung Galaxy F06 5G (Lit Violet, 128 GB)"",12999,lit violet,128,4,Value-for-money,""Nice smartphone for daily"	use.		
One UI	is great ??					
Side pa	nel is plasti	c but lo	"ok like alluminium"",Anonymous,""Mar, 2025"""			
Samsung	",Samsung Gala"	xy F06 5	"G,""Samsung Galaxy F06 5G (Lit Violet, 128 GB)"",12999,lit violet,128,4,Pretty good,""I'm not a power user, I just n"	eeded	a new p	"hone that just works, and this does just that. You won't love the display, you won't love the photos clicked from its camera's but you will love it's simplic..."",Flipkart Customer,""May, 2025"""
Samsung	",Samsung Gala"	xy F06 5	"G,""Samsung Galaxy F06 5G (Lit Violet, 128 GB)"",12999,lit violet,128,5,Awesome,""Amazing value for money product fr"	om Sam	sung. T	he 6gb variant runs buttery smooth. No lag whatsoever. I've been using it for a few weeks now.
						
Pros:						
Amazing	screen (vibr	ant colo	"urs and it doesn't str..."",Abhisek Sharma,8 months ago"			
Samsung	",Samsung Gala"	xy F06 5	"G,""Samsung Galaxy F06 5G (Lit Violet, 128 GB)"",12999,lit violet,128,5,Great product,""It's been three months I'm u"	sing f	06 5g.	I'm a medium user. Not much interested in photos. So pros and cons are relatable to users like me
Pros :	NO battery dr	"ainage ,"	"No / less  heating issue,"			
Good ..	"."",Flipkart C"	"ustomer,"	9 months ago			
Samsung	",Samsung Gala"	xy F06 5	"G,""Samsung Galaxy F06 5G (Lit Violet, 128 GB)"",12999,lit violet,128,4,Nice product,At  the price of 9000 it's goo"	d ??(6/	128) .N	"ice Display good Camera amazing battery ??4 years of software update ?? and Samsung Brand ??,Anonymous,7 months ago"
Samsung	",Samsung Gala"	xy F06 5	"G,""Samsung Galaxy F06 5G (Lit Violet, 128 GB)"",12999,lit violet,128,4,Nice product,8days since bought this one an"	d it h	ang lik	"e a two years old and it's not something that gaming or something that can jam it. Simply watching a play on Netflix. Suddenly my hands touched the screen an...,Barasha sarma,9 months ago"
Samsung	",Samsung Gala"	xy F70e	"5G,""Samsung Galaxy F70e 5G (Limelight Green, 128 GB)"",16499,limelight green,128,4,Value-for-money,Average product"	at th	is pric	",Sandeep Yadav,2 months ago"
Samsung	",Samsung Gala"	xy F70e	"5G,""Samsung Galaxy F70e 5G (Limelight Green, 128 GB)"",16499,limelight green,128,4,Nice product,overall good phone"	",Anony"	"mous,1"	month ago
Samsung	",Samsung Gala"	xy F70e	"5G,""Samsung Galaxy F70e 5G (Limelight Green, 128 GB)"",16499,limelight green,128,5,Just wow!,Allrounder phone,Anon"	"ymous,"	1 month	ago
Samsung	",Samsung Gala"	xy F70e	"5G,""Samsung Galaxy F70e 5G (Limelight Green, 128 GB)"",16499,limelight green,128,3,Does the job,Overall good it,An"	onymou	"s,1 mon"	th ago
Samsung	",Samsung Gala"	xy F70e	"5G,""Samsung Galaxy F70e 5G (Limelight Green, 128 GB)"",16499,limelight green,128,2,Expected a better product,New P"	hone H	anging	"Problem Very Very Bad,Ravinder Kumar,3 months ago"
Samsung	",Samsung Gala"	xy F70e	"5G,""Samsung Galaxy F70e 5G (Limelight Green, 128 GB)"",16499,limelight green,128,2,Not good,This phone hangs. Low"	qualit	y phone	",Flipkart Customer,1 month ago"
Samsung	",Samsung Gala"	xy F70e	"5G,""Samsung Galaxy F70e 5G (Spotlight Blue, 128 GB)"",14499,light blue,,5,Best in the market!,Good ????????,Anonymous,"	"""May,"	"2025"""	
Samsung	",Samsung Gala"	xy F70e	"5G,""Samsung Galaxy F70e 5G (Spotlight Blue, 128 GB)"",14499,spotlight blue,128,5,Awesome,""If you're a normal user"	and li	ttle bi	"t causal gaming this phone perform very well and Samsung knox security is also great battery backup also good, i buy 4gb 128gb variant so if you want more smoothne..."",vibhor Nagdeve,2 months ago"
Samsung	",Samsung Gala"	xy F70e	"5G,""Samsung Galaxy F70e 5G (Spotlight Blue, 128 GB)"",14499,spotlight blue,128,3,Fair,""Felt sound is not enough lo"	uder a	nd proc	"essor could have been better as felt it a bit slow while browsing..other than this display is big, sharp and brighter, decent camera, thickness and weight of th..."",Mohamed Thousif,3 months ago"
Samsung	",Samsung Gala"	xy F70e	"5G,""Samsung Galaxy F70e 5G (Spotlight Blue, 128 GB)"",14499,spotlight blue,128,5,Must buy!,Sound get 4 star,Flipka"	rt Cus	"tomer,2"	months ago
Samsung	",Samsung Gala"	xy F70e	"5G,""Samsung Galaxy F70e 5G (Spotlight Blue, 128 GB)"",14499,spotlight blue,128,4,Pretty good,""The design is good a"	nd the	price	"range is reasonable. However, the lag is too much."",Anonymous,3 months ago"
Samsung	",Samsung Gala"	xy F70e	"5G,""Samsung Galaxy F70e 5G (Spotlight Blue, 128 GB)"",14499,spotlight blue,128,5,Perfect product!,God,Anonymous,3"	months	ago	
Samsung	",Samsung Gala"	xy F70e	"5G,""Samsung Galaxy F70e 5G (Spotlight Blue, 128 GB)"",14499,spotlight blue,128,5,Wonderful,""Samsung's lastest devi"	"ce, An"	droid 1	"6 available and well performance."",Subhabrata Sengupta,3 months ago"
Samsung	",Samsung Gala"	xy F70e	"5G,""Samsung Galaxy F70e 5G (Spotlight Blue, 128 GB)"",14499,spotlight blue,128,4,Delightful,""Works well"			
Sometim	es it gets a	little s	"low. Good battery backup."",Anonymous,5 days ago"			
Samsung	",Samsung Gala"	xy F70e	"5G,""Samsung Galaxy F70e 5G (Spotlight Blue, 128 GB)"",14499,spotlight blue,128,4,Wonderful,Product is good and per"	forman	ce is o	"k,SHANKAR DYAL,2 months ago"
Samsung	",Samsung Gala"	xy F70e	"5G,""Samsung Galaxy F70e 5G (Spotlight Blue, 128 GB)"",14499,spotlight blue,128,4,Really Nice,""Good design, 6.years"	of so	ftware	"update,"",B.Giridhara  Murali,2 months ago"
Samsung	",Samsung Gala"	xy F70e	"5G,""Samsung Galaxy F70e 5G (Spotlight Blue, 128 GB)"",14499,spotlight blue,128,5,Simply awesome,Excellent,Sooraj t"	p THEK	KEKARA	"Peter ,8 days ago"
Samsung	",Samsung Gala"	xy F70e	"5G,""Samsung Galaxy F70e 5G (Spotlight Blue, 128 GB)"",14499,spotlight blue,128,5,Simply awesome,Nice mobiles,Flipk"	art Cu	"stomer,"	11 days ago
Samsung	",Samsung Gala"	xy F70e	"5G,""Samsung Galaxy F70e 5G (Spotlight Blue, 128 GB)"",14499,spotlight blue,128,5,Brilliant,Very good smartphone un"	der bu	"dget ??,"	"Anonymous,1 month ago"
Samsung	",Samsung Gala"	xy F70e	"5G,""Samsung Galaxy F70e 5G (Spotlight Blue, 128 GB)"",14499,light blue,,5,Highly recommended,""Very nice phone in t"	his pr	ice ran	"ge. Good for normal usage, calls, FM is working well, volume is moderate, built quality is good. Overall a budget friendly mobile phone for basic usage."",Anonymous,""Apr, 2025"""
Samsung	",Samsung Gala"	xy F70e	"5G,""Samsung Galaxy F70e 5G (Spotlight Blue, 128 GB)"",14499,light blue,,5,Brilliant,?? good ??,Anonymous,""Apr, 2024"""			
Samsung	",Samsung Gala"	xy F70e	"5G,""Samsung Galaxy F70e 5G (Spotlight Blue, 128 GB)"",14499,light blue,,3,Does the job,""I bought this mobile for m"	y fami	ly ??.	
						
Okok bu	t battery fas	t consum	e ??.			
						
Display	Ok ??.					
						
Camera	iphone 17 pro	Max sam	e to same ??			
						
Lava Ja	y Bharat ??????.	""",Anonym"	"ous,5 months ago"			
Samsung	",Samsung Gala"	xy F70e	"5G,""Samsung Galaxy F70e 5G (Spotlight Blue, 128 GB)"",14499,light blue,,4,Wonderful,Ok good ??,Flipkart Customer,4"	months	ago	
Samsung	",Samsung M06"	"5G,""Sams"	"ung M06 5G (Sage Green, 128 GB)"",12155,sage green,128,5,Terrific purchase,Good looking...thank you filpkart,Anony"	"mous,"""	"May, 20"	"25"""
Samsung	",Samsung M06"	"5G,""Sams"	"ung M06 5G (Sage Green, 128 GB)"",12155,sage green,128,5,Mind-blowing purchase,Good,Gopal Das,""Apr, 2025"""			
Samsung	",Samsung M06"	"5G,""Sams"	"ung M06 5G (Sage Green, 128 GB)"",12155,sage green,128,5,Just wow!,Good,Pandey Manoj bhai,10 months ago"			
Samsung	",Samsung M06"	"5G,""Sams"	"ung M06 5G (Sage Green, 128 GB)"",12155,sage green,128,5,Just wow!,All is good,Aarya Yashwant ,""Apr, 2025"""			
Samsung	",Samsung M06"	"5G,""Sams"	"ung M06 5G (Sage Green, 128 GB)"",12155,sage green,128,5,Fabulous!,Good as expected,Anonymous,7 months ago"			
Samsung	",Samsung M06"	"5G,""Sams"	"ung M06 5G (Sage Green, 128 GB)"",12155,sage green,128,5,Just wow!,""The product is good as expected, good product"	for a	lesser	price.
You can	buy this mob	ile if y	"ou want to use mobile for lightwork."",Flipkart Customer,""May, 2025"""			
Samsung	",Samsung M06"	"5G,""Sams"	"ung M06 5G (Sage Green, 128 GB)"",12155,sage green,128,2,Moderate,Camera not good,Flipkart Customer,""Mar, 2025"""			
Samsung	",Samsung M06"	"5G,""Sams"	"ung M06 5G (Sage Green, 128 GB)"",12155,sage green,128,5,Great product,Wow The Phone is original and Top notch the"	quali	ty feel	"and light weight and in hand phone experience is awesome but you won't get any Tpu case or protection film by the company only a charging cable...,Anonymous,6 months ago"
Samsung	",Samsung M06"	"5G,""Sams"	"ung M06 5G (Sage Green, 128 GB)"",12155,sage green,128,5,Classy product,Camera is good. Battery backup is also goo"	d. Per	formanc	"e is normal display is also good. Value for money mobile phone (Nadeem Siddiqui),Flipkart Customer,""May, 2025"""
Samsung	",Samsung M06"	"5G,""Sams"	"ung M06 5G (Sage Green, 128 GB)"",12155,sage,512,5,Best in the market!,Excellent camera .battery capacity should b"	e impr	"oved.,A"	"nonymous,4 months ago"
Samsung	",Samsung M06"	"5G,""Sams"	"ung M06 5G (Sage Green, 128 GB)"",12155,sage,256,5,Highly recommended,Its like yes you got what you expected from"	"Apple,"	Anonymo	"us,4 months ago"
Samsung	",Samsung M36"	"5G,""Sams"	"ung M36 5G (Light Green, 128 GB)"",16900,light green,,5,Simply awesome,Very Good Product. Value For Money. Thank Y"	ou Ite	l And V	"ery Fast And Safety Handle Thank You Flipkart.????,Anonymous,""Feb, 2024"""
Samsung	",Samsung M36"	"5G,""Sams"	"ung M36 5G (Light Green, 128 GB)"",16900,light green,,4,Nice product,Nice product. Back design is nice????????,Ano"	nymous	",""May,"	"2024"""
Samsung	",Samsung M36"	"5G,""Sams"	"ung M36 5G (Light Green, 128 GB)"",16900,light green,,5,Must buy!,""Not adding photos, but is good phone for elders"			
Cons: n	o blutooth fo	r connec	tivity			
Pros:						
1. Big	"displays, ver"	y good f	or elders.			
2. Nice	sound of ear	piece an	d speaker no noise.			
3. No n	etwork issue.					
"4...."","	YOGESH PRATAP	JALVANS	"HI,""Sep, 2024"""			
Samsung	",Samsung M36"	"5G,""Sams"	"ung M36 5G (Light Green, 128 GB)"",16900,light green,,3,Nice,""There is no Bluetooth in mobile and unable to read v"	cf fil	"e, it i"	"s impossible to transfer contact list. It will not even copy contact from sim card"",kadis prasad,""Apr, 2024"""
Samsung	",Samsung M36"	"5G,""Sams"	"ung M36 5G (Light Green, 128 GB)"",16900,light green,,5,Terrific,Good product ?? I thought that canera would be bet"	ter bu	t it wa	"s average battery and performance good .,Anonymous,""Jul, 2024"""
Samsung	",Samsung M36"	"5G,""Sams"	"ung M36 5G (Light Green, 128 GB)"",16900,light green,128,5,Awesome,""good in hand feel"			
camera	is to good					
great O	"ne UI"",Anonym"	"ous,5 mo"	nths ago			
Samsung	",Samsung M36"	"5G,""Sams"	"ung M36 5G (Light Green, 128 GB)"",16900,light green,128,5,Wonderful,Mid range quality product,Happy Dhiman,8 mont"	hs ago		
Samsung	",Samsung M36"	"5G,""Sams"	"ung M36 5G (Light Green, 128 GB)"",16900,light green,128,4,Very Good,According This Price Range Nice Product. No C"	harger	in box	". Camara satisfied and battery ?? not so much good. Definitely loved this product.,Anonymous,8 months ago"
Samsung	",Samsung M36"	"5G,""Sams"	"ung M36 5G (Light Green, 128 GB)"",16900,light green,128,5,Highly recommended,Very good,Ajay Kumar,9 months ago"			
Samsung	",Samsung M36"	"5G,""Sams"	"ung M36 5G (Velvet Black / Black, 128 GB)"",17448,velvet black / black,128,3,Slightly disappointed,""All of this is"	fine	at this	"price range , but the battery backup is a more disappointing. It doesn't last for 8 hours even after a full charge, and one thing there is no built in app lock function in ..."",Md Atique Anwar,8 months ago"
Samsung	",Samsung M36"	"5G,""Sams"	"ung M36 5G (Velvet Black / Black, 128 GB)"",17448,velvet black / black,128,4,Really Nice,I bought it for 16.5k. ha"	d no b	ank off	"ers at the time. Seems a bit higher than it's average listing price. 15k is apt for it. Camera quality is 5/5. UI is 5/5. Only negative is it's battery life 4/5. ...,Venkatesh G,2 months ago"
Samsung	",Samsung M36"	"5G,""Sams"	"ung M36 5G (Velvet Black / Black, 128 GB)"",17448,velvet black / black,128,5,Mind-blowing purchase,I love it,Arvin"	d Sing	"h,8 mon"	ths ago
Samsung	",Samsung M36"	"5G,""Sams"	"ung M36 5G (Velvet Black / Black, 128 GB)"",17448,velvet black / black,128,4,Delightful,Adapter not given as per p"	romise	. Other	"wise very good phone,Deepak  Yadav,8 months ago"
Samsung	",Samsung M36"	"5G,""Sams"	"ung M36 5G (Velvet Black / Black, 128 GB)"",17448,velvet black / black,128,4,Wonderful,Everything worth it except"	the ba	ttery b	"ackup. Atleast 2 times charge is required per day with minimalistic usage. Need to optimize that in upcoming versions.,Subhagata Mandal,5 months ago"
"realme,"	realme Narzo	80 Lite	"5G,""realme Narzo 80 Lite 5G (Onyx Black, 128 GB)"",13999,onyx black,128,5,Brilliant,Acha products,Anonymous,8 mont"	hs ago		
"realme,"	realme Narzo	"90x 5G,"""	"realme Narzo 90x 5G (Maroon Red, 128 GB)"",16649,maroon red,128,5,Terrific purchase,Mind blowing ??,Anonymous,24 da"	ys ago		
"realme,"	realme Narzo	"90x 5G,"""	"realme Narzo 90x 5G (Maroon Red, 128 GB)"",16649,maroon red,128,1,Hated it!,""Worst product, buy and regret"",Nazir"	Shaik	"h,9 day"	s ago
"realme,"	realme P4 Lit	"e,""realm"	"e P4 Lite (Beach Gold, 128 GB)"",11999,beach gold,64,5,Great product,All features kwality is avarage but in this p"	rice r	ange al	"l good,Ashish Chavan,2 months ago"
"realme,"	realme P4 Lit	"e,""realm"	"e P4 Lite (Beach Gold, 128 GB)"",11999,beach gold,128,5,Great product,Good,mano senthil,2 months ago"			
"realme,"	realme P4 Lit	"e,""realm"	"e P4 Lite (Beach Gold, 128 GB)"",11999,beach gold,64,5,Just wow!,Fantastic job,AYUSH SHIVAM  VERMA ,1 month ago"			
"realme,"	realme P4 Lit	"e,""realm"	"e P4 Lite (Beach Gold, 128 GB)"",11999,beach gold,64,5,Perfect product!,Good,Niraj  Kumar,2 months ago"			
"realme,"	realme P4 Lit	"e,""realm"	"e P4 Lite (Sea Blue, 128 GB)"",11999,sea blue,128,5,Must buy!,Good handset and quality,Aadesh Palkhe,2 months ago"			
"realme,"	realme P4 Lit	"e,""realm"	"e P4 Lite (Sea Blue, 128 GB)"",11999,sea blue,128,5,Classy product,Nice product in this price range. Go for it,Man"	ash  D	"as,1 mo"	nth ago
"realme,"	realme P4 Lit	"e,""realm"	"e P4 Lite (Sea Blue, 128 GB)"",11999,sea blue,128,5,Must buy!,Very Nice Product,RAJANI BISHNOI,19 days ago"			
"realme,"	realme P4 Lit	"e,""realm"	"e P4 Lite (Sea Blue, 64 GB)"",9999,sea blue,64,5,Perfect product!,Best mobile in this price range,Flipkart Custome"	"r,2 mo"	nths ag	o
"realme,"	realme P4 Lit	"e,""realm"	"e P4 Lite (Sea Blue, 64 GB)"",9999,sea blue,64,5,Brilliant,Superb TQ flipkart,Anonymous,28 days ago"			
"realme,"	realme P4 Lit	"e,""realm"	"e P4 Lite (Sea Blue, 64 GB)"",9999,sea blue,64,5,Best in the market!,Good quality and look awesome and perfect col"	"our,An"	onymous	",1 month ago"
"realme,"	realme P4 Lit	"e 5G,""re"	"alme P4 Lite 5G (Mosaic Blue, 64 GB)"",13499,mosaic blue,128,4,Nice product,Good,Mayank Yadav,1 month ago"			
"realme,"	realme P4 Lit	"e 5G,""re"	"alme P4 Lite 5G (Mosaic Blue, 64 GB)"",13499,mosaic blue,64,5,Classy product,Build quality design battery health i"	s very	good.	"Camera and performance was medium. Value for money product so much,Anonymous,1 month ago"
"realme,"	realme P4 Lit	"e 5G,""re"	"alme P4 Lite 5G (Mosaic Blue, 64 GB)"",13499,mosaic blue,64,4,Really Nice,Camera could be better in this price ran"	"ge,Tap"	an kuma	"r Jena,1 month ago"
"realme,"	realme P4 Lit	"e 5G,""re"	"alme P4 Lite 5G (Mosaic Blue, 64 GB)"",13499,mosaic blue,64,5,Worth every penny,Very good,Raghunath  Arukh,1 month"	ago		
"realme,"	realme P4 Lit	"e 5G,""re"	"alme P4 Lite 5G (Mosaic Blue, 64 GB)"",13499,mosaic blue,128,3,Does the job,Very slow,vinay mittal,1 month ago"			
"realme,"	realme P4 Lit	"e 5G,""re"	"alme P4 Lite 5G (Mosaic Green, 128 GB)"",14499,mosaic green,128,5,Mind-blowing purchase,""Value for money"			
Loved t	"his phone ??"""	",Anonymo"	"us,1 month ago"			
"realme,"	realme P4 Lit	"e 5G,""re"	"alme P4 Lite 5G (Mosaic Green, 128 GB)"",14499,mosaic green,128,5,Great product,It is a budget phone and best for"	studen	"ts,Anon"	"ymous,26 days ago"
"realme,"	realme P4 Lit	"e 5G,""re"	"alme P4 Lite 5G (Mosaic Green, 128 GB)"",14499,mosaic green,128,5,Worth every penny,""14k Best Mobile in india ??????"			
Battery	?					
Camera	?					
Display	?					
Profame	nce ?					
Price ?	""",Abutaher Kh"	"an,1 mon"	th ago			
"realme,"	realme P4 Lit	"e 5G,""re"	"alme P4 Lite 5G (Mosaic Green, 64 GB)"",13499,mosaic green,64,5,Best in the market!,""Good colling chamber in it no"	t gett	ing hot	quickly.
And als	o it's ram ma	nagement	is good it keeps 7 to 8 apps in ram like games and full charging takes 3 hours to stop battery getting hot and d	egrada	"t..."",N"	"aveen  Kumar ,22 days ago"
"realme,"	realme P4 Lit	"e 5G,""re"	"alme P4 Lite 5G (Mosaic Green, 64 GB)"",13499,mosaic green,64,5,Perfect product!,Super,Flipkart Customer,20 days a"	go		
"realme,"	realme P4x 5G	",""realme"	"P4x 5G (Lake Green, 256 GB)"",20999,lake green,128,5,Excellent,""Performance ?????"			
Battery	?????					
Display	??? ?					
Camera	????					
Design	? ? ? ? ?					
Overall	: Great ? ? ?	"? ?"",Fl"	"ipkart Customer,5 months ago"			
"realme,"	realme P4x 5G	",""realme"	"P4x 5G (Matte Silver, 256 GB)"",20999,matte silver,128,5,Highly recommended,Super Camera Also Performance BUT BGM"	I Litt	le Bit	"Gyro Delay in TDM,Anonymous,5 months ago"
"realme,"	realme P4x 5G	",""realme"	"P4x 5G (Matte Silver, 256 GB)"",20999,matte silver,128,4,Nice product,""First Impression :-"			
1. Stun	ning Looks					
2. Stro	ngest Process	or				
3. Aver	age Camera					
4. Char	ger and Cover	in box				
5. Don'	t turn on the	motion	gestures			
						
I'll ke	ep you guys u	"pdated!"""	",Aamir Raza,5 months ago"			
"realme,"	realme P4x 5G	",""realme"	"P4x 5G (Matte Silver, 256 GB)"",20999,matte silver,128,4,Really Nice,Best under 15k gaming and performance,Sunil"	"Ravat,"	5 month	s ago
"realme,"	realme P4x 5G	",""realme"	"P4x 5G (Matte Silver, 256 GB)"",20999,matte silver,128,3,Just okay,""I am using the Realme P4x, and overall the ph"	one is	workin	"g well. However, I am facing a battery drain issue even during normal usage."
The bat	tery performa	nce does	"not feel like that of a 7000mAh batt..."",Flipkart Customer,3 months ago"			
"realme,"	realme P4x 5G	",""realme"	"P4x 5G (Matte Silver, 256 GB)"",20999,matte silver,128,5,Just wow!,""Realme Bro release Banger one Thank You #Real"	me bro	????	
#legacy	"??????"",Anonymo"	"us,5 mon"	ths ago			
"realme,"	realme P4x 5G	",""realme"	"P4x 5G (Matte Silver, 256 GB)"",20999,matte silver,128,5,Mind-blowing purchase,All good,Rajbabu  Yadav,5 months a"	go		
"realme,"	realme P4x 5G	",""realme"	"P4x 5G (Matte Silver, 256 GB)"",20999,matte silver,128,5,Brilliant,Super camera quality in this price ????,Anonymou"	"s,5 mo"	nths ag	o
"vivo,vi"	"vo T4 5G,""viv"	o T4 5G	"(Phantom Grey, 256 GB)"",28999,grey,,5,Awesome,Voice is very loudly,Flipkart Customer,""Feb, 2025"""			
"vivo,vi"	"vo T4 5G,""viv"	o T4 5G	"(Phantom Grey, 256 GB)"",28999,phantom grey,128,5,Wonderful,Awesome,Anonymous,11 months ago"			
"vivo,vi"	"vo T4 5G,""viv"	o T4 5G	"(Phantom Grey, 256 GB)"",28999,phantom grey,256,5,Just wow!,""All round mobile"			
Camera	best					
Battery	"?? woow"",Anon"	"ymous,""M"	"ay, 2025"""			
"vivo,vi"	"vo T4 5G,""viv"	o T4 5G	"(Phantom Grey, 256 GB)"",28999,phantom grey,256,5,Great product,Very good,Anonymous,""Apr, 2025"""			
"vivo,vi"	"vo T4 5G,""viv"	o T4 5G	"(Phantom Grey, 256 GB)"",28999,phantom grey,128,5,Super!,""Camera is Decent type, front camera amezing"			
Display	top in class	.				
Battery	top in class					
No issu	e in network					
All AI	features are	useful o	"ne is missing AI Reflection Remover I think giving in future upd..."",Anonymous,""May, 2025"""			
"vivo,vi"	"vo T4x 5G,""vi"	vo T4x 5	"G (Marine Blue, 128 GB)"",16999,marine blue,128,5,Perfect product!,Good,Sawmtei Chawngthu,1 month ago"			
"vivo,vi"	"vo T4x 5G,""vi"	vo T4x 5	"G (Marine Blue, 128 GB)"",16999,marine blue,128,5,Wonderful,Overall good deal,Rahul Singh,7 days ago"			
"vivo,vi"	"vo T4x 5G,""vi"	vo T4x 5	"G (Marine Blue, 128 GB)"",16999,marine blue,128,5,Wonderful,Very good Phone in this price segment,Anonymous,9 mont"	hs ago		
"vivo,vi"	"vo T4x 5G,""vi"	vo T4x 5	"G (Marine Blue, 128 GB)"",16999,marine blue,128,5,Super!,""Best Phone in this Price Range."			
						
Pros :-						
						
1. Came	ra :-					
Back Ca	mera - 5/5					
Front C	amera - 3/5					
						
2. Batt	ery - 4/5 (1	day back	"up with heavy usage, 2 Days with Moderate Use)"			
						
3. Disp	lay - 4/5 (Go	od Displ	"ay)..."",Anonymous,""May, 2025"""			
"vivo,vi"	"vo T4x 5G,""vi"	vo T4x 5	"G (Marine Blue, 128 GB)"",16999,marine blue,128,5,Great product,Good,Anonymous,""Mar, 2025"""			
"vivo,vi"	"vo T4x 5G,""vi"	vo T4x 5	"G (Marine Blue, 128 GB)"",16999,marine blue,128,5,Wonderful,""Must buy excellent Battery backup and camera and alwa"	ys on	display	function.
Loved i	"t..!??"",Anonym"	"ous,""May"	", 2025"""			
"vivo,vi"	"vo T5 Pro 5G,"	"""vivo T5"	"Pro 5G (Cosmic Black, 128 GB)"",29999,cosmic black,128,5,Just wow!,Everything is fine but the camera is below ave"	rage.	If you'	"re looking for a good camera phone skip this one. Battery backup is good. Overall 3/5,Anonymous,27 days ago"
"vivo,vi"	"vo T5 Pro 5G,"	"""vivo T5"	"Pro 5G (Cosmic Black, 128 GB)"",29999,cosmic black,128,5,Mind-blowing purchase,Best,Shyamsundar Sain,23 days ago"			
"vivo,vi"	"vo T5 Pro 5G,"	"""vivo T5"	"Pro 5G (Cosmic Black, 256 GB)"",33999,cosmic black,256,5,Wonderful,Nice product ??,Anonymous,29 days ago"			
"vivo,vi"	"vo Y19e,""vivo"	Y19e (M	"ajestic Green, 64 GB)"",11844,majestic green,64,4,Good quality product,Good,Anonymous,11 months ago"			
"vivo,vi"	"vo Y19e,""vivo"	Y19e (M	"ajestic Green, 64 GB)"",11844,majestic green,64,4,Fabulous!,Nice phone ? Battery backup good ??,Anonymous,""May, 202"	"5"""		
"vivo,vi"	"vo Y19e,""vivo"	Y19e (M	"ajestic Green, 64 GB)"",11844,majestic green,64,5,Worth every penny,Wonderful,Flipkart Customer,""Apr, 2025"""			
"vivo,vi"	"vo Y19e,""vivo"	Y19e (M	"ajestic Green, 64 GB)"",11844,majestic green,64,5,Excellent,Nice pro,Sagar Dahale,7 months ago"			
"vivo,vi"	"vo Y19e,""vivo"	Y19e (M	"ajestic Green, 64 GB)"",11844,majestic green,64,5,Classy product,Excellent,ANOWAR HUSSAIN,""Apr, 2025"""			
"vivo,vi"	"vo Y19e,""vivo"	Y19e (M	"ajestic Green, 64 GB)"",11844,majestic green,64,5,Super!,Great mobile,Irfan Ansari,7 months ago"			
"vivo,vi"	"vo Y19e,""vivo"	Y19e (M	"ajestic Green, 64 GB)"",11844,majestic green,64,3,Nice,Average below for many,Sirajul Islam,""Apr, 2025"""			
"vivo,vi"	"vo Y19e,""vivo"	Y19e (M	"ajestic Green, 64 GB)"",11844,majestic green,64,5,Super!,Very nice product,Anonymous,7 months ago"			
"vivo,vi"	"vo Y19e,""vivo"	Y19e (M	"ajestic Green, 64 GB)"",11844,majestic green,64,5,Great product,Nice ??,Kajal Kumari,11 months ago"			
"vivo,vi"	"vo Y19e,""vivo"	Y19e (M	"ajestic Green, 64 GB)"",11844,majestic green,64,3,Nice,Product Quality is very good but performance average and fr"	ont  c	amera i	"s very bad like a keypad mobile phone cameras.??????,Anonymous,10 months ago"
