Title,css146c3p1,cssg5y9jx_divcontainsclass_cssg5y9jx,cssg5y9jx,cssg5y9jx1,cssg5y9jx2,cssg5y9jx3,css146c3p14
According to price  moble is good 😊,5,,5,Mind-blowing purchase,Review for: Color Emerald Green • RAM 4 GB • Storage 64 GB,mohit indora, · 2 months ago
Overall average mobile but look is too good 👍,3,,3,Decent product,Review for: Color Elite Black • RAM 4 GB • Storage 128 GB,, · 1 month ago
"CAMERA IS WORST
BATTERY IS EXCELLENT
PERFORMANCE ONLY DAILY USE
IT IS BEST FOR PARENTS 
CHARGING IT TAKES MORE TIME BECAUSE LONG LASTING OVERALL IT IS A AVERAGE PHONE I WOULD GIVE 3.5/5 RATING",4,,4,Pretty good,Review for: Color Elite Black • RAM 4 GB • Storage 128 GB,Gummi Padma, · 1 month ago
Awesome budget phone!!!,5,,5,Mind-blowing purchase,Review for: Color Emerald Green • RAM 4 GB • Storage 64 GB,Prasanna Basumatary , · 2 months ago
"The display of the phone is very bad, the performance of the phone is very bad, it is very useless, whatever I say about it, its performance is bad, please I will take care of the phone from my side s...",3,,3,Does the job,Review for: Color Emerald Green • RAM 4 GB • Storage 128 GB,, · 1 month ago
"Value for money product 
Good price",4,,4,Really Nice,Review for: Color Elite Black • RAM 4 GB • Storage 64 GB,, · 1 month ago
Superb,5,,5,Perfect product!,Review for: Color Sunset Gold • RAM 4 GB • Storage 64 GB,Flipkart Customer, · 1 month ago
Good phone,5,,5,Terrific,Review for: Color Elite Black • RAM 4 GB • Storage 128 GB,Shibam Chauhan, · 1 month ago
Best quality product in love with this product must buy it for once,5,,5,Brilliant,Review for: Color Elite Black • RAM 4 GB • Storage 128 GB,Gunjan Agrawal, · 10 days ago
Very nice product,5,,5,Awesome,Review for: Color Emerald Green • RAM 4 GB • Storage 64 GB,Flipkart Customer, · 17 days ago
Nice but average phone,3,,3,Decent product,Review for: Color Elite Black • RAM 4 GB • Storage 128 GB,MD SHADAB KASMI, · 2 months ago
Very good mobail,5,,5,Best in the market!,Review for: Color Sunset Gold • RAM 4 GB • Storage 64 GB,Chandra Shekhar Singh, · Today
Worst product,1,,1,Very poor,Review for: Color Elite Black • RAM 4 GB • Storage 64 GB,karthik mani, · 2 days ago
"Boka phone 
Boka money 
Do not buy",1,,1,Horrible,Review for: Color Emerald Green • RAM 4 GB • Storage 64 GB,Assistant manager, · 3 days ago
Wifi is not connecting,1,,1,Hated it!,Review for: Color Elite Black • RAM 4 GB • Storage 128 GB,Jose Johnson, · 3 days ago
Good,4,,4,Good choice,Review for: Color Elite Black • RAM 4 GB • Storage 128 GB,Deepak Raj, · 5 days ago
Super,5,,5,Wonderful,Review for: Color Emerald Green • RAM 4 GB • Storage 64 GB,AJITH  AJITH, · 5 days ago
Worst product,1,,1,Don't waste your money,Review for: Color Elite Black • RAM 4 GB • Storage 128 GB,Flipkart Customer, · 7 days ago
,,,,,,,
Verry verry good product,4,,4,Good choice,Review for: Color Pantone Curacao Blue • RAM 8 GB • Storage 128 GB,E.B.P.Rao, · 6 months ago
"Good product 👍 value of money 
But phone cover is not available in the box",4,,4,Delightful,Review for: Color Pantone Curacao Blue • RAM 8 GB • Storage 128 GB,, · 4 months ago
Camera is very good and battery outstanding 👍👍 but unnecessary ad will be show on app background.,4,,4,Delightful,Review for: Color Pantone Curacao Blue • RAM 8 GB • Storage 128 GB,BASED ALI  SEKH, · 6 months ago
EVERYTHING IS GOOD ACCEPT DURABILITY. I GOT THE PHONE YESTERDAY. SETUP DONE TODAY. PHONE DROPPED FROM APPROX 1.25 FEET HEIGHT AND SLIGHTLY GLASS CRACKED ON THE EDGE. ALSO DISSAPOINTED  WITH MOTOROLA B...,4,,4,GOOD,Review for: Color Pantone Cilantro • RAM 8 GB • Storage 128 GB,, · 5 months ago
"Super performance 
Battery is so good 3 days super mind-blowing 
Overall I like mobile so much
Super quality mobile",5,,5,Super!,Review for: Color Pantone Parachute • RAM 8 GB • Storage 128 GB,Shivaram Raju, · 6 months ago
Nice product,5,,5,Mind-blowing purchase,Review for: Color Pantone Cilantro • RAM 8 GB • Storage 128 GB,, · 6 months ago
It's Awesome Best Price,5,,5,Classy product,Review for: Color Pantone Curacao Blue • RAM 8 GB • Storage 128 GB,, · 6 months ago
Good 👍,5,,5,Just wow!,Review for: Color Pantone Cilantro • RAM 8 GB • Storage 128 GB,Rana Himanshu, · 6 months ago
"Hi 

IT's best.",5,,5,Brilliant,Review for: Color Pantone Parachute • RAM 8 GB • Storage 128 GB,Vinay Singh, · 6 months ago
"The phone is very good and easy to use. I bought it for my mom, and it is perfect for her. The camera quality is good for this budget. There is no heating issue so far. The phone looks premium. The di...",4,,4,Delightful,Review for: Color Pantone Parachute • RAM 8 GB • Storage 128 GB,Suransh Dhyani, · 5 months ago
Good price range,5,,5,Terrific,Review for: Color Just Black • RAM 3 GB • Storage 64 GB,," · May, 2025"
Good,5,,5,Best in the market!,Review for: Color Just Black • RAM 3 GB • Storage 64 GB,INDRAJIT SAU," · Apr, 2025"
Good price and good mobile sound quality best,5,,5,Must buy!,Review for: Color Jaisalmer Gold • RAM 3 GB • Storage 64 GB,, · 10 months ago
Good price good phone 📱 thanks flipkart,5,,5,Terrific,Review for: Color Jaisalmer Gold • RAM 3 GB • Storage 64 GB,, · 11 months ago
Budget friendly mobile,5,,5,Classy product,Review for: Color Just Black • RAM 3 GB • Storage 64 GB,Kandhavel Manikandan," · Apr, 2025"
Like this phone Redmi A5,5,,5,Brilliant,Review for: Color Jaisalmer Gold • RAM 3 GB • Storage 64 GB,ASHISH PAINTER WORK," · Apr, 2025"
good 👍,5,,5,Best in the market!,Review for: Color Pondicherry Blue • RAM 3 GB • Storage 64 GB,, · 11 months ago
Amazing product at this price,5,,5,Mind-blowing purchase,Review for: Color Just Black • RAM 3 GB • Storage 64 GB,, · 11 months ago
It's nice,4,,4,Very Good,Review for: Color Jaisalmer Gold • RAM 3 GB • Storage 64 GB,Abhijith Matthew," · May, 2025"
"Nice product.. in this price range.
look wise fantastic..  
Value for money..",4,,4,Very Good,Review for: Color Jaisalmer Gold • RAM 3 GB • Storage 64 GB,Flipkart Customer," · Apr, 2025"
"Value for money 
Loved this phone ❤️",5,,5,Mind-blowing purchase,Review for: Color Mosaic Green • RAM 4 GB • Storage 128 GB,, · 1 month ago
Good,4,,4,Nice product,Review for: Color Mosaic Blue • RAM 4 GB • Storage 128 GB,Mayank Yadav, · 1 month ago
It is a budget phone and best for students,5,,5,Great product,Review for: Color Mosaic Green • RAM 4 GB • Storage 128 GB,, · 26 days ago
Build quality design battery health is very good. Camera and performance was medium. Value for money product so much,5,,5,Classy product,Review for: Color Mosaic Blue • RAM 4 GB • Storage 64 GB,, · 1 month ago
"14k Best Mobile in india 🫡🇮🇳
Battery ✅
Camera ✅
Display ✅
Profamence ✅
Price ✅",5,,5,Worth every penny,Review for: Color Mosaic Green • RAM 4 GB • Storage 128 GB,Abutaher Khan, · 1 month ago
Camera could be better in this price range,4,,4,Really Nice,Review for: Color Mosaic Blue • RAM 4 GB • Storage 64 GB,Tapan kumar Jena, · 1 month ago
Very good,5,,5,Worth every penny,Review for: Color Mosaic Blue • RAM 4 GB • Storage 64 GB,Raghunath  Arukh, · 1 month ago
"Good colling chamber in it not getting hot quickly.
And also it's ram management is good it keeps 7 to 8 apps in ram like games and full charging takes 3 hours to stop battery getting hot and degradat...",5,,5,Best in the market!,Review for: Color Mosaic Green • RAM 4 GB • Storage 64 GB,Naveen  Kumar , · 22 days ago
Very slow,3,,3,Does the job,Review for: Color Mosaic Blue • RAM 4 GB • Storage 128 GB,vinay mittal, · 1 month ago
Super,5,,5,Perfect product!,Review for: Color Mosaic Green • RAM 4 GB • Storage 64 GB,Flipkart Customer, · 20 days ago
Phone looks so beautiful,5,,5,Classy product,Review for: Color Crimson Reserve • RAM 6 GB • Storage 128 GB,Dipendu Samanta, · 1 month ago
4.4 ratings for me .Check this camera samples. Like,5,,5,Excellent,Review for: Color Crimson Reserve • RAM 6 GB • Storage 128 GB,, · 1 month ago
"In times of price hike, this mobile is insane with a great processor, great camera, and premium look. If you want great mobile below 20k, then just blindly go with it.",5,,5,Mind-blowing purchase,Review for: Color Carbon Black • RAM 6 GB • Storage 128 GB,, · 1 month ago
Good phone good price and red colour is very beautiful 😍 and update increase ofter one of good ui and single good,4,,4,Wonderful,Review for: Color Crimson Reserve • RAM 6 GB • Storage 128 GB,Aeshala Srikanth, · 1 month ago
Nice product with valuable price 😀,5,,5,Highly recommended,Review for: Color Crimson Reserve • RAM 6 GB • Storage 128 GB,RAJAT BABU, · 1 month ago
Good Mobile,4,,4,Pretty good,Review for: Color Carbon Black • RAM 6 GB • Storage 128 GB,Sanjay Kumar Sharma, · 1 month ago
"The camera needs to be improved and may be required for a software update, also application management is very poor It takes all phone storage till 50 GB cover with a normal app. Please push updates t...",4,,4,Nice product,Review for: Color Crimson Reserve • RAM 6 GB • Storage 128 GB,Amar Kumar, · 1 month ago
"Honestly the display is the biggest highlight of this phone. It is super bright, very smooth and easily the best you will get in this price range. I have not seen any other phone offering this kind of...",5,,5,Classy product,Review for: Color Crimson Reserve • RAM 6 GB • Storage 128 GB,, · 1 month ago
Design is good,3,,3,Decent product,Review for: Color Frosted White • RAM 6 GB • Storage 128 GB,Flipkart Customer, · 1 month ago
Vallue for money,5,,5,Fabulous!,Review for: Color Frosted White • RAM 6 GB • Storage 128 GB,Puneet Mall, · 17 days ago
Awsome.,5,,5,Worth every penny,Review for: Color Green • RAM 32 MB,Basava Basavaraja," · Nov, 2024"
Good,5,,5,Terrific,Review for: Color Yellow • RAM 32 MB,AaLekh  Thakur," · Oct, 2024"
"Super product.long life battery.4 sim spot 
Dubble antinna.big Spicer sound. Long time battery life 🧬.  Love 💕 u ringme company 
Super hero 🎩 product",5,,5,Fabulous!,Review for: Color Green • RAM 32 MB,Parveen  Sharma ," · Dec, 2024"
Best item,4,,4,Good choice,Review for: Color Black • RAM 32 MB,Flipkart Customer, · 4 months ago
Good product,4,,4,Nice product,Review for: Color Green • RAM 32 MB,Madina infocome  Digital point ," · Dec, 2024"
Battery backup just wow nice phone and future mobile in this bugate,5,,5,Highly recommended,Review for: Color Green • RAM 32 MB,, · 2 months ago
It's good 👍🏻,5,,5,Awesome,Review for: Color Yellow • RAM 32 MB,Flipkart Customer, · 3 months ago
Nice 👍👍 product,5,,5,Mind-blowing purchase,Review for: Color Yellow • RAM 32 MB,Abhishek Kumar Golu," · Jan, 2025"
Very nice looking this phone...😍,5,,5,Terrific,Review for: Color Black • RAM 32 MB,, · 4 months ago
Good,5,,5,Brilliant,Review for: Color Black • RAM 32 MB,Flipkart Customer, · 6 months ago
Please Support Indian brand,5,,5,Excellent,Review for: Color Pink • RAM 4 GB • Storage 64 GB,kishor  patidar, · 9 months ago
Best in budget 👍🏻,4,,4,Value-for-money,Review for: Color Blue • RAM 4 GB • Storage 64 GB,, · 10 months ago
Looks good,4,,4,Value-for-money,Review for: Color Blue • RAM 4 GB • Storage 64 GB,, · 10 months ago
Value for money. Nice phone. Everything is good.,5,,5,Great product,Review for: Color Black • RAM 4 GB • Storage 64 GB,, · 10 months ago
"Good product value money..✌️
Next quantum OS design same like realme ui
Best os, no unwanted ads, and bloating app.
Security best.No own file media app,vedio app, and song app",4,,4,Value-for-money,Review for: Color Purple • RAM 4 GB • Storage 64 GB,, · 9 months ago
Product is good for this Budget under 5k,5,,5,Wonderful,Review for: Color Blue • RAM 4 GB • Storage 64 GB,Mohamed  Shariff, · 10 months ago
Best phone 🔥💥,5,,5,Terrific purchase,Review for: Color Blue • RAM 4 GB • Storage 64 GB,, · 10 months ago
Initial impressions are good but need to check the durability and long term performance,4,,4,Pretty good,Review for: Color Blue • RAM 4 GB • Storage 64 GB,Ashish shaw, · 10 months ago
"Best Budget Beast Totally Worth It 

I have been using the AI+ Pulse for a while now, and I am genuinely surprised by the performance at this price. Smooth UI, quick app loading, and the display feels...",5,,5,Must buy!,Review for: Color Blue • RAM 4 GB • Storage 64 GB,Shaker Darvajala, · 10 months ago
Best smartphone in budget Best in camera Best in performance Made in India Proud India   you guys can also buy it,5,,5,Highly recommended,Review for: Color Blue • RAM 4 GB • Storage 64 GB,, · 10 months ago
"✔ Excellent value for money in this price range
✔ Smooth performance for daily use
✔ Good battery backup
✔ Impressive display and design

❌ Camera quality is average
❌ Slow charging (10W charger, arou...",4,,4,Good quality product,Review for: Color Black • RAM 4 GB • Storage 64 GB,Hayatullah, · 2 months ago
Good mobile,5,,5,Highly recommended,Review for: Color Black • RAM 4 GB • Storage 64 GB,Flipkart Customer, · 2 months ago
Very good phone,5,,5,Great product,Review for: Color Black • RAM 4 GB • Storage 64 GB,Subhankar sarkar, · 2 months ago
"Its some how good for the Prize, but it is of big in size and sometimes i fill laggy. Battery performance is very good and can able to use it for daily tusks but it takes some times to charge. Thanks ...",5,,5,Perfect product!,Review for: Color Black • RAM 4 GB • Storage 64 GB,, · 2 months ago
Product is good at this price point. Camera average and performance is just ok. Battery too good because display average quality. This phone is perfect for aged person. But big blow for only 10 watt a...,4,,4,Pretty good,Review for: Color Black • RAM 4 GB • Storage 64 GB,Anupam Kushari, · 1 month ago
"What a mobile at this range only 5749
Ai+ gives superb features amazingly 
Nice budget phone for my Papa",5,,5,Simply awesome,Review for: Color Black • RAM 4 GB • Storage 64 GB,Amit Upadhyay, · 2 months ago
"Thank You So Much Madhav Sheth Sir for making such a good affordable phones for us!
Ai+ Pulse 2 is a fantastic smartphone power packed with all advance features.
Delivery Partner is also very nice and...",5,,5,Super!,Review for: Color Black • RAM 4 GB • Storage 64 GB,Prashant Tripathi, · 2 months ago
Best hai 👍👍,5,,5,Delightful,Review for: Color Black • RAM 4 GB • Storage 64 GB,, · 2 months ago
Good for normal us,5,,5,Terrific purchase,Review for: Color Blue • RAM 4 GB • Storage 64 GB,, · 2 months ago
Good phone at this price range.,5,,5,Must buy!,Review for: Color Black • RAM 4 GB • Storage 64 GB,, · 2 months ago
Nyc camera beautiful moments,5,,5,Terrific purchase,Review for: Color Pantone tapestry • RAM 4 GB • Storage 64 GB,, · 6 months ago
Budget friendly phone for parents,5,,5,Highly recommended,Review for: Color Pantone Tendril • RAM 4 GB • Storage 64 GB,Archana Kumari, · 6 months ago
50MP rear camera is a gem. Selfies with 8MP front are also great. 5 stars,5,,5,Perfect product!,Review for: Color Pantone Laurel Oak • RAM 4 GB • Storage 64 GB,Flipkart Customer, · 6 months ago
Amazing product.... All good,5,,5,Must buy!,Review for: Color Pantone Tendril • RAM 4 GB • Storage 64 GB,MuthukumaraN, · 5 months ago
Potric mode best photo,4,,4,Really Nice,Review for: Color Pantone Tendril • RAM 4 GB • Storage 64 GB,, · 5 months ago
"Nice phone, good quality of camera.sound is loud.performance is good",5,,5,Best in the market!,Review for: Color Pantone Laurel Oak • RAM 4 GB • Storage 64 GB,, · 6 months ago
7000 mAh battery + Helio G81-long power and smooth performance.,5,,5,Perfect product!,Review for: Color Pantone Laurel Oak • RAM 4 GB • Storage 64 GB,, · 6 months ago
"Really awesome product. I doesn't that much quality at this price. Literally worth it! Camera is so good , performance is perfect, especially this is three slot mobile. Same time we can use two Sims a...",5,,5,Mind-blowing purchase,Review for: Color Pantone Laurel Oak • RAM 4 GB • Storage 64 GB,Surya S, · 6 months ago
Superb performance,5,,5,Worth every penny,Review for: Color Pantone tapestry • RAM 4 GB • Storage 64 GB,, · 6 months ago
7000 mAh battery is a beast. Even heavy use lasts 3 days. 5/5,5,,5,Great product,Review for: Color Pantone tapestry • RAM 4 GB • Storage 64 GB,Niranjan Mishra, · 6 months ago
Good handset and quality,5,,5,Must buy!,Review for: Color Sea Blue • RAM 4 GB • Storage 128 GB,Aadesh Palkhe, · 2 months ago
Best mobile in this price range,5,,5,Perfect product!,Review for: Color Sea Blue • RAM 4 GB • Storage 64 GB,Flipkart Customer, · 2 months ago
Superb TQ flipkart,5,,5,Brilliant,Review for: Color Sea Blue • RAM 4 GB • Storage 64 GB,, · 28 days ago
All features kwality is avarage but in this price range all good,5,,5,Great product,Review for: Color Beach Gold • RAM 4 GB • Storage 64 GB,Ashish Chavan, · 2 months ago
Nice product in this price range. Go for it,5,,5,Classy product,Review for: Color Sea Blue • RAM 4 GB • Storage 128 GB,Manash  Das, · 1 month ago
Good,5,,5,Great product,Review for: Color Beach Gold • RAM 4 GB • Storage 128 GB,mano senthil, · 2 months ago
Good quality and look awesome and perfect colour,5,,5,Best in the market!,Review for: Color Sea Blue • RAM 4 GB • Storage 64 GB,, · 1 month ago
Fantastic job,5,,5,Just wow!,Review for: Color Beach Gold • RAM 4 GB • Storage 64 GB,AYUSH SHIVAM  VERMA , · 1 month ago
Very Nice Product,5,,5,Must buy!,Review for: Color Sea Blue • RAM 4 GB • Storage 128 GB,RAJANI BISHNOI, · 19 days ago
Good,5,,5,Perfect product!,Review for: Color Beach Gold • RAM 4 GB • Storage 64 GB,Niraj  Kumar, · 2 months ago
So cool wark,5,,5,Great product,Review for: Color Gold • RAM 32 MB,Adhitya Bangaru, · 3 months ago
Very nice phone,4,,4,Really Nice,Review for: Color Gold • RAM 32 MB,PARMANAND BELWANSHI, · 2 months ago
Very good 👍😊,3,,3,Fair,Review for: Color Silver • RAM 32 MB,MD JUBAIR, · 2 months ago
Device no SIM card problem,1,,1,Worst experience ever!,Review for: Color Gold • RAM 32 MB,Flipkart Customer, · 3 months ago
Bad pudak,1,,1,Did not meet expectations,Review for: Color Gold • RAM 32 MB,Biswajit Roy, · 3 days ago
Bad,2,,2,Moderate,Review for: Color Gold • RAM 32 MB,Sanjay  wedekar, · 14 days ago
"Very rubbish, no return policy , dont buy this product guys. It is a rubbish phone, not even showing signal at all.

Very bad product",1,,1,Hated it!,Review for: Color Gold • RAM 32 MB,, · 19 days ago
Very bad prodact,1,,1,Unsatisfactory,Review for: Color Gold • RAM 32 MB,Kiron Mia, · 1 month ago
Worst,1,,1,Don't waste your money,Review for: Color Gold • RAM 32 MB,Muthu Kumar, · 1 month ago
Camera quality super phone working very smuth battery backup good fast delivery all over experience fine thanks moto,5,,5,Brilliant,Review for: Color Pantone Fluidity • RAM 8 GB • Storage 128 GB,, · 5 months ago
"In one word this phone is just wooooowwww

This is a complete package under 13k

Battery 5/5  7000mah 2 days backup with heavy to moderate uses

Display 4/5 IPS LCD vibrant true color 

Performance 5/...",4,,4,Pretty good,Review for: Color Pantone Corsair • RAM 8 GB • Storage 128 GB,Amit Tripathi, · 5 months ago
Very Good product,5,,5,Mind-blowing purchase,Review for: Color Pantone Fluidity • RAM 8 GB • Storage 128 GB,, · 5 months ago
Seems ok...let's see how it performs..as of now everything is fine.got it today,4,,4,Pretty good,Review for: Color Pantone Regatta • RAM 8 GB • Storage 128 GB,, · 5 months ago
"Camera more than expected 
Battery 🔋  powerful 
Performance ek no.
Design best hai
Sound quality top notch 😁 
Display good 👍",5,,5,Just wow!,Review for: Color Pantone Corsair • RAM 8 GB • Storage 128 GB,, · 5 months ago
"Nice mobile 
Great work MOTO",5,,5,Just wow!,Review for: Color Pantone Regatta • RAM 8 GB • Storage 128 GB,, · 5 months ago
Good product,5,,5,Worth every penny,Review for: Color Pantone Fluidity • RAM 8 GB • Storage 128 GB,, · 5 months ago
This phone is good but don't have a dam album/gallery where you can see photos you have to download a external app from Play store which is full of add and ruin all experience,4,,4,Good quality product,Review for: Color Pantone Fluidity • RAM 8 GB • Storage 128 GB,Somu  Prasad, · 5 months ago
The photos are decent and the battery lasts well for the price.,4,,4,Delightful,Review for: Color Pantone Fluidity • RAM 8 GB • Storage 128 GB,, · 2 months ago
This is good mobile. But battery is not expect 7000 mah perfom.,4,,4,Nice product,Review for: Color Pantone Fluidity • RAM 8 GB • Storage 128 GB,, · 5 months ago
super must buy..battery back up good,5,,5,Best in the market!,Review for: Color Green • RAM 4 MB,Prasanna G," · Jun, 2024"
Best set,5,,5,Just wow!,Review for: Color Green • RAM 4 MB,Sikandar Kumar," · Aug, 2024"
Very nice product.,4,,4,Wonderful,Review for: Color Green • RAM 4 MB,SANDEEPKUMAR PATRA," · Jul, 2024"
"Design, battery 👍. quality 👎 bahut hi lite weight",4,,4,Pretty good,Review for: Color Green • RAM 4 MB,Rahamat Sk," · Sep, 2024"
Good looking 🤩,5,,5,Awesome,Review for: Color Black • RAM 4 MB,," · Mar, 2025"
Good,5,,5,Brilliant,Review for: Color Black • RAM 4 MB,Sachin Narsale," · Sep, 2024"
Good 💯💯😊😊,5,,5,Best in the market!,Review for: Color Light Blue • RAM 4 MB,," · May, 2025"
Nice photo 😍😍,5,,5,Worth every penny,Review for: Color Green • RAM 4 MB,," · Jan, 2025"
"Super Battery life, styles",5,,5,Fabulous!,Review for: Color Black • RAM 4 MB,Somanath  Sahoo ," · Oct, 2024"
Nice,5,,5,Excellent,Review for: Color Green • RAM 4 MB,, · 9 months ago
Very nice but zoom is not satisfactory.,5,,5,Highly recommended,Review for: Color Pantone SILHOUETTE • RAM 12 GB • Storage 256 GB,Naveen Verma, · 2 months ago
Heat issues,3,,3,Nice,Review for: Color Pantone BLUE SURF • RAM 12 GB • Storage 256 GB,vishnu chaitanya Boddu, · 2 months ago
premium design with a high-capacity battery. Camera quality is so good capture natural and clear image. Must go for it.,5,,5,Highly recommended,Review for: Color Pantone BLUE SURF • RAM 12 GB • Storage 256 GB,, · 2 months ago
By look phone looks good for this price.Has software glitches. Hanging and heat issues are there. I have restarted the phone around 10 times in 1 Month to over come hanging issue,3,,3,Just okay,Review for: Color Pantone COUNTRY AIR • RAM 12 GB • Storage 256 GB,Gowri Shankar, · 1 month ago
"Camera Quality Is Average,I Did't find any exceptional camera quality, Battery is good, display is good,",4,,4,Good choice,Review for: Color Pantone SILHOUETTE • RAM 12 GB • Storage 256 GB,, · 2 months ago
Awesome phone,5,,5,Fabulous!,Review for: Color Pantone SILHOUETTE • RAM 12 GB • Storage 256 GB,Ravi Ranjan, · 2 months ago
Super good looking I like moto thanks flipkart,5,,5,Terrific,Review for: Color Pantone BLUE SURF • RAM 12 GB • Storage 256 GB,Chaithra r, · 2 months ago
"Great Phone , value for money , 
Camera Quality 🔥 
Battery life 🔋 🔥 
Performance 🔥 
Overall 🔥",5,,5,Perfect product!,Review for: Color Pantone BLUE SURF • RAM 12 GB • Storage 256 GB,Pradyumna  Bhide, · 2 months ago
Best phone this sigment,4,,4,Nice product,Review for: Color Pantone BLUE SURF • RAM 12 GB • Storage 256 GB,, · 1 month ago
Good,5,,5,Highly recommended,Review for: Color Pantone SILHOUETTE • RAM 12 GB • Storage 256 GB,Jyotirling Kore, · 8 days ago
"Point 10/07 
1.camera. Decent 10/07
2.sound . Low and single speaker 10/06
3.battary. Excellent  10/10
4.charger . To slow 33wt   10/08
5.display. Good   10/09
6.performance. Good  10/08
7.headphone ....",4,,4,Delightful,Review for: Color Chrome Silver • RAM 4 GB • Storage 128 GB,, · 7 months ago
Worth it...for regular use performance and camera is average in this price...overall good product,5,,5,Super!,Review for: Color Chrome Silver • RAM 4 GB • Storage 128 GB,, · 7 months ago
Good product 😍,5,,5,Worth every penny,Review for: Color Carbon Black • RAM 4 GB • Storage 128 GB,, · 7 months ago
Good,5,,5,Highly recommended,Review for: Color Carbon Black • RAM 4 GB • Storage 128 GB,, · 5 months ago
Lag issue,2,,2,Moderate,Review for: Color Chrome Silver • RAM 4 GB • Storage 128 GB,Sachin Vasava, · 7 months ago
Not so fast as a new fone shoud,3,,3,Just okay,Review for: Color Chrome Silver • RAM 4 GB • Storage 128 GB,Mansoor Ali kudli, · 7 months ago
They're mentioned 4gb ram but Actually it's working as a 2gb ram lagging and hanging dead slow performance but only one thing is better for battery is the best in class other wise don't consider this,5,,5,Does the job,Review for: Color Chrome Silver • RAM 4 GB • Storage 128 GB,Prabu D, · 7 months ago
A1 super fantastic,5,,5,Super!,Review for: Color Aqua Blue • RAM 4 GB • Storage 128 GB,, · 7 months ago
"I ordered the mobile(4gb model) on 26th 9:45pm, and got it delivered the next day by 1:15pm which was superfast. It was open box delivery which went well, and I videoed it. As far as the product is co...",5,,5,Value-for-money,Review for: Color Carbon Black • RAM 4 GB • Storage 128 GB,, · 6 months ago
Just received the phone. feels good in the hand. the materials feel premium. the bezels are way bigger than the promotional picturess suggest.,4,,4,Value-for-money,Review for: Color Aqua Blue • RAM 4 GB • Storage 128 GB,, · 4 months ago
Nice phone 📱,5,,5,Fabulous!,Review for: Color Leaf Green • RAM 4 GB • Storage 128 GB,, · 11 months ago
"Beast :) 
Leaf green color best ✅
Back camera 3.5/5✅
Front camera 5/5✅
Battery 5/5✅
Ram Booster upto 12 GB 🚀5/5 ✅
120hz refresh rate 🚀 5/5 ✅ 
Connectivity 5G speed 330+ mbps 5/5 ✅
Design vegan leath...",5,,5,Worth every penny,Review for: Color Leaf Green • RAM 4 GB • Storage 128 GB,," · Dec, 2024"
Camera is good  network issue,4,,4,Pretty good,Review for: Color Leaf Green • RAM 4 GB • Storage 128 GB,," · Jan, 2025"
"The camera is good at this price range
Ram could be increased to 6gb atleast
The volume button feels Kind of cheap
But at this price point you can't really complaint",4,,4,Worth the money,Review for: Color Midnight Black • RAM 4 GB • Storage 128 GB,Lakshay Arora," · Dec, 2024"
Nice Phone budget segment me,4,,4,Wonderful,Review for: Color Leaf Green • RAM 4 GB • Storage 128 GB,," · Dec, 2024"
Such an amazing smartphone in this price range ❤️,5,,5,budget killer 🔥,Review for: Color Leaf Green • RAM 4 GB • Storage 128 GB,," · Jan, 2025"
Best Price and Good quality Camera,5,,5,Excellent,Review for: Color Leaf Green • RAM 4 GB • Storage 128 GB,, · 11 months ago
For the price excellent mobile and very very prompt delivery from Flipkart. Was delivered in six hours 👌👍,5,,5,Awesome,Review for: Color Midnight Black • RAM 4 GB • Storage 128 GB,Sanjay  Mehrotra ," · Dec, 2024"
"Pros- 
- Display is Fantastic in this Category 
- Performance is Good
- Battery backup is great 
- Front Camera is great and back camera is more than average 
- 5g Volte works all the time with jio

C...",4,,4,Very Good,Review for: Color Guava Red • RAM 4 GB • Storage 128 GB,Subho  Gupta," · Dec, 2024"
Received same day delivery. Looks good. Need to use for a week to provide experience. Camera is good. Option available to expand the ram upto 12gb,4,,4,Pretty good,Review for: Color Leaf Green • RAM 4 GB • Storage 128 GB,," · Dec, 2024"
Best phone.,5,,5,Mind-blowing purchase,Review for: Color Midnight Black • RAM 4 GB • Storage 128 GB,," · Dec, 2024"
One of the best product in this price,4,,4,Great product,Review for: Color Leaf Green • RAM 4 GB • Storage 128 GB,," · Dec, 2024"
The value is in good shape,4,,4,Delightful,Review for: Color Leaf Green • RAM 4 GB • Storage 128 GB,," · Dec, 2024"
Moto,5,,5,Mind-blowing purchase,Review for: Color Guava Red • RAM 4 GB • Storage 128 GB,," · Apr, 2025"
Value for money,4,,4,Good quality product,Review for: Color Guava Red • RAM 4 GB • Storage 128 GB,," · Jan, 2025"
Good product of this money range🙏👍 Jai Shree Ram 🙏,5,,5,Wonderful,Review for: Color Leaf Green • RAM 4 GB • Storage 128 GB,," · Dec, 2024"
"I am personally fan of stock android,but this device of Motorola having very bad RAM management.motorala have to work on this",3,,3,Just okay,Review for: Color Leaf Green • RAM 4 GB • Storage 128 GB,Vikram tambe," · Dec, 2024"
Nice product 🥰🥰🥰,5,,5,Highly recommended,Review for: Color PANTONE Zephyr • RAM 8 GB • Storage 256 GB,, · 10 months ago
Nice phone,4,,4,Nice product,Review for: Color PANTONE Slipstream • RAM 8 GB • Storage 256 GB,, · 10 months ago
"Mobile looks extremely good and premium. Camera quality is exceptional. Charges quickly.
Drawback - battery drains quickly, despite no overuse. I basically use the phone just fr calls, what's app n so...",4,,4,Very Good,Review for: Color PANTONE Mykonos Blue • RAM 8 GB • Storage 256 GB,, · 8 months ago
Everything is good but Motorola should also launch mobiles in same range without curve display,5,,5,Simply awesome,Review for: Color PANTONE Slipstream • RAM 8 GB • Storage 256 GB,Upendra  Jaiswal," · Apr, 2025"
Good camera overall good phone,5,,5,Terrific purchase,Review for: Color PANTONE Slipstream • RAM 8 GB • Storage 256 GB,, · 11 months ago
Very good image quality 😁😍😍,5,,5,Perfect product!,Review for: Color PANTONE Slipstream • RAM 8 GB • Storage 256 GB,," · Apr, 2025"
"Camera-5/5
Battery -5/5
Display-5/5
Design -5/5
Performance -4/5

Some time phone lag or may be application issue I hope it will improve by next update.",5,,5,Best in the market!,Review for: Color PANTONE Slipstream • RAM 8 GB • Storage 256 GB,, · 9 months ago
"Phone is good but there is less one gallery app in the phone, its provide only google photo while no default photo/video gallery, 
Also phone have no cover for safety purpose",4,,4,Pretty good without Photo App,Review for: Color PANTONE Slipstream • RAM 8 GB • Storage 256 GB,Ketan Gojiya," · Apr, 2025"
"One of the best phones in this price range
Pros-
Design- It has got a very sleek design with great looks and is light weight
Display- Curved screen is very good with vibrant colours and crystal clear ...",5,,5,Terrific purchase,Review for: Color PANTONE Zephyr • RAM 8 GB • Storage 256 GB,Flipkart Customer," · Apr, 2025"
"Great product by Motorola with all-round specifications...
Really loved it 👍
Display - 10/10
Performance - 9/10
Battery - 9/10
Camera - 9.5/10
Sound - 10/10
Ui experience - 10/10
Great purchase till ...",5,,5,Terrific purchase,Review for: Color PANTONE Amazonite • RAM 8 GB • Storage 256 GB,, · 10 months ago
Average product at this pric,4,,4,Value-for-money,Review for: Color Limelight Green • RAM 4 GB • Storage 128 GB,Sandeep Yadav, · 2 months ago
overall good phone,4,,4,Nice product,Review for: Color Limelight Green • RAM 4 GB • Storage 128 GB,, · 1 month ago
"If you're a normal user and little bit causal gaming this phone perform very well and Samsung knox security is also great battery backup also good, i buy 4gb 128gb variant so if you want more smoothne...",5,,5,Awesome,Review for: Color Spotlight Blue • RAM 4 GB • Storage 128 GB,vibhor Nagdeve, · 2 months ago
"Felt sound is not enough louder and processor could have been better as felt it a bit slow while browsing..other than this display is big, sharp and brighter, decent camera, thickness and weight of th...",3,,3,Fair,Review for: Color Spotlight Blue • RAM 4 GB • Storage 128 GB,Mohamed Thousif, · 3 months ago
Allrounder phone,5,,5,Just wow!,Review for: Color Limelight Green • RAM 4 GB • Storage 128 GB,, · 1 month ago
Sound get 4 star,5,,5,Must buy!,Review for: Color Spotlight Blue • RAM 4 GB • Storage 128 GB,Flipkart Customer, · 2 months ago
"The design is good and the price range is reasonable. However, the lag is too much.",4,,4,Pretty good,Review for: Color Spotlight Blue • RAM 4 GB • Storage 128 GB,, · 3 months ago
God,5,,5,Perfect product!,Review for: Color Spotlight Blue • RAM 4 GB • Storage 128 GB,, · 3 months ago
Overall good it,3,,3,Does the job,Review for: Color Limelight Green • RAM 4 GB • Storage 128 GB,, · 1 month ago
New Phone Hanging Problem Very Very Bad,2,,2,Expected a better product,Review for: Color Limelight Green • RAM 4 GB • Storage 128 GB,Ravinder Kumar, · 3 months ago
This phone hangs. Low quality phone,2,,2,Not good,Review for: Color Limelight Green • RAM 4 GB • Storage 128 GB,Flipkart Customer, · 1 month ago
"Samsung's lastest device, Android 16 available and well performance.",5,,5,Wonderful,Review for: Color Spotlight Blue • RAM 4 GB • Storage 128 GB,Subhabrata Sengupta, · 3 months ago
"Works well 
Sometimes it gets a little slow. Good battery backup.",4,,4,Delightful,Review for: Color Spotlight Blue • RAM 4 GB • Storage 128 GB,, · 5 days ago
Product is good and performance is ok,4,,4,Wonderful,Review for: Color Spotlight Blue • RAM 4 GB • Storage 128 GB,SHANKAR DYAL, · 2 months ago
"Good design, 6.years of software update,",4,,4,Really Nice,Review for: Color Spotlight Blue • RAM 4 GB • Storage 128 GB,B.Giridhara  Murali, · 2 months ago
Excellent,5,,5,Simply awesome,Review for: Color Spotlight Blue • RAM 4 GB • Storage 128 GB,Sooraj tp THEKKEKARA Peter , · 8 days ago
Nice mobiles,5,,5,Simply awesome,Review for: Color Spotlight Blue • RAM 4 GB • Storage 128 GB,Flipkart Customer, · 11 days ago
Very good smartphone under budget 🫡,5,,5,Brilliant,Review for: Color Spotlight Blue • RAM 4 GB • Storage 128 GB,, · 1 month ago
All about function and design so good in this prize range,5,,5,Very Good,Review for: Color Chrome Silver • RAM 6 GB • Storage 128 GB,, · 7 months ago
Very Nice . Looks pretty and value for money.,5,,5,Excellent,Review for: Color Carbon Black • RAM 6 GB • Storage 128 GB,Flipkart Customer, · 9 months ago
"Camera is ok for the price 
Battery 🔋 is long lasting 
Display is also good 
Performance is best 
Over all is nice deal",4,,4,Delightful,Review for: Color Aqua Blue • RAM 6 GB • Storage 128 GB,, · 6 months ago
Love this product with functionality.,5,,5,Just wow!,Review for: Color Carbon Black • RAM 6 GB • Storage 128 GB,, · 9 months ago
"The phone is good,with long battery life basically a balance device no such lags or something,if you are planning to buy a good buy but while updating the device please check the reviews once",4,,4,Good choice,Review for: Color Chrome Silver • RAM 6 GB • Storage 128 GB,, · 7 months ago
Good phone,5,,5,Excellent,Review for: Color Aqua Blue • RAM 6 GB • Storage 128 GB,Raghavendra.u.s Acharya, · 9 months ago
Nice phon 👍💖🥰,4,,4,Wonderful,Review for: Color Chrome Silver • RAM 6 GB • Storage 128 GB,, · 7 months ago
Very nice mobile everything very good decision camera program etc. I love that mobile Full of money value,5,,5,Worth every penny,Review for: Color Chrome Silver • RAM 6 GB • Storage 128 GB,, · 8 months ago
"Camera and speaker, display very poor quality",3,,3,Good,Review for: Color Aqua Blue • RAM 6 GB • Storage 128 GB,R.D Raju Ravada, · 8 months ago
"Value for money,,, mobile looking good,, performance very good,,",5,,5,Excellent,Review for: Color Chrome Silver • RAM 6 GB • Storage 128 GB,LAXMIKANTA DAS, · 7 months ago
"Samsung Galaxy F06 5G

The Samsung Galaxy F06 5G delivers an excellent display with vibrant colors and smooth performance, making the gaming experience seamless. The battery life is impressive, ensuri...",5,,5,Brilliant,Review for: Color Lit Violet • RAM 4 GB • Storage 128 GB,," · Mar, 2025"
"thank you Flipkart 😊 😍
Best product value for money",4,,4,Value-for-money,Review for: Color Bahama Blue • RAM 4 GB • Storage 128 GB,," · Feb, 2025"
"Perfect for students and professionals. 
 
I bought this F06 5G phone for my online classes and work calls , and guess what ? Its been a game changer .  The 6GB Ram ensures smooth multitasking and the...",5,,5,Best in the market!,Review for: Color Lit Violet • RAM 4 GB • Storage 128 GB,," · Mar, 2025"
Please donot buy 4gb version it lags a lot,3,,3,Decent product,Review for: Color Bahama Blue • RAM 4 GB • Storage 128 GB,Uma Shankar, · 11 months ago
Amazing Phone with Great Features!,5,,5,Brilliant,Review for: Color Lit Violet • RAM 4 GB • Storage 128 GB,," · Mar, 2025"
The Samsung Galaxy F06 5G offers impressive features for its price point. Users have praised its long-lasting 5000 mAh battery and reliable 5G connectivity. The device's 50 MP rear camera delivers dec...,5,,5,Just wow!,Review for: Color Lit Violet • RAM 4 GB • Storage 128 GB,," · Mar, 2025"
"Nice smartphone for daily use. 
One UI is great 👌
Side panel is plastic but look like alluminium",4,,4,Value-for-money,Review for: Color Lit Violet • RAM 4 GB • Storage 128 GB,," · Mar, 2025"
Excellent Mobile,5,,5,Perfect product!,Review for: Color Bahama Blue • RAM 4 GB • Storage 128 GB,BIKASH RANJAN  SINGH," · Feb, 2025"
Camera wow,5,,5,Mind-blowing purchase,Review for: Color Bahama Blue • RAM 4 GB • Storage 64 GB,," · May, 2025"
"I'm not a power user, I just needed a new phone that just works, and this does just that. You won't love the display, you won't love the photos clicked from its camera's but you will love it's simplic...",4,,4,Pretty good,Review for: Color Lit Violet • RAM 4 GB • Storage 128 GB,Flipkart Customer," · May, 2025"
Good looking.,4,,4,Wonderful,Review for: Color Blue • RAM 32 MB,," · Feb, 2024"
Phone colour Nice and phone size good. I like this phone,5,,5,Terrific purchase,Review for: Color Charcoal • RAM 32 MB,," · Dec, 2024"
"Product is very good,",4,,4,Value-for-money,Review for: Color Blue • RAM 32 MB,Pani mai Bankira ," · Mar, 2024"
Phone is good but charger not inside the box,5,,5,Wonderful,Review for: Color Charcoal • RAM 32 MB,Arvind Yadav, · 1 month ago
Ok,4,,4,Worth the money,Review for: Color Blue • RAM 32 MB,Prabhu Prabhu," · May, 2024"
Thank,5,,5,Must buy!,Review for: Color Charcoal • RAM 32 MB,," · Dec, 2024"
"Awesome product at this price 
Worth buy",5,,5,Mind-blowing purchase,Review for: Color Blue • RAM 32 MB,Ashutosh  Solat," · May, 2024"
Good value for money,5,,5,Super!,Review for: Color Charcoal • RAM 32 MB,Vvramana Reddy," · Apr, 2024"
"No camera mobile, all over awesome,good,no damages..",5,,5,Fabulous!,Review for: Color Charcoal • RAM 32 MB,," · Apr, 2025"
"It has voice quality issue, not so clear voice quality, otherwise all okay",3,,3,Decent product,Review for: Color Charcoal • RAM 32 MB,, · 2 months ago
"Overall good, value for money",4,,4,Value-for-money,Review for: Color Midnight Black • RAM 8 GB • Storage 128 GB,Flipkart Customer, · 7 months ago
This is very nice phone in all respect,5,,5,Fabulous!,Review for: Color Midnight Black • RAM 8 GB • Storage 128 GB,Unseen Stranger, · 7 months ago
Superb,4,,4,Pretty good,Review for: Color Leaf Green • RAM 8 GB • Storage 128 GB,, · 7 months ago
"Display , design, performance are very good. But main problem is battery heating issue.",3,,3,Good,Review for: Color Guava Red • RAM 8 GB • Storage 128 GB,Sudip Porel, · 6 months ago
"Product is good, but delevery is late, and delivery partner behaviour in not good, and him want mony for my exchange product return. And then I cancel my exchange. It's not fair. And I feel hurt for this",3,,3,Does the job,Review for: Color Guava Red • RAM 8 GB • Storage 128 GB,Balraj Dev, · 7 months ago
Good,5,,5,Excellent,Review for: Color Guava Red • RAM 8 GB • Storage 128 GB,Amitesh Kanaujia, · 7 months ago
"Using Jio Network SIM, it's a big problem. Voice not clear and Wi-Fi calling is also not working properly.

Not recommended as it doesn't meet basic important needs.",2,,2,Expected a better product,Review for: Color Leaf Green • RAM 8 GB • Storage 128 GB,Santosh Reddy, · 5 months ago
Very good mobile very good 👍,5,,5,Highly recommended,Review for: Color Leaf Green • RAM 8 GB • Storage 128 GB,, · 5 months ago
"According to Price, the mobile is good. The camera quality is average. Display performance is fine. Battery backup good! It has the best design in this price range,
But after loud sound it vibrates at...",5,,5,Fabulous!,Review for: Color Leaf Green • RAM 8 GB • Storage 128 GB,, · 5 months ago
"Good ,aver",4,,4,Wonderful,Review for: Color Midnight Black • RAM 8 GB • Storage 128 GB,Kamboju Bhaskarchary, · 7 months ago
Awesome phone smooth experience in this budget,5,,5,Just wow!,Review for: Color Pantone Greener Pastures • RAM 8 GB • Storage 128 GB,, · 7 months ago
"Best moto g96 phone 
Camera with ai function",5,,5,Just wow!,Review for: Color Pantone Ashleigh Blue • RAM 8 GB • Storage 128 GB,, · 10 months ago
Very Beautiful Mobile and performance I like this Smartphone ❤️❤️,5,,5,Awesome,Review for: Color Pantone Ashleigh Blue • RAM 8 GB • Storage 128 GB,, · 10 months ago
Great 👍 performance,5,,5,Fabulous!,Review for: Color Pantone Ashleigh Blue • RAM 8 GB • Storage 128 GB,, · 10 months ago
"These are good phones for the price. The display and 256 GB storage are fine but the camera could have been better. After Android 15, at least 3 more updates were to be given in future",4,,4,Wonderful,Review for: Color Pantone Ashleigh Blue • RAM 8 GB • Storage 256 GB,, · 9 months ago
Good,4,,4,Very Good,Review for: Color Pantone Ashleigh Blue • RAM 8 GB • Storage 128 GB,Sumit Yadav, · 10 months ago
Nice 💯🙂,5,,5,Awesome,Review for: Color Pantone Ashleigh Blue • RAM 8 GB • Storage 128 GB,Amit Roy, · 10 months ago
Nic camera n very slim phone,3,,3,Nice,Review for: Color Pantone Ashleigh Blue • RAM 8 GB • Storage 128 GB,, · 9 months ago
As per my uses moto g96 is a good fit. I think moto need to do something about there design..most of the features are quite good..If possible the os update minimum for 2 to 3 years needed.,4,,4,Good choice,Review for: Color Pantone Ashleigh Blue • RAM 8 GB • Storage 256 GB,Rahul Datta, · 10 months ago
After one month I am giving rating everyday feeling amazing camera battery unbelievable it will charging in just 20 30 minutes full.im giving 5start to all,5,,5,Classy product,Review for: Color Pantone Cattleya Orchid • RAM 8 GB • Storage 256 GB,, · 7 months ago
Good,4,,4,Worth the money,Review for: Color Enchanted Green • RAM 4 GB • Storage 64 GB,," · Jan, 2025"
Budget phone of 5g ... Jio 5g working but airtel5g not working..,4,,4,Good choice,Review for: Color Aqua Bliss • RAM 4 GB • Storage 64 GB,," · Jan, 2025"
No back case and only 10W charger is provided. In description they mentioned 18W charger in box and back case also. Good for Parents.,4,,4,Very Good,Review for: Color Aqua Bliss • RAM 4 GB • Storage 64 GB,Somisetty Pradeep," · Dec, 2024"
"Super product💯🧡🧡👌👌
Thank u flipkart 👍👍",5,,5,Mind-blowing purchase,Review for: Color Enchanted Green • RAM 4 GB • Storage 128 GB,, · 9 months ago
"Only Best 5G smartphone with enough budget,loved it to gift my grandmother ☺️",5,,5,Great product,Review for: Color Aqua Bliss • RAM 4 GB • Storage 64 GB,," · Dec, 2024"
"Design is amazing 😍🤩😍.
Camera is decent🥰🥰🥰.
Picture quality is amazing 😍🤩",5,,5,Classy product,Review for: Color Enchanted Green • RAM 4 GB • Storage 64 GB,," · Dec, 2024"
This price range mobile worth.,4,,4,Really Nice,Review for: Color Aqua Bliss • RAM 4 GB • Storage 64 GB,," · Dec, 2024"
Very good,5,,5,Fabulous!,Review for: Color Silver Stardust • RAM 4 GB • Storage 64 GB,," · Mar, 2025"
Good 😊👍,3,,3,Just okay,Review for: Color Enchanted Green • RAM 4 GB • Storage 64 GB,," · Mar, 2025"
I would say really this is the best phone and this..... At the price you are getting this this is totally phenomenal because the camera is average but battery is awesome and performance is also awesom...,5,,5,Classy product,Review for: Color Aqua Bliss • RAM 4 GB • Storage 64 GB,," · Dec, 2024"
"Phone is immersive
Display is crisp
Sound quality is awesome 👍🏻 
Camera upto the mark 
Design is just superb
Vegan leather back is best
Best in segment",5,,5,Must buy!,Review for: Color Crimson Reserve • RAM 8 GB • Storage 128 GB,Nikhil M, · 1 month ago
"The Redmi Note 15 SE feels super slim, lightweight, and premium right out of the box, and it is great to see a fast charger included. The curved display is perfectly balanced, giving it a really premi...",5,,5,Brilliant,Review for: Color Crimson Reserve • RAM 8 GB • Storage 128 GB,, · 1 month ago
Overall good phone,4,,4,Worth the money,Review for: Color Carbon Black • RAM 8 GB • Storage 256 GB,Rohit Kushawaha, · 1 month ago
Very very good mobile,5,,5,Perfect product!,Review for: Color Crimson Reserve • RAM 8 GB • Storage 128 GB,, · 1 month ago
This is superb hendset,5,,5,Must buy!,Review for: Color Crimson Reserve • RAM 8 GB • Storage 128 GB,Dheeraj jain  Jain, · 1 month ago
Good,5,,5,Super!,Review for: Color Crimson Reserve • RAM 8 GB • Storage 128 GB,Ravikumara  K B, · 1 month ago
Excellent Mobile 📲📲,5,,5,Awesome,Review for: Color Frosted White • RAM 8 GB • Storage 256 GB,Malkit  Singh , · 1 month ago
Best mobile,5,,5,Terrific,Review for: Color Crimson Reserve • RAM 8 GB • Storage 128 GB,, · 20 days ago
If you want a nice looking phone with a decent camera and a very good battery backup. Then go for it. But if you r gonna use it for gaming or multitasking..this phone isn't for you. Even with 8gb ram ...,3,,3,Just okay,Review for: Color Crimson Reserve • RAM 8 GB • Storage 256 GB,sabiyaa Shaikh, · 1 month ago
Phone is all overall gud and Camera is looking good too for this range. Only con is my this could have had gorilla Glass for this budget.,5,,5,Brilliant,Review for: Color Frosted White • RAM 8 GB • Storage 256 GB,Prasanth Prabhakaran, · 29 days ago
Awesome phone! Best for normal use at this price,4,,4,Wonderful,Review for: Color Bahama Blue • RAM 6 GB • Storage 128 GB,," · Mar, 2025"
Budget smartphone. At this price you get a lot. Camera for a beginner is good. Performance is also good as of now.,5,,5,Really Nice,Review for: Color Bahama Blue • RAM 6 GB • Storage 128 GB,Prasanjeet Patra," · Feb, 2025"
Normal user ok,4,,4,Delightful,Review for: Color Bahama Blue • RAM 6 GB • Storage 128 GB,Gow Gow," · Feb, 2025"
Good display good performance must bye budget friendly,5,,5,Super!,Review for: Color Bahama Blue • RAM 6 GB • Storage 128 GB,," · Feb, 2025"
"Amazing value for money product from Samsung. The 6gb variant runs buttery smooth. No lag whatsoever. I've been using it for a few weeks now. 

Pros:
Amazing screen (vibrant colours and it doesn't str...",5,,5,Awesome,Review for: Color Lit Violet • RAM 6 GB • Storage 128 GB,Abhisek Sharma, · 8 months ago
"It's been three months I'm using f06 5g.  I'm a medium user. Not much interested in photos. So pros and cons are relatable to users like me
Pros : NO battery drainage , No / less  heating issue,
Good ...",5,,5,Great product,Review for: Color Lit Violet • RAM 6 GB • Storage 128 GB,Flipkart Customer, · 9 months ago
At  the price of 9000 it's good 👍(6/128) .Nice Display good Camera amazing battery 🔋4 years of software update 😌 and Samsung Brand ❤️,4,,4,Nice product,Review for: Color Lit Violet • RAM 6 GB • Storage 128 GB,, · 7 months ago
Phone was good in this price segment,5,,5,Worth every penny,Review for: Color Bahama Blue • RAM 6 GB • Storage 128 GB,," · Feb, 2025"
Good budget phone,4,,4,Worth the money,Review for: Color Bahama Blue • RAM 6 GB • Storage 128 GB,," · Feb, 2025"
8days since bought this one and it hang like a two years old and it's not something that gaming or something that can jam it. Simply watching a play on Netflix. Suddenly my hands touched the screen an...,4,,4,Nice product,Review for: Color Lit Violet • RAM 6 GB • Storage 128 GB,Barasha sarma, · 9 months ago
I just love the product .. it is so useful for my dad.. my dad only like keypad phone but this phone has every feature which would I like personally .. I will highly recommend you ..Just go for it,5,,5,Excellent,Review for: Color Black • RAM 32 MB,MANASI MANJALKAR," · Mar, 2024"
Very Good Product. Value For Money. Thank You Itel And Very Fast And Safety Handle Thank You Flipkart.❤️❤️,5,,5,Simply awesome,Review for: Color Light Green • RAM 32 MB,," · Feb, 2024"
"Important note.- 
This phone doesn't have Bluetooth, stopwatch, timer. 
The calling speaker in earpiece is more clear and louder from backside of the phone than front side. I don't get the point, bein...",3,,3,Decent product,Review for: Color Black • RAM 32 MB,Bidhan Atta," · May, 2024"
Nice product. Back design is nice❤️❤️❤️❤️,4,,4,Nice product,Review for: Color Light Green • RAM 32 MB,," · May, 2024"
"Not adding photos, but is good phone for elders
Cons: no blutooth for connectivity 
Pros:
1. Big displays, very good for elders.
2. Nice sound of earpiece and speaker no noise.
3. No network issue.
4....",5,,5,Must buy!,Review for: Color Light Green • RAM 32 MB,YOGESH PRATAP JALVANSHI," · Sep, 2024"
"There is no Bluetooth in mobile and unable to read vcf file, it is impossible to transfer contact list. It will not even copy contact from sim card",3,,3,Nice,Review for: Color Light Green • RAM 32 MB,kadis prasad," · Apr, 2024"
"Very nice phone in this price range. Good for normal usage, calls, FM is working well, volume is moderate, built quality is good. Overall a budget friendly mobile phone for basic usage.",5,,5,Highly recommended,Review for: Color Light Blue • RAM 32 MB,," · Apr, 2025"
Good product 💯 I thought that canera would be better but it was average battery and performance good .,5,,5,Terrific,Review for: Color Light Green • RAM 32 MB,," · Jul, 2024"
👌 good 💙,5,,5,Brilliant,Review for: Color Light Blue • RAM 32 MB,," · Apr, 2024"
Nice battery back up. Average camera 🤳,4,,4,Delightful,Review for: Color Black • RAM 32 MB,," · Mar, 2024"
It's good for the budget segment,4,,4,Really Nice,Review for: Color Green • RAM 4 GB • Storage 64 GB,N K NARESH KUMAR, · 3 months ago
Awesome product,5,,5,Highly recommended,Review for: Color Light Violet • RAM 4 GB • Storage 64 GB,Divya Bharathi, · 5 months ago
Good product 👌ilove ❤️ samsung,5,,5,Worth every penny,Review for: Color Light Violet • RAM 4 GB • Storage 64 GB,Babun Ghosh, · 4 months ago
Very good 4G phone for normal use,4,,4,Worth the money,Review for: Color Light Violet • RAM 4 GB • Storage 64 GB,RabindraNath Mohanty, · 4 months ago
This phone not working properly,2,,2,Slightly disappointed,Review for: Color Black • RAM 4 GB • Storage 64 GB,Vamshi  Maddiboina , · 3 months ago
The sensor of the phone is not working properly at all,3,,3,Fair,Review for: Color Green • RAM 4 GB • Storage 64 GB,Rani Gupta, · 4 months ago
Nice mobile phone with good camera quality and features,5,,5,Excellent,Review for: Color Green • RAM 4 GB • Storage 64 GB,Flipkart Customer, · 2 months ago
It is worth for that amount.,5,,5,Mind-blowing purchase,Review for: Color Green • RAM 4 GB • Storage 64 GB,Bugi Prakash , · 2 months ago
Very good product,5,,5,Awesome,Review for: Color Green • RAM 4 GB • Storage 64 GB,rajagopal pothamshetty, · 2 months ago
All good,5,,5,Classy product,Review for: Color Elegant Pink • RAM 6 GB • Storage 128 GB,MANASH JYOTI DEKA, · 5 months ago
Super Camera Also Performance BUT BGMI Little Bit Gyro Delay in TDM,5,,5,Highly recommended,Review for: Color Matte Silver • RAM 6 GB • Storage 128 GB,, · 5 months ago
"Performance ⭐⭐⭐⭐⭐ 
Battery ⭐⭐⭐⭐⭐
Display ⭐⭐⭐ ⭐ 
Camera ⭐⭐⭐⭐ 
Design ⭐ ⭐ ⭐ ⭐ ⭐ 
Overall: Great ⭐ ⭐ ⭐ ⭐ ⭐",5,,5,Excellent,Review for: Color Lake Green • RAM 6 GB • Storage 128 GB,Flipkart Customer, · 5 months ago
"First Impression :-
1. Stunning Looks
2. Strongest Processor
3. Average Camera
4. Charger and Cover in box
5. Don't turn on the motion gestures

I'll keep you guys updated!",4,,4,Nice product,Review for: Color Matte Silver • RAM 6 GB • Storage 128 GB,Aamir Raza, · 5 months ago
Nice product is the best mobile as per budget👍,4,,4,Good quality product,Review for: Color Elegant Pink • RAM 6 GB • Storage 128 GB,, · 5 months ago
Best under 15k gaming and performance,4,,4,Really Nice,Review for: Color Matte Silver • RAM 6 GB • Storage 128 GB,Sunil Ravat, · 5 months ago
"I am using the Realme P4x, and overall the phone is working well. However, I am facing a battery drain issue even during normal usage.
The battery performance does not feel like that of a 7000mAh batt...",3,,3,Just okay,Review for: Color Matte Silver • RAM 6 GB • Storage 128 GB,Flipkart Customer, · 3 months ago
"Realme Bro release Banger one Thank You #Realme bro🤟❤️
#legacy 🚀😇🐐",5,,5,Just wow!,Review for: Color Matte Silver • RAM 6 GB • Storage 128 GB,, · 5 months ago
All good,5,,5,Mind-blowing purchase,Review for: Color Matte Silver • RAM 6 GB • Storage 128 GB,Rajbabu  Yadav, · 5 months ago
Super camera quality in this price 😍📸,5,,5,Brilliant,Review for: Color Matte Silver • RAM 6 GB • Storage 128 GB,, · 5 months ago
Good 👍🏻,4,,4,Good choice,Review for: Color Sparkle Purple • RAM 4 GB • Storage 128 GB,," · Jan, 2025"
Nice phone 📱 guys,5,,5,Super!,Review for: Color Sparkle Purple • RAM 4 GB • Storage 128 GB,Aman Yadav," · Dec, 2024"
Quality the best,5,,5,Wonderful,Review for: Color Sparkle Purple • RAM 4 GB • Storage 128 GB,," · Dec, 2024"
Good,5,,5,Terrific purchase,Review for: Color Sparkle Purple • RAM 4 GB • Storage 128 GB,Khushnoor khan," · Dec, 2024"
Very good product I'm happy this product thanks Flipkart,5,,5,Just wow!,Review for: Color Starry Black • RAM 4 GB • Storage 128 GB,," · Dec, 2024"
"Product is very good, budget friend smart phone. Camera is good, 5G connectivity good.",4,,4,Wonderful,Review for: Color Sparkle Purple • RAM 4 GB • Storage 128 GB,KUMAR R H," · Dec, 2024"
"Maine 12 days use kia is mobile 1 .battary.... 10\10
2. Display.... 10/10
3. Performance... 10/10
4. Camera... 8/10
5. Money... Ok
6. disign... 10/10",5,,5,Fabulous!,Review for: Color Starry Black • RAM 4 GB • Storage 128 GB,Samsam  Ali khan," · Mar, 2025"
Nice,5,,5,Worth every penny,Review for: Color Starry Black • RAM 4 GB • Storage 128 GB,," · Jan, 2025"
Good product,5,,5,Terrific,Review for: Color Sparkle Purple • RAM 4 GB • Storage 128 GB,," · Dec, 2024"
Beutiful mobile,5,,5,Terrific purchase,Review for: Color Sparkle Purple • RAM 4 GB • Storage 128 GB,Ravi kamar mahato," · Dec, 2024"
Buy this phone only for its display. Do not expect anything from the camera and performance . It's often laggy and unresponsive. I will not recommend buying  the phone,2,,2,Expected a better product,Review for: Color Metallic Grey • RAM 8 GB • Storage 256 GB,ANKUSH  SHARMA, · 11 months ago
"Average phone, battery drains quickly, sometimes touch is not responsive, front camera is not good in low light conditions, phone is also getting struck when doing multi tasks.",3,,3,Decent product,Review for: Color Metallic Grey • RAM 8 GB • Storage 256 GB,DivakaR Chowdary , · 11 months ago
Mobile is best for this Price range. Never compit any brand for this specifications with this price. I buy this for 8200 on BBD sale. Display is also different from another all mobiles. It is matt fin...,5,,5,Super!,Review for: Color Matcha Green • RAM 8 GB • Storage 256 GB,tapan patel, · 7 months ago
Not satisfied with this product,2,,2,Worthless,Review for: Color Metallic Grey • RAM 8 GB • Storage 256 GB,Flipkart Customer, · 10 months ago
Asome it's very good,4,,4,Really Nice,Review for: Color Matcha Green • RAM 8 GB • Storage 256 GB,ANTONY  SAMY, · 6 months ago
Very nice product. Looks very Smart. I love ❤️ this mobile. Tq TCL team,5,,5,Pretty good,Review for: Color Metallic Grey • RAM 8 GB • Storage 256 GB,MANDALA GOVINDA RAO, · 5 months ago
"Purchased in July, Phone screen is the key point, and software experience is okok, 256 gb memory is great at this price. Charger was dead on arrival then I requested for only charger change but flipka...",3,,3,Just okay,Review for: Color Metallic Grey • RAM 8 GB • Storage 256 GB,chaithanya M, · 8 months ago
Charger qualitu is very bad,3,,3,Fair,Review for: Color Metallic Grey • RAM 8 GB • Storage 256 GB,Ankit Gupta, · 6 months ago
Very nice product good brand my first using mobile company in 2003 Alcatell bran,4,,4,Worth the money,Review for: Color Matcha Green • RAM 8 GB • Storage 256 GB,Jam jam venkata Seshagirirao, · 6 months ago
A well balanced everyday phone without any gimmicks . Display tuning is excellent and the modes which is provided in NXT paper display is next level. The most underrated feature is matte finish anti r...,4,,4,Pretty good,Review for: Color Metallic Grey • RAM 8 GB • Storage 256 GB,Abhay Kumaran, · 7 months ago
Best Samsung profomance device under this buget,4,,4,Good quality product,Review for: Color Green • RAM 4 GB • Storage 64 GB,Flipkart Customer, · 7 months ago
Value for money deal but UI a bit lagging on continuous usage,5,,5,Excellent,Review for: Color Green • RAM 4 GB • Storage 64 GB,, · 7 months ago
Very good as consider the price (g99 chip ) good performance,5,,5,Fabulous!,Review for: Color Green • RAM 4 GB • Storage 64 GB,Bibhu Das, · 7 months ago
"want secondary phone....sure go for it...
Premium look....",5,,5,Terrific,Review for: Color Green • RAM 4 GB • Storage 64 GB,, · 7 months ago
"Nice Samsung Galaxy F07 Phone 
Please Try Again..",5,,5,Worth every penny,Review for: Color Green • RAM 4 GB • Storage 64 GB,, · 6 months ago
The mobile is good. Great product. I liked it. Best offer of Diwali. Get it soon.,5,,5,Fabulous!,Review for: Color Green • RAM 4 GB • Storage 64 GB,, · 7 months ago
Good 👍,5,,5,Wonderful,Review for: Color Green • RAM 4 GB • Storage 64 GB,Soumen Shikari, · 7 months ago
Good mobile. If willing to buy for parents it's good with low budget,4,,4,Very Good,Review for: Color Green • RAM 4 GB • Storage 64 GB,Krishna, · 6 months ago
Value for money,5,,5,Fabulous!,Review for: Color Green • RAM 4 GB • Storage 64 GB,GSP  Chakravarthy, · 7 months ago
Nice phone according to price ....can buy it...,5,,5,Super!,Review for: Color Green • RAM 4 GB • Storage 64 GB,himanshu singh, · 7 months ago
Good For Basic Usage,4,,4,Really Nice,Review for: Color Blue • RAM 4 MB,," · May, 2019"
"Value for money.  Excellent Battery backup.  Very Good Tower Signal ,  Very good display,  Very Good voice Clarity.  Loud speaker. Overall Very good phone.",5,,5,Excellent Product,Review for: Color Blue • RAM 4 MB,Suresh kumar K," · Nov, 2019"
If you are looking for a budget bar/featured small handset to do your daily calls with longer battery mileage then this is the staff! Go buy it!,5,,5,Best in the market!,Review for: Color Blue • RAM 4 MB,," · Mar, 2021"
very nice lava phone,5,,5,Best in the market!,Review for: Color Blue • RAM 4 MB,," · Sep, 2019"
good quality mobile phone,5,,5,Worth every penny,Review for: Color Blue • RAM 4 MB,," · Aug, 2019"
Nice product,5,,5,Excellent,Review for: Color Blue • RAM 4 MB,," · Sep, 2020"
"Good display, good battery perfomanance, best gift for aged people. Easy to use, light weight",3,,3,Fair,Review for: Color Blue • RAM 4 MB,Bhavya Devu," · Jun, 2020"
awesome keypad set.. good battery backup.. nice look  👌,5,,5,Terrific purchase,Review for: Color Blue • RAM 4 MB,," · Aug, 2019"
good,5,,5,Terrific purchase,Review for: Color Blue • RAM 4 MB,Sankirtan  Majhi ," · Jun, 2019"
"Beautiful look, excellent working, long-life battery, value of money n more.....",5,,5,Terrific,Review for: Color Blue • RAM 4 MB,," · Jul, 2020"
"Supar phone 
Aaryan gorwal",5,,5,Mind-blowing purchase,Review for: Color White & Red • RAM 32 MB,," · Oct, 2023"
It is too good,5,,5,Excellent,Review for: Color White & Red • RAM 32 MB,Vikash Kumar," · Nov, 2023"
It's really amazing,5,,5,Awesome,Review for: Color Black & Red • RAM 32 MB,Varsha Varshini," · Oct, 2024"
"Guys, its awesome phone for calling. Its vibration is very hard. Vibration can hear in noise place if we keep phone in pocket. It has multimedia that is very great in this price segment. Please dont b...",5,,5,Terrific,Review for: Color Dark Blue • RAM 32 MB,Raja kumar  S/O Ambho yadav," · Feb, 2025"
"Value for money product. two SIM cards ,camera, battery ,charger is there which is really very great deal thanks JMAX",5,,5,Terrific,Review for: Color White & Red • RAM 32 MB,Flipkart Customer," · Oct, 2023"
Super 👌  mobile 📱  made in India at this price. Truly value for money. Battery 🔋 back is awesome goes around 2-3 days after charging.,4,,4,Pretty good,Review for: Color Black Gold • RAM 32 MB,Adarsh  Shukla," · Dec, 2023"
Very nice product,5,,5,Brilliant,Review for: Color Black & Red • RAM 32 MB,," · Nov, 2024"
Good phone,4,,4,Really Nice,Review for: Color Black Gold • RAM 32 MB,Pramod kk Parakkandy," · Dec, 2023"
Nice,4,,4,Really Nice,Review for: Color White & Red • RAM 32 MB,SHANKAR E," · Oct, 2023"
Very nice product,4,,4,Pretty good,Review for: Color Dark Blue • RAM 32 MB,Karan  Sharma , · 3 months ago
Nice phone in budget Happy 😊,4,,4,Delightful,Review for: Color Cool Blue • RAM 6 GB • Storage 128 GB,," · May, 2025"
Value for money,4,,4,Good quality product,Review for: Color Power Black • RAM 6 GB • Storage 128 GB,," · Apr, 2025"
Very good,4,,4,Value-for-money,Review for: Color Desert Gold • RAM 6 GB • Storage 128 GB,Flipkart Customer," · Apr, 2025"
Good budget range mobile,4,,4,Good quality product,Review for: Color Power Black • RAM 6 GB • Storage 128 GB,, · 7 months ago
Flipkart good service and best price poco c71 thank you,5,,5,Just wow!,Review for: Color Desert Gold • RAM 6 GB • Storage 128 GB,Flipkart Customer," · Apr, 2025"
Must phone,5,,5,Excellent,Review for: Color Desert Gold • RAM 6 GB • Storage 128 GB,," · May, 2025"
Mobile design is so pretty and I am satisfied this product in this price...😌🤞🏻💐❤️ Thankyou Flipkart 😃😃👍🏻👍🏻,5,,5,Mind-blowing purchase,Review for: Color Power Black • RAM 6 GB • Storage 128 GB,, · 8 months ago
"Battery is top notch,I bought it for my mom and she loved it, camera, performance is ok ok, great for this",4,,4,Pretty good,Review for: Color Desert Gold • RAM 6 GB • Storage 128 GB,Suneesh  Ks, · 8 months ago
"Not up to the mark. It is only helpful for parents who are only using it for calls.

Not worth it at this price.",3,,3,Fair,Review for: Color Desert Gold • RAM 6 GB • Storage 128 GB,Nageswararao Ganapavarapu," · Apr, 2025"
"Big display, friendly budget phone for parents and
Girls",4,,4,Worth the money,Review for: Color Desert Gold • RAM 6 GB • Storage 128 GB,, · 11 months ago
Awesome products and battery backup good money price good 👌,4,,4,Delightful,Review for: Color Emerald Green • RAM 32 MB,," · Dec, 2023"
It's good mobile,5,,5,Perfect product!,Review for: Color Terracotta Red • RAM 32 MB,," · Oct, 2024"
Bad 😞,3,,3,Decent product,Review for: Color Charcoal • RAM 32 MB,Flipkart Customer, · 9 months ago
Nice,4,,4,Good choice,Review for: Color Terracotta Red • RAM 32 MB,," · Feb, 2024"
Good,5,,5,Highly recommended,Review for: Color Charcoal • RAM 32 MB,," · Sep, 2023"
Very nice set and battery service is very good and the sound quality of the mobile is also very good.,5,,5,Wonderful,Review for: Color Charcoal • RAM 32 MB,," · Apr, 2025"
Good,4,,4,Nice product,Review for: Color Terracotta Red • RAM 32 MB,Joydeb Bose," · Jan, 2024"
Awsome,5,,5,Awesome,Review for: Color Terracotta Red • RAM 32 MB,," · Oct, 2023"
Super product very nice thank you Flipkart,4,,4,Worth the money,Review for: Color Charcoal • RAM 32 MB,Jonaki Sarma," · Oct, 2023"
Ok,3,,3,Nice,Review for: Color Charcoal • RAM 32 MB,Soorya Kt ," · Nov, 2023"
Very nice phone,5,,5,Mind-blowing purchase,Review for: Color Prismatic Green • RAM 6 GB • Storage 128 GB,Flipkart Customer, · 1 month ago
Better device in this price nice but SD missing Battery stands for 18 hrs,5,,5,Worth every penny,Review for: Color Prismatic Green • RAM 6 GB • Storage 128 GB,Flipkart Customer, · 1 month ago
This phone good warking battery in a long time use my be 1 full day,5,,5,Terrific,Review for: Color Titan Black • RAM 6 GB • Storage 128 GB,Abhishek  Chaudhari , · 1 month ago
Best phone but need more good looking with the design,5,,5,Wonderful,Review for: Color Prismatic Green • RAM 6 GB • Storage 128 GB,Tapan Santra, · 1 month ago
Best Phone Iqoo z11x This value for money All Good,5,,5,Excellent,Review for: Color Prismatic Green • RAM 6 GB • Storage 128 GB,, · 1 month ago
Very good mobile,5,,5,Mind-blowing purchase,Review for: Color Prismatic Green • RAM 6 GB • Storage 128 GB,, · 1 month ago
excellent product,5,,5,Best in the market!,Review for: Color Titan Black • RAM 6 GB • Storage 128 GB,Trilok  Verma, · 1 month ago
Best iqoo phone,5,,5,Perfect product!,Review for: Color Prismatic Green • RAM 6 GB • Storage 128 GB,, · 8 days ago
Good phone battery is heavy 2 Day battery backup,5,,5,Great product,Review for: Color Prismatic Green • RAM 6 GB • Storage 128 GB,Flipkart Customer, · 1 month ago
Good product,5,,5,Mind-blowing purchase,Review for: Color Prismatic Green • RAM 6 GB • Storage 128 GB,taiyub ullah, · 1 month ago
"Good camera 
Good display 
Good battery backup 
Good in gaming 120fps in bgmi 
Good in charging speed
Good in mobile handset feel

Con:
That would be good if they provide screen guard and back cover, ...",5,,5,Best in the market!,Review for: Color Pantone SILHOUETTE • RAM 8 GB • Storage 256 GB,, · 2 months ago
Awesome Phone 📱🤳,5,,5,Fabulous!,Review for: Color Pantone BLUE SURF • RAM 8 GB • Storage 128 GB,, · 2 months ago
"The battery is too good and the camera is awesome.
Perfomance excellent.
The design looks pretty.",5,,5,Fabulous!,Review for: Color Pantone SILHOUETTE • RAM 8 GB • Storage 128 GB,Kiran N, · 2 months ago
"Great for gaming and daily use. No lag, very smooth experience.",5,,5,Mind-blowing purchase,Review for: Color Pantone BLUE SURF • RAM 8 GB • Storage 128 GB,, · 2 months ago
"Camera is good 4.5/ 5
Display.              5. / 5
Battery.              4.5/5
Over all 3 days use phone so good...",5,,5,Awesome,Review for: Color Pantone SILHOUETTE • RAM 8 GB • Storage 128 GB,Soosai Prabu, · 2 months ago
"The camera quality is very nice ❤️
Also the battery have long life ❤️
Everything is too good everyone must buy this phone 📱",5,,5,Simply awesome,Review for: Color Pantone BLUE SURF • RAM 8 GB • Storage 128 GB,, · 1 month ago
"* camera 8/10
*Performance 9/10
*Battery backup 10/10
*Display 10/10
No other issues, just have some bugs and no other problem . Highly recommend in this segment",4,,4,Good quality product,Review for: Color Pantone BLUE SURF • RAM 8 GB • Storage 256 GB,, · 21 days ago
Super phone everything is good,5,,5,Terrific purchase,Review for: Color Pantone BLUE SURF • RAM 8 GB • Storage 128 GB,, · 2 months ago
"Ignore the negative reviews. 
The camera, battery, performance and display are awesome.
There is no doubt about it. 
Although there is a little heating issue while charging (but don't worry because it...",5,,5,Great product,Review for: Color Pantone BLUE SURF • RAM 8 GB • Storage 128 GB,Flipkart Customer, · 1 month ago
"Very good balance in mid range. Except the side frame which is plastic, build is pretty good and handy with quite less weight for the massive 7000mah.
Display: 5/5
Battery: 5/5
Speakers: 5/5
Build: 4/...",5,,5,Fabulous!,Review for: Color Pantone COUNTRY AIR • RAM 8 GB • Storage 256 GB,, · 2 months ago
Nice product,5,,5,Worth every penny,Review for: Color Black • RAM 4 GB • Storage 64 GB,Divyashree M, · 3 months ago
Budget mobile,5,,5,Perfect product!,Review for: Color Black • RAM 4 GB • Storage 64 GB,Sovit Samantara , · 3 months ago
Awesome in this range,5,,5,Wonderful,Review for: Color Black • RAM 4 GB • Storage 64 GB,Flipkart Customer, · 1 month ago
Good,3,,3,Nice,Review for: Color Black • RAM 4 GB • Storage 64 GB,Num bahadur Adhikari , · 2 months ago
Best for budget phone,4,,4,Good choice,Review for: Color Black • RAM 4 GB • Storage 64 GB,Flipkart Customer, · 2 months ago
Good,4,,4,Very Good,Review for: Color Black • RAM 4 GB • Storage 64 GB,N.. Sanjeet , · 2 months ago
Very slow.,2,,2,Expected a better product,Review for: Color Black • RAM 4 GB • Storage 64 GB,Flipkart Customer, · 1 month ago
Nice,5,,5,Highly recommended,Review for: Color Black • RAM 4 GB • Storage 64 GB,Dharshini Abi, · 5 days ago
All good.,5,,5,Perfect product!,Review for: Color Black • RAM 4 GB • Storage 64 GB,Raj Gupta, · 5 days ago
Single SIM is working very bad,3,,3,Just okay,Review for: Color Dark Blue • RAM 4 MB,Flipkart Customer," · Mar, 2024"
"Good voice quality nice battery backup.
Good sound quality
Worth for money",5,,5,Awesome,Review for: Color Dark Blue • RAM 4 MB,Nandha Kumar," · Nov, 2023"
Nice 👍,5,,5,Wonderful,Review for: Color Dark Blue • RAM 4 MB,," · Apr, 2024"
Good,5,,5,Just wow!,Review for: Color Purple • RAM 4 MB,," · Jan, 2024"
"Great product by flipkart, loved by my father.",5,,5,Wonderful,Review for: Color Dark Blue • RAM 4 MB,," · Dec, 2023"
Total money waste 😭😭😭,4,,4,Expected a better product,Review for: Color Light Gold • RAM 4 MB,R.P Muthu, · 10 months ago
Very nice 💯💯💯💯💯🙂🙂🙂🙂🙂🙂🙂🙂🙂🙂🙂🙂🙂🙂,5,,5,Perfect product!,Review for: Color Dark Blue • RAM 4 MB,," · Jan, 2024"
Nokia forever good...,4,,4,Very Good,Review for: Color Light Gold • RAM 4 MB,," · Jul, 2024"
Good quality,5,,5,Mind-blowing purchase,Review for: Color Purple • RAM 4 MB,Athira  sanoj," · Nov, 2023"
"build quality is great(feel😊)
speakers are good
wireless FM🤟
Memory card 👍, but phone read only mp3. Other formats like aac, m4a, and opus not supported
screen is okay, but have used nokiaX2-00, th...",5,,5,Excellent,Review for: Color Dark Blue • RAM 4 MB,Flipkart Customer," · May, 2024"
Good,5,,5,Perfect product!,Review for: Color Marine Blue • RAM 4 GB • Storage 128 GB,Sawmtei Chawngthu, · 1 month ago
Mind blowing 😎,5,,5,Terrific purchase,Review for: Color Maroon Red • RAM 4 GB • Storage 128 GB,, · 24 days ago
Thisbis ok as per money,4,,4,Good quality product,Review for: Color Aqua Blue • RAM 4 GB • Storage 128 GB,Dhaval Yadav, · 8 days ago
Ok,5,,5,Terrific,Review for: Color Aqua Blue • RAM 4 GB • Storage 128 GB,Ajith Ak, · 9 days ago
"Price is high.
Phone is best,",5,,5,Brilliant,Review for: Color Aqua Blue • RAM 4 GB • Storage 128 GB,Devan Ram, · 11 days ago
Okok,3,,3,Don't waste your money,Review for: Color Aqua Blue • RAM 4 GB • Storage 128 GB,Shiv  Kumar, · 1 month ago
Overall good deal,5,,5,Wonderful,Review for: Color Marine Blue • RAM 4 GB • Storage 128 GB,Rahul Singh, · 7 days ago
"Worst product, buy and regret",1,,1,Hated it!,Review for: Color Maroon Red • RAM 4 GB • Storage 128 GB,Nazir  Shaikh, · 9 days ago
Not work properly,2,,2,Moderate,Review for: Color Aqua Blue • RAM 4 GB • Storage 128 GB,R S, · 12 days ago
After some time my mobile is switch off,1,,1,Very poor,Review for: Color Aqua Blue • RAM 4 GB • Storage 128 GB,Vikash Patel, · 16 days ago
good,4,,4,Pretty good,Review for: Color Black • RAM 6 GB • Storage 128 GB,Bablu Pal, · 2 months ago
Good phone,4,,4,Pretty good,Review for: Color Purple • RAM 6 GB • Storage 128 GB,, · 1 month ago
Good mobile in this budget ✨,4,,4,Delightful,Review for: Color Black • RAM 6 GB • Storage 128 GB,Likhith Reddy M, · 2 months ago
NICE MOBILE FOR THIS PRICE,5,,5,Just wow!,Review for: Color Black • RAM 6 GB • Storage 128 GB,PRAKASH Soni, · 2 months ago
"Such a good smart phone in your pocket budget...
Thank you flipkart",5,,5,Great product,Review for: Color Pink • RAM 6 GB • Storage 128 GB,, · 1 month ago
Phone is very good 😊 I am totally satisfied with phone thank you Flipkart 💗 you can play bgmi on 40 fps there are so many frame drops but it's so okay thank you ai pulse company battery optimisation...,5,,5,Perfect product!,Review for: Color Black • RAM 6 GB • Storage 128 GB,Ayesha siddiqa Simu, · 2 months ago
"Some apps are not supporting or working properly, vibration on screen is often a problem. Camera quality is not good. Rest is not good but ok.",3,,3,Good,Review for: Color Black • RAM 6 GB • Storage 128 GB,Ashok  Kumar Jha , · 2 months ago
It's an awesome phone overall..great budget phone..I like it,4,,4,Good quality product,Review for: Color Black • RAM 6 GB • Storage 128 GB,Rahul, · 1 month ago
Touch pannel issue,2,,2,Moderate,Review for: Color Black • RAM 6 GB • Storage 128 GB,Bhanu Raj, · 1 month ago
Camera quality is so bad not expected,3,,3,Does the job,Review for: Color Black • RAM 6 GB • Storage 128 GB,Reetu Vij, · 2 months ago
"good in hand feel 
camera is to good
great One UI",5,,5,Awesome,Review for: Color Light Green • RAM 6 GB • Storage 128 GB,, · 5 months ago
"All of this is fine at this price range , but the battery backup is a more disappointing. It doesn't last for 8 hours even after a full charge, and one thing there is no built in app lock function in ...",3,,3,Slightly disappointed,Review for: Color Velvet Black / Black • RAM 6 GB • Storage 128 GB,Md Atique Anwar, · 8 months ago
Mid range quality product,5,,5,Wonderful,Review for: Color Light Green • RAM 6 GB • Storage 128 GB,Happy Dhiman, · 8 months ago
I bought it for 16.5k. had no bank offers at the time. Seems a bit higher than it's average listing price. 15k is apt for it. Camera quality is 5/5. UI is 5/5. Only negative is it's battery life 4/5. ...,4,,4,Really Nice,Review for: Color Velvet Black / Black • RAM 6 GB • Storage 128 GB,Venkatesh G, · 2 months ago
I love it,5,,5,Mind-blowing purchase,Review for: Color Velvet Black / Black • RAM 6 GB • Storage 128 GB,Arvind Singh, · 8 months ago
Nice mobile,5,,5,Worth every penny,Review for: Color Orange Haze / Orange • RAM 6 GB • Storage 128 GB,, · 8 months ago
According This Price Range Nice Product. No Charger in box. Camara satisfied and battery 🔋 not so much good. Definitely loved this product.,4,,4,Very Good,Review for: Color Light Green • RAM 6 GB • Storage 128 GB,, · 8 months ago
Adapter not given as per promise. Otherwise very good phone,4,,4,Delightful,Review for: Color Velvet Black / Black • RAM 6 GB • Storage 128 GB,Deepak  Yadav, · 8 months ago
Everything worth it except the battery backup. Atleast 2 times charge is required per day with minimalistic usage. Need to optimize that in upcoming versions.,4,,4,Wonderful,Review for: Color Velvet Black / Black • RAM 6 GB • Storage 128 GB,Subhagata Mandal, · 5 months ago
Very good,5,,5,Highly recommended,Review for: Color Light Green • RAM 6 GB • Storage 128 GB,Ajay Kumar, · 9 months ago
Nice product ✨❤,5,,5,Excellent,Review for: Color Charcoal • RAM 32 MB,," · Jul, 2023"
Awesome Product ❤️❤️❤️❤️❤️⭐⭐⭐⭐⭐,5,,5,Highly recommended,Review for: Color Terracotta Red • RAM 32 MB,," · Jan, 2024"
Very fine 3.5 star to me. looks a good one but i have to wait for full result.,3,,3,Just okay,Review for: Color Cyan • RAM 32 MB,," · Jul, 2023"
Battery backup is Good enough And the mic and speaker quality is better than other keypad phones. The UPI app is worked excellent and very Useful it is . That's it and through at this price Worth it 👍.,4,,4,Good quality product,Review for: Color Charcoal • RAM 32 MB,Raj Kumar," · Sep, 2023"
"The mobile was already used by someone in 2024
When I'm installed Battery in the mobile torch light is coming automatically  and the charger is rusted 
Totally it was used by some one  I don't want an...",3,,3,Decent product,Review for: Color Charcoal • RAM 32 MB,Thampula  Ravi Teja," · May, 2025"
Excellent 👌,5,,5,Awesome,Review for: Color Cyan • RAM 32 MB,," · Jul, 2023"
Best mobile for parents it's easily accessible ☺️ and performance also good battery 🔋 becup very nice,5,,5,Brilliant,Review for: Color Charcoal • RAM 32 MB,," · Oct, 2023"
Useful product thank you fkipcart,5,,5,Brilliant,Review for: Color Terracotta Red • RAM 32 MB,," · Nov, 2023"
Nice Product 👍,5,,5,Mind-blowing purchase,Review for: Color Terracotta Red • RAM 32 MB,," · Apr, 2024"
Thankyou,5,,5,Excellent,Review for: Color Cyan • RAM 32 MB,Flipkart Customer," · Jul, 2023"
Nice,4,,4,Delightful,Review for: Color Blue • RAM 32 MB,," · Jun, 2022"
"Valu of money, But it takes a long time to Full charging...",4,,4,Good quality product,Review for: Color Marsala • RAM 32 MB,," · May, 2022"
Very good product minimum money benefit so high,5,,5,Worth every penny,Review for: Color Blue • RAM 32 MB,," · Mar, 2022"
Nice phone👌,5,,5,Best in the market!,Review for: Color Blue • RAM 32 MB,," · Jun, 2022"
This phone is a show stopper and quite ahead of it's competition. Actually it's a well balanced and a complete package of a phone. Camera quality is decent on this you don't get a flash but in the mea...,5,,5,Must buy!,Review for: Color Marsala • RAM 32 MB,," · Jun, 2022"
Very nice 👌👌👍,5,,5,Terrific purchase,Review for: Color Blue • RAM 32 MB,," · May, 2022"
"The phone is good looking and feels compact in hand inspite of having a huge battery. But the call audio quality in handset mode or handsfree is very poor, one can't even make out what is being said t...",3,,3,Nice,Review for: Color Blue • RAM 32 MB,Suvayu Das," · Jun, 2022"
Mind blowing Mobile... Sound quality is very good..... ❤️,5,,5,Terrific,Review for: Color Blue • RAM 32 MB,," · May, 2022"
Good phone in  this price range,4,,4,Delightful,Review for: Color Marsala • RAM 32 MB,," · May, 2023"
Nyc ❣️,5,,5,Terrific purchase,Review for: Color Blue • RAM 32 MB,," · Jul, 2022"
Good phone in this budget. I'm using poco phone last 3 years. Good performance.,4,,4,Value-for-money,Review for: Color Ocean Blue • RAM 8 GB • Storage 128 GB,Soumyo C," · Mar, 2025"
Very good camera quality and best Performance,3,,3,Fair,Review for: Color Ocean Blue • RAM 8 GB • Storage 128 GB,," · Apr, 2025"
"Low baget best mobile phone. 
Battery charge time too much.. 
Phone speed just wow.. 
Camera not good. 
Overall rating 3.5 out of 5",5,,5,Mind-blowing purchase,Review for: Color Ocean Blue • RAM 8 GB • Storage 128 GB,MD ANWAR HOSSAIN," · Mar, 2025"
Nice 👍 phone is this Budget segment good quality ❤️❤️❤️❤️❤️,5,,5,Mind-blowing purchase,Review for: Color Ocean Blue • RAM 8 GB • Storage 128 GB,," · Mar, 2025"
Best budget phone,3,,3,Does the job,Review for: Color Ocean Blue • RAM 8 GB • Storage 128 GB,," · Apr, 2025"
I love this product is very good,5,,5,Fabulous!,Review for: Color Satin Black • RAM 8 GB • Storage 128 GB,Surya prakash," · Mar, 2025"
Decent product with reasonable price. Good option for parents.,3,,3,Just okay,Review for: Color Satin Black • RAM 8 GB • Storage 128 GB,Atul Tyagi," · Mar, 2025"
good product in this price range,4,,4,Nice product,Review for: Color Satin Black • RAM 8 GB • Storage 128 GB,Rajesh Bordia," · Mar, 2025"
Value for money,4,,4,Wonderful,Review for: Color Satin Black • RAM 8 GB • Storage 128 GB,Bijit Biswas, · 9 months ago
Good product,5,,5,Simply awesome,Review for: Color Satin Black • RAM 8 GB • Storage 128 GB,," · Apr, 2025"
Good looking...thank you filpkart,5,,5,Terrific purchase,Review for: Color Sage Green • RAM 4 GB • Storage 128 GB,," · May, 2025"
Good,5,,5,Mind-blowing purchase,Review for: Color Sage Green • RAM 4 GB • Storage 128 GB,Gopal Das," · Apr, 2025"
Good,5,,5,Just wow!,Review for: Color Sage Green • RAM 4 GB • Storage 128 GB,Pandey Manoj bhai, · 10 months ago
All is good,5,,5,Just wow!,Review for: Color Sage Green • RAM 4 GB • Storage 128 GB,Aarya Yashwant ," · Apr, 2025"
Good as expected,5,,5,Fabulous!,Review for: Color Sage Green • RAM 4 GB • Storage 128 GB,, · 7 months ago
"The product is good as expected, good product for a lesser price. 
You can buy this mobile if you want to use mobile for lightwork.",5,,5,Just wow!,Review for: Color Sage Green • RAM 4 GB • Storage 128 GB,Flipkart Customer," · May, 2025"
Camera not good,2,,2,Moderate,Review for: Color Sage Green • RAM 4 GB • Storage 128 GB,Flipkart Customer," · Mar, 2025"
Currently buying this product not worth it,3,,3,Nice,Review for: Color Blazing Black • RAM 4 GB • Storage 128 GB,, · 19 days ago
Wow The Phone is original and Top notch the quality feel and light weight and in hand phone experience is awesome but you won't get any Tpu case or protection film by the company only a charging cable...,5,,5,Great product,Review for: Color Sage Green • RAM 4 GB • Storage 128 GB,, · 6 months ago
Camera is good. Battery backup is also good. Performance is normal display is also good. Value for money mobile phone (Nadeem Siddiqui),5,,5,Classy product,Review for: Color Sage Green • RAM 4 GB • Storage 128 GB,Flipkart Customer," · May, 2025"
"Poco C85 5G is good. 
Sleeky design.
Processor is good 
Camera is better. 
Value for money. 
And giving many features amongst competitors Mobile Brands of same range.",4,,4,Very Good,Review for: Color Mystic Purple • RAM 4 GB • Storage 128 GB,, · 3 months ago
Mobile is not performance very well as expected other brand like realme,3,,3,Just okay,Review for: Color Mystic Purple • RAM 4 GB • Storage 128 GB,Pratibha Chaturvedi, · 2 months ago
Best phone of poco Xiaomi,5,,5,Highly recommended,Review for: Color Mystic Purple • RAM 4 GB • Storage 128 GB,, · 1 month ago
"The product quality is consistently outstanding, exceeding my expectations every time very Good Mobile for daily use..go for it.. Thank You Flipkart for fast service.",5,,5,Perfect product!,Review for: Color Spring Green • RAM 4 GB • Storage 128 GB,, · 4 months ago
Nice mobail,5,,5,Best in the market!,Review for: Color Mystic Purple • RAM 4 GB • Storage 128 GB,Devendra D Purohit, · 5 months ago
Good,5,,5,Simply awesome,Review for: Color Power Black • RAM 4 GB • Storage 128 GB,Albin Kurian, · 4 months ago
Everything is ok... Battery best ... camera Best in this price.. but phone software issue hanging,3,,3,Decent product,Review for: Color Power Black • RAM 4 GB • Storage 128 GB,Maninder  Singh , · 2 months ago
"Best such for a mobile, value for money",5,,5,Excellent,Review for: Color Mystic Purple • RAM 4 GB • Storage 128 GB,, · 10 days ago
I haven't used it for even a day so will update my review later. 😃,4,,4,Good quality product,Review for: Color Spring Green • RAM 4 GB • Storage 128 GB,Aman kumar Customer, · 1 month ago
Its not work fast as alike pocox6 pro. It take slow transition,3,,3,Does the job,Review for: Color Mystic Purple • RAM 4 GB • Storage 128 GB,khushal p  Mudholakar, · 22 days ago
Sometimes hang issue,3,,3,Nice,Review for: Color Mystic Purple • RAM 4 GB • Storage 128 GB,Rahul Sharma, · 19 days ago
Overall good ⭐⭐⭐,3,,3,Decent product,Review for: Color Mystic Purple • RAM 4 GB • Storage 128 GB,Flipkart Customer, · 24 days ago
"Very bad performance and heat,and hanging",2,,2,Not good,Review for: Color Spring Green • RAM 4 GB • Storage 128 GB,Bethi. Shiva, · 1 month ago
I wasted money by buying very bed mobile,1,,1,Hated it!,Review for: Color Mystic Purple • RAM 4 GB • Storage 128 GB,Mrj Swarnakar , · 5 months ago
Very wonderfull moblie for normal users and lite game user,5,,5,Classy product,Review for: Color Mystic Purple • RAM 4 GB • Storage 128 GB,, · 8 days ago
Fantastic phone,5,,5,Must buy!,Review for: Color Mystic Purple • RAM 4 GB • Storage 128 GB,RAVIT SHARMA, · 10 days ago
This mobile very very hanging,2,,2,Slightly disappointed,Review for: Color Mystic Purple • RAM 4 GB • Storage 128 GB,manjunath Ysk, · 1 month ago
Good,5,,5,Just wow!,Review for: Color Power Black • RAM 4 GB • Storage 128 GB,Monu  Chaudhary, · 3 months ago
Nice phone at this price range.. phone is very responsive..no lag in day to day task,4,,4,Good choice,Review for: Color Black • RAM 6 GB • Storage 128 GB,Pankaj Panjiyar, · 10 months ago
The best product in the badget,5,,5,Super!,Review for: Color Black • RAM 6 GB • Storage 128 GB,, · 8 months ago
According to the budget this is quiet enough,4,,4,Good choice,Review for: Color Pink • RAM 6 GB • Storage 128 GB,, · 5 months ago
"Best smart phone 
Camera battery all are good",5,,5,Brilliant,Review for: Color Black • RAM 6 GB • Storage 128 GB,, · 10 months ago
Nice phone,4,,4,Delightful,Review for: Color Blue • RAM 6 GB • Storage 128 GB,Flipkart Rajesh Reddy , · 9 months ago
"Superb quality...just got at effective price of 6700
 Battery backup is very good.",5,,5,Simply awesome,Review for: Color Green • RAM 6 GB • Storage 128 GB,, · 3 months ago
Nice product,5,,5,Mind-blowing purchase,Review for: Color Green • RAM 6 GB • Storage 128 GB,Flipkart Customer, · 8 months ago
Mobile is good in this price but while charging mobile hangs.,5,,5,Brilliant,Review for: Color Purple • RAM 6 GB • Storage 128 GB,Mohammed  Najmi, · 9 months ago
Nice,5,,5,Terrific,Review for: Color Blue • RAM 6 GB • Storage 128 GB,, · 5 months ago
Under price best mobile,5,,5,Terrific,Review for: Color Black • RAM 6 GB • Storage 128 GB,Vimal Kumar, · 9 months ago
Anyways Great Phone for the Price. RAM and ROM are the best !! Can't open hidden apps. Should upgrade Settings and also add New and Premium Themes. A Great Phone to be Made in India,4,,4,Worth the money,Review for: Color Blue • RAM 6 GB • Storage 128 GB,Flipkart Customer, · 6 months ago
I've used this phone for the last 3 days it's good for normal task not for havy task value for money,5,,5,Wonderful,Review for: Color Blue • RAM 6 GB • Storage 128 GB,Rishav Chowdhury, · 10 months ago
Very nice phone in bajet pri,5,,5,Wonderful,Review for: Color Pink • RAM 6 GB • Storage 128 GB,PRASAD WAGHMARE, · 8 months ago
This was a good phone 👍🏻😊,4,,4,Very Good,Review for: Color Black • RAM 6 GB • Storage 128 GB,, · 4 months ago
It is good but performance bad,3,,3,Fair,Review for: Color Blue • RAM 6 GB • Storage 128 GB,Keshava Reddy, · 10 months ago
Nice,4,,4,Pretty good,Review for: Color Black • RAM 6 GB • Storage 128 GB,Raghu  Naik, · 7 months ago
Very good for this low proce,5,,5,Excellent,Review for: Color Green • RAM 6 GB • Storage 128 GB,, · 7 months ago
"Camera Quality very bad 😔 

Please do not buy for photography purpose
The battery drains so fast,
Taking a lot of time to charge as 15W charger
Design is good 👍 
I gave this phone to my sister as a ...",2,,2,Moderate,Review for: Color Blue • RAM 6 GB • Storage 128 GB,FRANKLEEN MICHAEL, · 8 months ago
"Really proud of you 9020 mah battery 🔋 
Camera outstanding 😊
Performance like this ❤️",4,,4,Pretty good,Review for: Color Glacier Blue • RAM 8 GB • Storage 128 GB,, · 1 month ago
Everything is fine but the camera is below average. If you're looking for a good camera phone skip this one. Battery backup is good. Overall 3/5,5,,5,Just wow!,Review for: Color Cosmic Black • RAM 8 GB • Storage 128 GB,, · 27 days ago
Best,5,,5,Mind-blowing purchase,Review for: Color Cosmic Black • RAM 8 GB • Storage 128 GB,Shyamsundar Sain, · 23 days ago
"Nice Phone 
Value for money 🤑🤑",4,,4,Wonderful,Review for: Color Glacier Blue • RAM 8 GB • Storage 128 GB,, · 1 month ago
Best battery backup mobile and excellent display...,5,,5,Excellent,Review for: Color Glacier Blue • RAM 8 GB • Storage 128 GB,, · 27 days ago
Very good photo and good performance this phone camera quality is good,5,,5,Mind-blowing purchase,Review for: Color Glacier Blue • RAM 8 GB • Storage 256 GB,Flipkart Customer, · 1 month ago
Good,4,,4,Good choice,Review for: Color Glacier Blue • RAM 8 GB • Storage 256 GB,Er Pradip Kumar  Singh , · 1 month ago
Good 😊,5,,5,Must buy!,Review for: Color Glacier Blue • RAM 8 GB • Storage 128 GB,Pallapu Yesuraju, · 1 month ago
Nice product 😃,5,,5,Wonderful,Review for: Color Cosmic Black • RAM 8 GB • Storage 256 GB,, · 29 days ago
Good,5,,5,Terrific purchase,Review for: Color Glacier Blue • RAM 8 GB • Storage 256 GB,, · 1 month ago
Good,4,,4,Good choice,Review for: Color Dark Blue • RAM 32 MB,Piya  Sharma, · 14 days ago
BAD BETTRY PERFORMANCE,1,,1,Waste of money!,Review for: Color Gold • RAM 32 MB,ASIKUL Mallik, · 1 month ago
"Very good product 
I am very Happy 😊😁",5,,5,Just wow!,Review for: Color Gold • RAM 32 MB,, · 10 days ago
Ok good,3,,3,Does the job,Review for: Color Black • RAM 32 MB,Hari Krishnan, · 13 days ago
Best price and very useful phone,5,,5,Mind-blowing purchase,Review for: Color Gold • RAM 32 MB,Flipkart Customer, · 1 day ago
Good,5,,5,Must buy!,Review for: Color Gold • RAM 32 MB,pappu TELECOM, · 4 days ago
"Battery backup 10 me 10 , 3g internet connection good support,",5,,5,Fabulous!,Review for: Color Gold • RAM 32 MB,Flipkart Customer, · 4 days ago
Mic not working till from 1st day.no use for me.,1,,1,Not recommended at all,Review for: Color Gold • RAM 32 MB,Flipkart Customer, · 3 days ago
Screen small👎,1,,1,Did not meet expectations,Review for: Color Black • RAM 32 MB,Flipkart Customer, · 17 days ago
"GOOD PRODUCT ..
HOME BASED....",5,,5,Great product,Review for: Color City Blue • RAM 4 MB,Mohammed Shoaib," · Sep, 2024"
Good phone ❤❤,5,,5,Must buy!,Review for: Color Intersteller Blue • RAM 4 MB,Munna Kumar Ray," · Sep, 2024"
Good.,4,,4,Brilliant,Review for: Color Deep Blue • RAM 4 MB,Dilip  Mahata ," · Dec, 2024"
Very best,5,,5,Great product,Review for: Color City Blue • RAM 4 MB,Ranveer Kumar, · 8 months ago
"Average product, Facing network issue in the mobile",3,,3,Waste of money!,Review for: Color City Blue • RAM 4 MB,Vijay pal," · Sep, 2024"
To good..,3,,3,Just okay,Review for: Color Deep Blue • RAM 4 MB,, · 11 months ago
Nice,5,,5,Brilliant,Review for: Color City Blue • RAM 4 MB,," · Nov, 2024"
Battery doesn't last even a day,3,,3,Good,Review for: Color City Blue • RAM 4 MB,Shubham Kumar ," · Dec, 2024"
Good product,5,,5,Must buy!,Review for: Color Deep Blue • RAM 4 MB,K.sudheendra rao, · 7 months ago
Fantastic,5,,5,Awesome,Review for: Color White • RAM 4 MB,Amanat Khan, · 7 months ago
Just wow. Daily used best phone under that price segment. Best deal thank you Flipkart,5,,5,Must buy!,Review for: Color City Blue • RAM 4 MB,suraj goswami," · Sep, 2024"
Product is good...for home base,3,,3,Fair,Review for: Color Deep Blue • RAM 4 MB,Manish Kumawat," · Oct, 2024"
Voice speak not working,1,,1,Hated it!,Review for: Color Intersteller Blue • RAM 4 MB,virendra singh, · 1 day ago
Good mobile best product,5,,5,Classy product,Review for: Color Dark purple • RAM 4 MB,ROHIT  KUMAR , · 8 days ago
Good,4,,4,Good choice,Review for: Color Deep Blue • RAM 4 MB,awadhlal singh, · 18 days ago
Nice product,5,,5,Mind-blowing purchase,Review for: Color City Blue • RAM 4 MB,Pappu Kumar, · 19 days ago
"UI is complicated,  other things are fine. If you're buying for old people then you can avoid it done to complex UI.",3,,3,Just okay,Review for: Color White • RAM 4 MB,Kaushlendra Tiwari, · 21 days ago
Very good mobile in this rannge,5,,5,Fabulous!,Review for: Color Deep Blue • RAM 4 MB,Abhishek kumar, · 28 days ago
Good,4,,4,Value-for-money,Review for: Color Blue • RAM 32 MB,Rajeswari Boreddy," · Jul, 2024"
Good product and superios experience,5,,5,Classy product,Review for: Color Blue • RAM 32 MB,Flipkart Customer," · Feb, 2024"
Bad product sale,2,,2,Bad quality,Review for: Color Charcoal • RAM 32 MB,Rituraj Shrivastava, · 10 months ago
It's very useless product 😡😡😡😡,2,,2,Expected a better product,Review for: Color Charcoal • RAM 32 MB,Flipkart Customer, · 9 months ago
Nice,5,,5,Classy product,Review for: Color Charcoal • RAM 32 MB,Gomathi S," · Mar, 2024"
"Got little bit scratch on backside ...
Overall ok
Flash isn't working 
But otherwise it's a good product",3,,3,Fair,Review for: Color Charcoal • RAM 32 MB,," · Jan, 2025"
Very nice,5,,5,Great product,Review for: Color Charcoal • RAM 32 MB,," · Mar, 2024"
Nice,4,,4,Good quality product,Review for: Color Charcoal • RAM 32 MB,Mohammad  Jamshed, · 8 months ago
Small phone and very good product,5,,5,Perfect product!,Review for: Color Blue • RAM 32 MB,, · 5 months ago
Uss phone,5,,5,Highly recommended,Review for: Color Blue • RAM 32 MB,Flipkart Customer," · May, 2025"
Good 👍,5,,5,Simply awesome,Review for: Color Blue • RAM 32 MB,," · Nov, 2024"
Battery-powered very bad,2,,2,Not good,Review for: Color Charcoal • RAM 32 MB,Deepak  Kumar , · 9 months ago
Phone not possible charging. Very bad product. No one purchase this product,2,,2,Moderate,Review for: Color Blue • RAM 32 MB,Shaiju  Pillai, · 1 month ago
"Voice is not clear in this phone , waste money",2,,2,Not good,Review for: Color Charcoal • RAM 32 MB,Manpreet Kaur, · 4 days ago
Very nice and useful.,5,,5,Classy product,Review for: Color Charcoal • RAM 32 MB,Flipkart Customer, · 9 days ago
Good,3,,3,Decent product,Review for: Color Blue • RAM 32 MB,Flipkart Customer, · 10 days ago
Pesa Wasul product,5,,5,Worth every penny,Review for: Color Blue • RAM 32 MB,Manish Jaiswal, · 11 days ago
Okay,3,,3,Good,Review for: Color Charcoal • RAM 32 MB,Soumya B, · 12 days ago
Battery quality is not good,3,,3,Decent product,Review for: Color Mint Green • RAM 8 GB • Storage 128 GB,Himanshu Mehrotra, · 9 months ago
Gyroscope not a supported,3,,3,Decent product,Review for: Color Ocean Blue • RAM 8 GB • Storage 128 GB,Narendra Jadav," · Apr, 2025"
Budget friendly phone and it's really good,4,,4,Worth the money,Review for: Color Satin Black • RAM 8 GB • Storage 128 GB,," · Mar, 2025"
Best us budget,4,,4,Good choice,Review for: Color Mint Green • RAM 8 GB • Storage 128 GB,Gokul R, · 11 months ago
Battery drains quite fast. Camera is as good as the price. Over all worth buying this mobile,5,,5,Highly recommended,Review for: Color Ocean Blue • RAM 8 GB • Storage 128 GB,Abdul Gafoor  Shaikh," · Apr, 2025"
Very good prodoct,5,,5,Classy product,Review for: Color Mint Green • RAM 8 GB • Storage 128 GB,," · May, 2025"
The best mobile,5,,5,Super!,Review for: Color Ocean Blue • RAM 8 GB • Storage 128 GB,, · 4 months ago
Very nice,5,,5,Must buy!,Review for: Color Mint Green • RAM 8 GB • Storage 128 GB,Rajeev Kumar, · 9 months ago
"Battery Backup - 7/10
Charging Speed -8/10
Performance -9/10
Front Camera -6/10 (too sharp)
Back Camera -9/10 zooming 10/10
Brightness -6/10
Speaker - 8/10
Look -9/10",4,,4,Value-for-money,Review for: Color Graphite Black • RAM 8 GB • Storage 128 GB,Flipkart Customer," · May, 2025"
Superb quality design by poco it's looking like premium phone in this price range and camera of this phone so glossy capture photo and smoothly run os 🔥🔥,4,,4,Nice product,Review for: Color Ice Silver • RAM 8 GB • Storage 128 GB,," · Aug, 2024"
Good,4,,4,Delightful,Review for: Color Misty Lavender • RAM 8 GB • Storage 128 GB,," · Aug, 2024"
Nice quality,4,,4,Good quality product,Review for: Color Ice Silver • RAM 8 GB • Storage 128 GB,," · Apr, 2025"
Nice picture,5,,5,Highly recommended,Review for: Color Ice Silver • RAM 8 GB • Storage 128 GB,, · 7 months ago
Super 😊,5,,5,Fabulous!,Review for: Color Misty Lavender • RAM 8 GB • Storage 128 GB,," · Aug, 2024"
"Better performance average 
But better for this price",4,,4,Worth the money,Review for: Color Ice Silver • RAM 8 GB • Storage 128 GB,," · Sep, 2024"
"Good Mobile In this price 
Battery is good 
Camera is good
Sound is little but slow
And always Good mobile
Thank you Flifkart...",5,,5,Excellent,Review for: Color Misty Lavender • RAM 8 GB • Storage 128 GB,Muliki  Srinu," · Jan, 2025"
"One of the best phone in this price segment 🤩👌
Average camera quality but not bad 👍🏻
Phone give smooth performance. Budget friendly phone,sure 😃🤌
Machaane ath pore aliya 😌🤝",5,,5,Best in the market!,Review for: Color Misty Lavender • RAM 8 GB • Storage 128 GB,," · Apr, 2025"
Awesome,4,,4,Worth the money,Review for: Color Misty Lavender • RAM 8 GB • Storage 128 GB,Akshay Kumar Sen," · Sep, 2024"
It's very nice phone .battery is too good..looks premium.. overall good budget phone,5,,5,Highly recommended,Review for: Color Icy Blue • RAM 4 GB • Storage 128 GB,, · 2 months ago
Okok camera not good,3,,3,Good,Review for: Color Icy Blue • RAM 4 GB • Storage 128 GB,Rupendar Kumar  Sharma, · 3 months ago
Very nice 👍🏿👍🏿,5,,5,Super!,Review for: Color Icy Blue • RAM 4 GB • Storage 128 GB,, · 3 months ago
Good 👍 product,5,,5,Terrific,Review for: Color Prism Violet • RAM 4 GB • Storage 128 GB,, · 2 months ago
"Good product 👌 
No finger print lock",5,,5,Mind-blowing purchase,Review for: Color Icy Blue • RAM 4 GB • Storage 128 GB,, · 3 months ago
Perfect as per the price range👍,4,,4,Value-for-money,Review for: Color Prism Violet • RAM 4 GB • Storage 64 GB,Flipkart Customer, · 1 month ago
It is a great phone according to price,5,,5,Super!,Review for: Color Prism Violet • RAM 4 GB • Storage 128 GB,, · 3 months ago
Mobile was good but camera quality not good,3,,3,Does the job,Review for: Color Prism Violet • RAM 4 GB • Storage 128 GB,Shilpa Arondekar, · 3 months ago
"Good purchase for people needing good battery, fast charging, decent camera and decent performance. Go for it !!👍",5,,5,Super!,Review for: Color Prism Violet • RAM 4 GB • Storage 128 GB,Flipkart Customer, · 1 month ago
Mobile is good,5,,5,Wonderful,Review for: Color Prism Violet • RAM 4 GB • Storage 128 GB,, · 2 months ago
Very good,4,,4,Great product,Review for: Color Green • RAM 32 MB,Alekha Sahu," · Jan, 2025"
Good Good,5,,5,Highly recommended,Review for: Color Green • RAM 32 MB,Joseph  Thomas ," · Jan, 2025"
nice best  bhelufar moniey,4,,4,Worth the money,Review for: Color Green • RAM 32 MB,Pahal Singh Dangi," · Jan, 2025"
Kabad hai very bad quality,2,,2,Slightly disappointed,Review for: Color Green • RAM 32 MB,Deepak Chhabra," · Feb, 2025"
"Nice Product,loved it.",5,,5,Great product,Review for: Color Black • RAM 32 MB,," · May, 2025"
Very good product,5,,5,Highly recommended,Review for: Color Champagne Gold • RAM 32 MB,, · 11 months ago
Excellent,5,,5,Highly recommended,Review for: Color Green • RAM 32 MB,Judhistir Kumar," · Jan, 2025"
Battery problem,3,,3,Nice,Review for: Color Green • RAM 32 MB,Samsang  Shyam," · Jan, 2025"
Very super 👍,5,,5,Terrific,Review for: Color Black • RAM 32 MB,, · 8 months ago
Nice 👍,5,,5,Highly recommended,Review for: Color Champagne Gold • RAM 32 MB,Mahesh Talpada, · 11 months ago
Good,4,,4,Pretty good,Review for: Color Blue • RAM 6 GB • Storage 128 GB,Flipkart Customer, · 9 months ago
Budget Friendly,5,,5,Fabulous!,Review for: Color Black • RAM 6 GB • Storage 128 GB,, · 9 months ago
Ai+nova 5g is very good product,4,,4,Very Good,Review for: Color Purple • RAM 6 GB • Storage 128 GB,, · 7 months ago
Only camera is average but all over the product is best in the price.,4,,4,Very Good,Review for: Color Black • RAM 6 GB • Storage 128 GB,, · 9 months ago
Nice mobile,4,,4,Delightful,Review for: Color Black • RAM 6 GB • Storage 128 GB,Somveer Chauhan, · 9 months ago
Very good phone,5,,5,Best in the market!,Review for: Color Black • RAM 6 GB • Storage 128 GB,Flipkart Customer, · 9 months ago
"The device performs well overall, but the battery life is a major drawback.


1. With normal usage, the battery doesn't even last 12-14 hours.

2. There's approximately a 20% drain overnight while in ...",3,,3,Fair,Review for: Color Blue • RAM 6 GB • Storage 128 GB,Bheru Lal Lohar, · 9 months ago
Wow,5,,5,Worth every penny,Review for: Color Blue • RAM 6 GB • Storage 128 GB,, · 9 months ago
Nice phone,4,,4,Worth the money,Review for: Color Blue • RAM 6 GB • Storage 128 GB,Joydeb sarkar, · 9 months ago
Super mobile thank you Flipkart in Madhav sir,5,,5,Fabulous!,Review for: Color Black • RAM 6 GB • Storage 128 GB,, · 9 months ago
Nice product For Gf 😀,5,,5,Excellent,Review for: Color Gold • RAM 32 MB,Flipkart Customer," · Sep, 2022"
Super,5,,5,Wonderful,Review for: Color Silver • RAM 32 MB,," · Dec, 2019"
"good sound, very cute🤗",5,,5,Excellent,Review for: Color Silver • RAM 32 MB,," · Dec, 2019"
Cute little mobile. Thanks to the maker. Phone sound quality is good and FM stations are clear. You can put in silent mode also. I like it very much.,5,,5,Best in the market!,Review for: Color Gold • RAM 32 MB,," · Dec, 2019"
Nice and compact phone. Actually very small. Audio is loud. FM without headphone is a plus. Eye catchy due to its size.,4,,4,Value-for-money,Review for: Color Black • RAM 32 MB,Arshad Hussain," · Jun, 2020"
Nice product,5,,5,Super!,Review for: Color Silver • RAM 32 MB,," · Oct, 2020"
"Such a good mini phone.....Great build design,.....earspkr sound is brilliant......voice change also there in call settings...we can also enable slient funtion which helps to silent swich on and off.....",5,,5,Awesome,Review for: Color Black • RAM 32 MB,," · Dec, 2019"
Good,5,,5,Super!,Review for: Color Black • RAM 32 MB,," · Feb, 2020"
"nice product,, small phone the best",5,,5,Best in the market!,Review for: Color Black • RAM 32 MB,," · Sep, 2019"
awesome 👍 mobile,5,,5,Best in the market!,Review for: Color Black • RAM 32 MB,," · Jul, 2019"
In this price ph quality very good.. battery backup is good.. design nd color nice.. ph spiker loud nd good quality.. 😊👍🏻,5,,5,Terrific,Review for: Color Sea Green • RAM 52 MB,, · 10 months ago
Nice product,4,,4,Value-for-money,Review for: Color Sea Green • RAM 52 MB,Flipkart Customer," · Dec, 2024"
Good product,5,,5,Excellent,Review for: Color Sea Green • RAM 52 MB,pnvkprasad  PRASAD ," · Dec, 2024"
Super pic,5,,5,Wonderful,Review for: Color Sea Green • RAM 52 MB,Munna Rajbhar  Munna ," · Jan, 2025"
"I like disign of the phone and well performed 
One of my feverat phone",5,,5,Wonderful,Review for: Color Sea Green • RAM 52 MB,Adarsh GH, · 11 months ago
Good,4,,4,Good quality product,Review for: Color Sea Green • RAM 52 MB,Shabbie Shabbir, · 11 months ago
Nice phone,5,,5,Best in the market!,Review for: Color Sea Green • RAM 52 MB,Dipender Kumar, · 9 months ago
Best mobile phones serious citi,5,,5,Worth every penny,Review for: Color Sea Green • RAM 52 MB,Dipesh  Udeshi , · 11 months ago
All future good,5,,5,Fabulous!,Review for: Color Sea Green • RAM 52 MB,Mohammad Asghar  Ali," · May, 2025"
Nice,5,,5,Mind-blowing purchase,Review for: Color Sea Green • RAM 52 MB,Hussain Basha," · Mar, 2025"
All good but battery level low,4,,4,Good quality product,Review for: Color Crimson Art • RAM 6 GB • Storage 128 GB,, · 7 months ago
Display quality top notch 👍,4,,4,Good choice,Review for: Color Mystique White • RAM 6 GB • Storage 128 GB,Neeraj Sansiya, · 9 months ago
Too good 👍,5,,5,Super!,Review for: Color Mystique White • RAM 6 GB • Storage 128 GB,, · 8 months ago
In this budget i love this phone but I'm a little confused about it. I can't tell if it's the Redmi Note 14 5G or the Redmi Note 14 SE. It's really hard to tell the difference between the two. There i...,4,,4,Good choice,Review for: Color Mystique White • RAM 6 GB • Storage 128 GB,Mahek Pandit, · 9 months ago
"It's redmi note 14 5g, not 14 SE 5g
company just removed adapter and make it new launch@ less 1000 inr. Also on flipcart website they are showing a protective case being provided but that's not true, ...",3,,3,Just okay,Review for: Color Titan Black • RAM 6 GB • Storage 128 GB,abhishek kumar singh, · 9 months ago
"As the Price Everything is Good.
But They Fool Us By not giving Charger And Back Cover in the Box.
They Write about it in very Small size and A side.
I Suggest To Not Buy this one , Buy it's Rebranded...",3,,3,Just okay,Review for: Color Mystique White • RAM 6 GB • Storage 128 GB,, · 6 months ago
Good,5,,5,Classy product,Review for: Color Mystique White • RAM 6 GB • Storage 128 GB,Ajeet Thakur, · 9 months ago
Very nice redmi note 14 ce mobile,5,,5,Highly recommended,Review for: Color Mystique White • RAM 6 GB • Storage 128 GB,, · 7 months ago
"Best according to price
Money for value",3,,3,Nice,Review for: Color Mystique White • RAM 6 GB • Storage 128 GB,, · 7 months ago
Good product all good in performance camera is  also good but the adapter is not included in the box only cable is included otherwise the phone is  good,4,,4,Nice product,Review for: Color Crimson Art • RAM 6 GB • Storage 128 GB,, · 7 months ago
Good 👍,5,,5,Highly recommended,Review for: Color White Beige • RAM 4 MB,," · Mar, 2025"
Nice mobile,5,,5,Brilliant,Review for: Color White Beige • RAM 4 MB,Sachin Kumar," · Feb, 2025"
Very good,5,,5,Must buy!,Review for: Color White Beige • RAM 4 MB,Pushpa kumari," · Jan, 2025"
Excellant,4,,4,Good choice,"Review for: Color Dark Blue, Blue Silver • RAM 4 MB",Gopal B  Katore, · 10 months ago
"Display other compere big, Battery is monster big Battery life  5 day working within single charge 
Mobile torch 4 led bulb really very bright light",5,,5,Terrific purchase,Review for: Color White Beige • RAM 4 MB,Rohit Yadav, · 5 months ago
Value for money,4,,4,Value-for-money,Review for: Color White Beige • RAM 4 MB,DEEPALI RANADIVE," · Mar, 2025"
good,5,,5,Brilliant,Review for: Color White Beige • RAM 4 MB,Merlin Biju, · 8 months ago
"Sound best, battery best, good looking, strong body, torch best",5,,5,Excellent,Review for: Color White Beige • RAM 4 MB,Krishna Kumar," · Mar, 2025"
Battery fully dead after 15 days,2,,2,Expected a better product,Review for: Color White Beige • RAM 4 MB,Omprakash Yadav, · 9 months ago
"The Lava A3 Torch is an excellent value-for-money keypad phone, perfect for those needing reliability and simplicity. The battery backup is outstanding, easily lasting for days with normal usage. The ...",5,,5,Classy product,Review for: Color White Beige • RAM 4 MB,Flipkart Customer, · 7 months ago
One of the best phone 👍,5,,5,Super!,Review for: Color Black • Storage 256 GB,, · 3 months ago
Battery backup normal,4,,4,Wonderful,Review for: Color White • Storage 256 GB,, · 1 month ago
Excellent camera .battery capacity should be improved.,5,,5,Best in the market!,Review for: Color Sage • Storage 512 GB,, · 4 months ago
Nice phone,5,,5,Terrific,Review for: Color White • Storage 256 GB,, · 2 months ago
Worth buy,5,,5,Terrific,Review for: Color Mist Blue • Storage 256 GB,, · 6 months ago
"Pros:
-120Hz display , super bright, amazing colour contrast 
-Good battery 
-Excellent cameras
-Blazing fast processor
-Solid build quality 

Cons:
-Display restraint to 80HZ mostly 
-Even though it ...",4,,4,Delightful,Review for: Color White • Storage 256 GB,, · 7 months ago
Go for it much better compared to the previous one and 120 hz display is like😍😮,5,,5,Highly recommended,Review for: Color Mist Blue • Storage 256 GB,, · 6 months ago
Cool as always,5,,5,Just wow!,Review for: Color Lavender • Storage 256 GB,, · 6 months ago
This is my first I phone 17 this is really good 😊,5,,5,Must buy!,Review for: Color Lavender • Storage 256 GB,, · 4 months ago
Its like yes you got what you expected from Apple,5,,5,Highly recommended,Review for: Color Sage • Storage 256 GB,, · 4 months ago
Battery Backup is very good. Although feels bulky but good to hold. Very simple only for calling purpose and nicely work as torch as it has 4 LED bulbs on the top. Torch light is adjustable with Centr...,4,,4,Really Nice,Review for: Color Blue • RAM 4 MB,Shuchi Kashyap," · Oct, 2023"
This is a superb key pad mobile... Very nice performance...,5,,5,Great product,Review for: Color Blue • RAM 4 MB,Ashish kumar Gupta," · Feb, 2024"
Nice product value for money,4,,4,Very Good,Review for: Color Blue • RAM 4 MB,Virender  Singh ," · Oct, 2023"
"Overall Mobile is good but
The middle and right left top and bottom switches wobble when the phone is shaken...",3,,3,Just okay,Review for: Color Black • RAM 4 MB,," · Sep, 2023"
Torch light is not working,3,,3,Just okay,Review for: Color Blue • RAM 4 MB,Adithya y Harsha," · Oct, 2024"
"The product is not functioning at all. Whenever I switch on the phone, a white display is showing. No menu, no sms, no caller information is displaying. Too much disgusting matter and I think Flipkart...",1,,1,Useless product,Review for: Color Black • RAM 4 MB,Dibyendu Roy," · Oct, 2023"
Excellent product,5,,5,Wonderful,Review for: Color Blue • RAM 4 MB,Hasan  Mohamed, · 5 months ago
Over all Good... Specially Battery performance is very Good... Torch also powerful..,5,,5,Must buy!,Review for: Color Blue • RAM 4 MB,JYOTIRMOY  DATTA ," · May, 2025"
Thank you Flipkart,5,,5,Terrific purchase,Review for: Color Blue • RAM 4 MB,Bhaiya sonawane ..," · Aug, 2024"
"Very nice mobile I bought it for my father he is very happy by receiving this phone.....

Osom mobile
Thankyou flipkart for this mobile 0hone",5,,5,Worth every penny,Review for: Color Blue • RAM 4 MB,MOHAMMAD FEROZ," · May, 2024"
very Good product,5,,5,Mind-blowing purchase,Review for: Color Pantone Tendril • RAM 4 GB • Storage 64 GB,, · 7 months ago
As per Price Mobile overall is ok,3,,3,Decent product,Review for: Color Pantone Tendril • RAM 4 GB • Storage 64 GB,Vakiti Avinash , · 6 months ago
Good for average use.,5,,5,Just wow!,Review for: Color Pantone tapestry • RAM 4 GB • Storage 64 GB,, · 5 months ago
Very nice l love this product❤️❤️❤️❤️,4,,4,Nice product,Review for: Color Pantone Tendril • RAM 4 GB • Storage 64 GB,, · 2 months ago
"After 2 months review.. very nice work,....",5,,5,Classy product,Review for: Color Pantone Laurel Oak • RAM 4 GB • Storage 64 GB,Chander kant  Chander kant , · 5 months ago
Best budget phone battery backup is awesome and performance is also ok,5,,5,Highly recommended,Review for: Color Pantone Laurel Oak • RAM 4 GB • Storage 64 GB,, · 5 months ago
The product is good as per the cost.,5,,5,Fabulous!,Review for: Color Pantone Tendril • RAM 4 GB • Storage 64 GB,Shanti  Gusain , · 6 months ago
"No 5g network, big size in hand not comfortable",3,,3,Fair,Review for: Color Pantone Laurel Oak • RAM 4 GB • Storage 64 GB,Sonu Gurjar, · 7 months ago
"There is a very good phone as much as the photo is showing,
in fact there is a much more beautiful phone and battery backup is just so good and sound quality is very clear and loud",5,,5,Great product,Review for: Color Black • RAM 32 MB,," · Nov, 2018"
nice feature Phone,5,,5,Great product,Review for: Color Gold • RAM 32 MB,," · Apr, 2019"
this phon is really really awesome,5,,5,Just wow!,Review for: Color Silver • RAM 32 MB,," · Aug, 2018"
good,4,,4,Delightful,Review for: Color Pink • RAM 32 MB,," · Sep, 2019"
Dream phone,5,,5,Highly recommended,Review for: Color Pink • RAM 32 MB,," · Nov, 2018"
nice look.....😀😎,5,,5,Fabulous!,Review for: Color Gold • RAM 32 MB,," · Apr, 2019"
"best quality battery backup, best performance, SOUND QUALITY is very good, and Bluetooth speaker and all function are best, best keypad phone for buy, 👌 👌 👌 👌 if you want to buy this phone. so mus...",5,,5,Great product,Review for: Color Black • RAM 32 MB,," · Aug, 2019"
nice product with value for money,5,,5,Excellent,Review for: Color Gold • RAM 32 MB,," · Aug, 2018"
"very good tiny size phone with good vibrator , and reasonable price
camera is very poor but this is not a strong matter
fm normal , 3.5 jack working fine and I got 1.5 days battery backup 
external ba...",5,,5,Great product,Review for: Color Silver • RAM 32 MB,," · Jun, 2018"
NYC phone,5,,5,Terrific purchase,Review for: Color Silver • RAM 32 MB,," · Oct, 2018"
"A very light weight
Very small
U cant even feel its in ur pocket
Speakers are very loud
Long lasting
Charges very fast
Very useful handling this one while having big phone
Good price
Go for it those h...",4,,4,Good deal,Review for: Color Gold • RAM 32 MB,Himanshu Chauhan," · Oct, 2017"
Awesome..,5,,5,Highly recommended,Review for: Color Silver • RAM 32 MB,AJAY KUMAR GAHLAN," · Oct, 2017"
battery & camera is average otherwise it's best,4,,4,Nice product,Review for: Color Gold • RAM 32 MB,," · Jan, 2019"
Very good Nice  mobile,4,,4,Worth the money,Review for: Color Gold • RAM 32 MB,," · Aug, 2019"
Veryy nice looking mobail 😍😍 pink colour so amazing 👌🏼👌🏼👌🏼,5,,5,Best in the market!,Review for: Color Pink • RAM 32 MB,," · Mar, 2021"
good product,5,,5,Brilliant,Review for: Color Silver • RAM 32 MB,," · Jan, 2020"
good,3,,3,Does the job,Review for: Color Black • RAM 32 MB,," · May, 2019"
The mobile is superb and sleek and worth buying it THANK YOU FLIPKART...🤗,5,,5,Fabulous!,Review for: Color Black • RAM 32 MB,," · Jan, 2019"
"For general usage, It is decent enough for daily tasks. No lag. Android 16 Hyper OS 3 update came on April 1st. It is smooth. I have a Poco m7 pro as well. Comparing this mobile Poco M8 is better. Def...",4,,4,Pretty good,Review for: Color Carbon Black • RAM 6 GB • Storage 128 GB,KOTI BALA SAI TEJA SAGA, · 1 month ago
Excellent product,5,,5,Perfect product!,Review for: Color Frost Silver • RAM 6 GB • Storage 128 GB,, · 4 months ago
"1-Camera - The 50MP main rear camera performs adequately in daylight conditions and also I love the selfie camera details of photos are really good
2-Performance-The Snapdragon 6 Gen 3 processor handl...",5,,5,Must buy!,Review for: Color Carbon Black • RAM 6 GB • Storage 128 GB,, · 4 months ago
Very nice design,5,,5,Great product,Review for: Color Frost Silver • RAM 6 GB • Storage 128 GB,, · 4 months ago
Awesome 😎,5,,5,Classy product,Review for: Color Glacial Blue • RAM 6 GB • Storage 128 GB,Fezel Sumra, · 4 months ago
"I received this phone within just one day of placing the order on Flipkart, which was a great start. The packaging was secure and the delivery experience was smooth. After using the phone for some tim...",5,,5,Fabulous!,Review for: Color Glacial Blue • RAM 6 GB • Storage 128 GB,, · 4 months ago
Camera is very disappointed low options and not Good camera,2,,2,Could be way better,Review for: Color Glacial Blue • RAM 6 GB • Storage 128 GB,, · 4 months ago
"Overall it is a good and balanced phone.
The camera is good as per the price range.
Battery back up is a major concern, it could be better.",5,,5,Must buy!,Review for: Color Carbon Black • RAM 6 GB • Storage 128 GB,, · 4 months ago
niece phon,4,,4,Good choice,Review for: Color Frost Silver • RAM 6 GB • Storage 128 GB,Rohan  Jagtap , · 3 months ago
"Nice mobile in this price range thanks poco 
And thanks to flipkart for fast delivery... 
And delivery boy",5,,5,Excellent,Review for: Color Carbon Black • RAM 6 GB • Storage 128 GB,Mohammed AMAAN MEMON, · 4 months ago
the product is very nice and excellent and very light weight with excellent features.,5,,5,Highly recommended,Review for: Color Off White • RAM 32 MB,, · 11 months ago
Very nice product,3,,3,Good,Review for: Color Black • RAM 32 MB,Rabul Hussain," · Dec, 2020"
Nice budget phone nice to carry for parents,4,,4,Delightful,Review for: Color Black • RAM 32 MB,Flipkart Customer," · Dec, 2024"
Very nice product,5,,5,Brilliant,Review for: Color Black • RAM 32 MB,Saroj Kumar  Sethi," · Oct, 2024"
Nice phone in this price.,5,,5,Super!,Review for: Color Black • RAM 32 MB,Sumit Tripathi," · Aug, 2020"
Good 👍 product..for veluwal money,3,,3,Good,Review for: Color Black • RAM 32 MB,Flipkart Customer, · 9 months ago
Nyc products,4,,4,Really Nice,Review for: Color Black • RAM 32 MB,Bikash kumar behera," · Sep, 2020"
Very Nice ❤️,5,,5,Just wow!,Review for: Color Black • RAM 32 MB,Manoj Giri, · 10 months ago
Memory card holder not good,3,,3,Fair,Review for: Color Black • RAM 32 MB,, · 8 months ago
Not bad,3,,3,Just okay,Review for: Color Black • RAM 32 MB,Sandip Halder, · 10 months ago
Good,5,,5,Wonderful,Review for: Color Black • RAM 32 MB,Rajendra singh," · Jan, 2025"
Extremely good product and cheaper,5,,5,Must buy!,Review for: Color Black • RAM 32 MB,Flipkart Customer, · 3 months ago
Very nice phone,5,,5,Best in the market!,Review for: Color Black • RAM 32 MB,Ganesh  Arjya , · 8 months ago
That phone automatically switch off for using time,5,,5,Mind-blowing purchase,Review for: Color Black • RAM 32 MB,Ashok Kumar, · 10 months ago
Useful 👍 phone,5,,5,Must buy!,Review for: Color Black • RAM 32 MB,Murari  Kumar , · 11 months ago
Super quality,5,,5,Great product,Review for: Color Black • RAM 32 MB,Flipkart Customer, · 11 months ago
Very good product,5,,5,Must buy!,Review for: Color Black • RAM 32 MB,sonu patel Patel, · 11 months ago
Very good product 👍😁,5,,5,Simply awesome,Review for: Color Black • RAM 32 MB,, · 11 months ago
Nice phone in this price range.,4,,4,Really Nice,Review for: Color Black • RAM 4 MB,," · Aug, 2019"
lava A1 josh battery and mobile phone are giving good performance.,4,,4,Value-for-money,Review for: Color Black • RAM 4 MB,vikash pal," · Jun, 2019"
good,5,,5,Best in the market!,Review for: Color Black • RAM 4 MB,VISHWAS  DIVILKAR," · Jun, 2019"
Best mobile in this range my mom is very happy  to see this mobile ??????,5,,5,Awesome,Review for: Color Black • RAM 4 MB,," · Sep, 2019"
This product is value for money. In this price it is amazing for basic phone users.,5,,5,Just wow!,Review for: Color Black • RAM 4 MB,," · Aug, 2019"
VGA camera is no special. Display was good as texts were large and easy to see. Ringtone was fairly louder. Battery backup good. 4/5 days for normal household usage. Overall good value for money if yo...,3,,3,Just okay,Review for: Color Black • RAM 4 MB,Babita Das," · Feb, 2020"
excellent 👍,5,,5,Excellent,Review for: Color Black • RAM 4 MB,Kuldeep Aggarwal," · Jun, 2019"
I've taken this for my mother and she felt happy with it and easily usable for basic needs. thank you! To both lava and Flipkart 👍🏻,4,,4,Wonderful,Review for: Color Black • RAM 4 MB,Srikanth Ballamudi," · Jul, 2019"
"if you think that it's battery power 800mah so it's battery performance will be very bad,then you are wrong,it's battery performance is super, overall super phone👌🏻",5,,5,Simply awesome,Review for: Color Black • RAM 4 MB,," · Jan, 2020"
nice,5,,5,Super!,Review for: Color Black • RAM 4 MB,Amulya Aj," · Aug, 2019"
Mobile is good and very light wait,3,,3,Just okay,Review for: Color Black • RAM 4 MB,, · 7 months ago
Good phone at this price but camera very low quality overall good👍,4,,4,Good choice,Review for: Color Dark Blue • RAM 4 MB,, · 7 months ago
"I bought this mobile for my family 🥰.

Okok but battery fast consume 🥲.

Display Ok 😁.

Camera iphone 17 pro Max same to same 💀

Lava Jay Bharat 🇮🇳🪷.",3,,3,Does the job,Review for: Color Light Blue • RAM 4 MB,, · 5 months ago
Just ok,3,,3,Nice,Review for: Color Black • RAM 4 MB,Gopinath Gopinath Gopi gopi, · 6 months ago
"Call clarity is low , anyone buying it should really consider this , i mean this is the only thing that matters in these phones",4,,4,Good choice,Review for: Color Black • RAM 4 MB,Anuj Kumar, · 4 months ago
"Very good nice product,,⭐⭐⭐⭐⭐",5,,5,Simply awesome,Review for: Color Dark Blue • RAM 4 MB,, · 5 months ago
Worst thing,3,,3,Could be way better,Review for: Color Black • RAM 4 MB,Flipkart Customer, · 6 months ago
"Very light weight... nice looking, bright display 🧡🧡👌
Lava a2 smart 👌👌",5,,5,Best in the market!,Review for: Color Dark Blue • RAM 4 MB,Gireesh KS, · 1 month ago
Very good morning,5,,5,Worth every penny,Review for: Color Dark Blue • RAM 4 MB,Sathish Kumar, · 6 months ago
Ok good 👌,4,,4,Wonderful,Review for: Color Light Blue • RAM 4 MB,Flipkart Customer, · 4 months ago
Beautiful ❤ mobile phone nice🤩,5,,5,Simply awesome,Review for: Color Carbon Black • RAM 8 GB • Storage 128 GB,, · 6 months ago
Very good mobil value of money,5,,5,Mind-blowing purchase,Review for: Color Chrome Silver • RAM 8 GB • Storage 128 GB,Srikanth  Berugu srikanth , · 9 months ago
Good,5,,5,Just wow!,Review for: Color Carbon Black • RAM 8 GB • Storage 128 GB,Sumit Kumar, · 8 months ago
Worh for Money,5,,5,Super!,Review for: Color Chrome Silver • RAM 8 GB • Storage 128 GB,viswakshen simha, · 8 months ago
Best phone but gaming,4,,4,Good choice,Review for: Color Chrome Silver • RAM 8 GB • Storage 128 GB,Kartik Mandal, · 8 months ago
"Battery 10/10
Display 7/10
Phone performance 6/10
Game performance 3/10
Single slot for sim 
This mobile only better for parents like house hold works....",3,,3,Decent product,Review for: Color Chrome Silver • RAM 8 GB • Storage 128 GB,Dinesh Sunny, · 7 months ago
Very nice phone best for office work large battery value for money,5,,5,Must buy!,Review for: Color Chrome Silver • RAM 8 GB • Storage 128 GB,, · 7 months ago
Nice mobile,5,,5,Awesome,Review for: Color Chrome Silver • RAM 8 GB • Storage 128 GB,Topik S, · 9 months ago
Very good,5,,5,Mind-blowing purchase,Review for: Color Chrome Silver • RAM 8 GB • Storage 128 GB,john paul, · 8 months ago
Camera 📷 battery  ⚡,5,,5,Best in the market!,Review for: Color Aqua Blue • RAM 8 GB • Storage 128 GB,Chinnamaddi  Lakshminarayana  Bike Mikenik, · 8 months ago
"Camera 4/5
Battery 4.5/5
Display 3/5
Performance 4/5
Good Phone at this Price Range 
4 years Android Support and 6 years Security Patch",4,,4,Wonderful,Review for: Color Black Infinity • RAM 8 GB • Storage 256 GB,, · 4 months ago
Value for money..,5,,5,Classy product,Review for: Color Marble Mist • RAM 8 GB • Storage 256 GB,, · 9 months ago
It's all rounder phone in this price we also says best value of money,4,,4,Good quality product,Review for: Color Nexus Blue • RAM 8 GB • Storage 128 GB,, · 6 months ago
Best,5,,5,Terrific purchase,Review for: Color Marble Mist • RAM 8 GB • Storage 128 GB,Pawan  Singh, · 9 months ago
The screen quality is immersing and the sound is astonishingly loud and clear.,5,,5,Terrific,Review for: Color Black Infinity • RAM 8 GB • Storage 128 GB,, · 9 months ago
Excellent,5,,5,Perfect product!,Review for: Color Nexus Blue • RAM 8 GB • Storage 256 GB,Flipkart Customer, · 10 months ago
"Very good product.
I am using Nord CE2 since 2020. Since 5 years its working superbly. Recently display has broken. Then I go for Nord CE5 last week. Nord CE series mobiles are excellent working condi...",5,,5,Wonderful,Review for: Color Black Infinity • RAM 8 GB • Storage 256 GB,VND PRASAD CHINTA, · 9 months ago
OnePlus Quality Good,5,,5,Super!,Review for: Color Black Infinity • RAM 8 GB • Storage 128 GB,, · 9 months ago
"On paper, it's great, but in reality, it feels just good. Ex-battery doesn't feel 7100mAh. And the biggest let down is its single speaker, just didn't swallow if u've experienced double stereo speaker...",4,,4,Very Good,Review for: Color Black Infinity • RAM 8 GB • Storage 128 GB,Aditya Raj, · 8 months ago
Amazing device even it comes with sharing files and photos with iOS devices,5,,5,Great product,Review for: Color Nexus Blue • RAM 8 GB • Storage 128 GB,, · 9 months ago
Best Happy Dasara To All,5,,5,Best in the market!,Review for: Color Pantone Sparkling Grape • RAM 16 GB • Storage 512 GB,, · 7 months ago
"Excellent Machine !!
Camera is 4.5
Screen is 5
Sound is 5
Battery is 3.5
Design is 5
Awesome combination phone",5,,5,Classy product,Review for: Color Pantone Sparkling Grape • RAM 16 GB • Storage 512 GB,, · 10 months ago
Very nice phone,5,,5,Just wow!,Review for: Color Pantone Shadow • RAM 16 GB • Storage 512 GB,, · 10 months ago
Good and best mobile 2025,5,,5,Mind-blowing purchase,Review for: Color Pantone Sparkling Grape • RAM 16 GB • Storage 512 GB,Dr Dharmesh, · 10 months ago
"Moto Edge 60 pro 512/16gb 38000. Used around 1 month

Pros

1. Excellent Display (HDR in Youtube)

2. Excellent Battery (1-1.5 days on full charge)

3. Slim and feels premium

4. Great cameras for day...",5,,5,Brilliant,Review for: Color Pantone Sparkling Grape • RAM 16 GB • Storage 512 GB,, · 9 months ago
Superb must buy,4,,4,Just okay,Review for: Color Pantone Shadow • RAM 16 GB • Storage 512 GB,, · 10 months ago
Very good product,5,,5,Fabulous!,Review for: Color Pantone Shadow • RAM 16 GB • Storage 512 GB,Shivam Sharma, · 10 months ago
Well balanced phone.,5,,5,Must buy!,Review for: Color Pantone Shadow • RAM 16 GB • Storage 512 GB,Aman R, · 10 months ago
Mind blowing design and performance awesome phone 💯,5,,5,Simply awesome,Review for: Color Pantone Walnut • RAM 16 GB • Storage 512 GB,, · 8 months ago
"Excellent Phone
Good looking
Excellent Battery
Camera Quality can be Improved more, Photos gets blurred when clicked in Zooming
Display Quality Brilliant",5,,5,Super!,Review for: Color Pantone Dazzling Blue • RAM 16 GB • Storage 512 GB,Gyan Prakash Pandey, · 5 months ago
Good phone but price drop is required!!!,4,,4,Delightful,Review for: Color Black • RAM 8 GB • Storage 128 GB,, · 2 months ago
Good,4,,4,Wonderful,Review for: Color Black • RAM 8 GB • Storage 128 GB,, · 2 months ago
"Camra..bawal 💥
Design...fadu 🔥
Battery... Good 👍🏻 
Button... Mst 🥳
Haptics...tagda 👌🏻",5,,5,Wonderful,Review for: Color White • RAM 8 GB • Storage 128 GB,, · 2 months ago
"This is an honest unpaid review, so you can definitely trust this, first of all I'll start with camera i don't understand what is the problem with the camera it is so bad at 1x but in 3.5x it's amazin...",4,,4,Pretty good,Review for: Color White • RAM 8 GB • Storage 256 GB,, · 1 month ago
So I have been using this phone about 15 days and so far so my experience is very good camera is inconsistent but gives you very expressive output most of the time and display is very good very sharp ...,4,,4,Wonderful,Review for: Color White • RAM 8 GB • Storage 256 GB,, · 1 month ago
"First 'Nothing' experience!
Display is good,auto brightness could have been optimized better!
Cameras are good but inconsistent;especially with hdr scenes,night mode seems like not working at all,peri...",4,,4,Delightful,Review for: Color Black • RAM 8 GB • Storage 128 GB,, · 2 months ago
First impression was Design Design Design very Good,5,,5,Best in the market!,Review for: Color White • RAM 8 GB • Storage 256 GB,, · 2 months ago
"Go for it reviewing after 10 days of use.
Used almost every brand phones you feel unique.
My preference skip 4a pro go with 4a 256 variant.",5,,5,Best in the market!,Review for: Color Black • RAM 8 GB • Storage 256 GB,, · 2 months ago
"Good camera performance( need more software optimisation for maximum capacity of the sensors. Battery need to optimized more for good battery backup 
Design 📈
Performance- decent 
Good software exper...",4,,4,Really Nice,Review for: Color Black • RAM 8 GB • Storage 128 GB,Anurudh sajeevan, · 2 months ago
Nothing 4a is the best phone.. Good experience.valuable phone,5,,5,Classy product,Review for: Color White • RAM 8 GB • Storage 256 GB,Rahul Manjarekar, · 2 months ago
Price to high product quality low,3,,3,Does the job,Review for: Color Ace Black • RAM 4 GB • Storage 128 GB,Angad Yadav, · 1 month ago
"This is better for normal use 
But it has worst camera quality 
Battery is also good stay for full day
Display is fantastic 
Writting it after a week of use",4,,4,Really Nice,Review for: Color Amaze Purple • RAM 4 GB • Storage 128 GB,Karan  Gupta, · 19 days ago
Outstanding,5,,5,Highly recommended,Review for: Color Awesome Blue • RAM 4 GB • Storage 128 GB,Shiv shankar  Kumar, · 1 month ago
Best 5g low price phone,5,,5,Terrific,Review for: Color Awesome Blue • RAM 4 GB • Storage 64 GB,Ajay Kadari, · 18 days ago
Go,5,,5,Best in the market!,Review for: Color Awesome Blue • RAM 4 GB • Storage 64 GB,Rathod Shankar, · 1 month ago
Very good 💯,5,,5,Terrific,Review for: Color Awesome Blue • RAM 4 GB • Storage 64 GB,Vibhishan Yadav, · 28 days ago
Overall worth for that price,4,,4,Delightful,Review for: Color Ace Black • RAM 4 GB • Storage 128 GB,Chirra Saikumar, · 1 month ago
All good,5,,5,Excellent,Review for: Color Ace Black • RAM 4 GB • Storage 64 GB,Raghunath palai Palai, · 9 days ago
Value for money best phone under,5,,5,Brilliant,Review for: Color Amaze Purple • RAM 4 GB • Storage 64 GB,Saad Aamir, · 19 days ago
"Nice product, nice color",5,,5,Just wow!,Review for: Color Amaze Purple • RAM 4 GB • Storage 64 GB,Jyoti Devi, · 27 days ago
Super,5,,5,Great product,Review for: Color Crystal Purple • RAM 6 GB • Storage 128 GB,, · 7 months ago
Good working condition,5,,5,Brilliant,Review for: Color Crystal Purple • RAM 6 GB • Storage 128 GB,Kapildev Mandal, · 9 months ago
Nice cemara .   All good,4,,4,Wonderful,Review for: Color Crystal Purple • RAM 6 GB • Storage 128 GB,, · 9 months ago
All good 👍,5,,5,Terrific,Review for: Color Crystal Purple • RAM 6 GB • Storage 128 GB,SHANTANU RAJ  SINHA , · 9 months ago
Good product 👍,5,,5,Terrific,Review for: Color Crystal Purple • RAM 6 GB • Storage 128 GB,, · 6 months ago
"Good quality 👍 camera nice 💯, battery backup, display full, fingerprint 🫆,",5,,5,Worth every penny,Review for: Color Crystal Purple • RAM 6 GB • Storage 128 GB,, · 6 months ago
Good phone,4,,4,Good choice,Review for: Color Crystal Purple • RAM 6 GB • Storage 128 GB,Sunny kumar Sharma, · 7 months ago
Good 👍,5,,5,Great product,Review for: Color Crystal Purple • RAM 6 GB • Storage 128 GB,Tukaram  Rathod , · 8 months ago
Acha products,5,,5,Brilliant,Review for: Color Onyx Black • RAM 6 GB • Storage 128 GB,, · 8 months ago
Nice design and Long battery it's good,5,,5,Terrific,Review for: Color Crystal Purple • RAM 6 GB • Storage 128 GB,prasanth S, · 8 months ago
Nice photo,4,,4,Value-for-money,Review for: Color Blue • Storage 128 GB,," · Aug, 2024"
Amezing  camera and all over best phone👌,5,,5,Wonderful,Review for: Color Blue • Storage 128 GB,," · Nov, 2024"
Nice product,4,,4,Wonderful,Review for: Color Black • Storage 128 GB,," · May, 2024"
Using this Iphone 15 from 1month and it has best Camera,5,,5,Must buy!,Review for: Color Blue • Storage 256 GB,," · Apr, 2024"
Switch from OnePlus to iPhone I am stunned with camera performance. Everything is perfect on  iPhone 15.,5,,5,Awesome,Review for: Color Yellow • Storage 128 GB,," · Jan, 2024"
Awesome 😎,5,,5,Fabulous!,Review for: Color Black • Storage 128 GB,," · Jan, 2025"
Awesome photography experience. Battery backup is good . Display is much better than 14 version.,5,,5,Worth every penny,Review for: Color Blue • Storage 128 GB,," · Jan, 2024"
Awesome 🔥🔥☺️,5,,5,Just wow!,Review for: Color Pink • Storage 128 GB,," · Apr, 2024"
"Awesome product very happy to hold this. Better In hand feel,matte finish. 
Good camera, Brighter screen with Dynamic Island, USB-C, great battery life.

60Hz display is a dealbreaker for some.Its not...",5,,5,Excellent,Review for: Color Blue • Storage 128 GB,," · Feb, 2024"
Very nice,4,,4,Good choice,Review for: Color Green • Storage 128 GB,," · Oct, 2023"
Nice product,5,,5,Nice,Review for: Color Blue • RAM 4 MB,Tapas  Sen, · 3 months ago
God product,4,,4,Delightful,Review for: Color Blue • RAM 4 MB,Rahul Jaykar, · 1 month ago
"we all purchase kaypad phones for our parents,what will happen if parents can see whose calling, same prob is there in this phone.During incoming call, my mom is not able to read who is calling, bcz f...",4,,4,Worth the money,Review for: Color Blue • RAM 4 MB,MANU  SHARMA, · 1 month ago
Good,5,,5,Just wow!,Review for: Color Blue • RAM 4 MB,Rajnish Kumar, · 1 month ago
"Good display good battery backup 
Good performance 
Thank you Flipkart team",5,,5,Highly recommended,Review for: Color Blue • RAM 4 MB,, · 1 month ago
All are good,5,,5,Best in the market!,Review for: Color Blue • RAM 4 MB,ANWAR  ALAM, · 1 month ago
It is waste mobile it is not working properly sound problem Flipkart may not return policy it is waste of time and money,1,,1,Absolute rubbish!,Review for: Color Blue • RAM 4 MB,madhu  sudhana, · 2 days ago
Super,5,,5,Perfect product!,Review for: Color Blue • RAM 4 MB,Sameer Sd, · 3 days ago
"Too light weight mobile.it is a Chinese piece not a moto piece.voice is too low, battery backup also bad.earphones are not supporting.One thing is good easy to operate.",2,,2,Expected a better product,Review for: Color Blue • RAM 4 MB,krish, · 3 days ago
Ok,5,,5,Awesome,Review for: Color Blue • RAM 4 MB,ujjawal kumar, · 4 days ago
Suits me,5,,5,Excellent,Review for: Color Pink • Storage 256 GB,, · 1 month ago
Super and cool photo,5,,5,Mind-blowing purchase,Review for: Color Teal • Storage 128 GB,," · Feb, 2025"
Satisfied,5,,5,Super!,Review for: Color Black • Storage 128 GB,," · Apr, 2025"
I love it ❤️❤️,5,,5,Mind-blowing purchase,Review for: Color Teal • Storage 128 GB,," · Jan, 2025"
Great phone,5,,5,Highly recommended,Review for: Color Teal • Storage 128 GB,Pranesha Mahajan, · 7 months ago
such a beautiful color 🩷🥺😍,5,,5,Wonderful,Review for: Color Pink • Storage 128 GB,, · 7 months ago
Super 💫,4,,4,Pretty good,Review for: Color Pink • Storage 128 GB,, · 7 months ago
Doing good as of now!,5,,5,Brilliant,Review for: Color Pink • Storage 128 GB,," · Apr, 2025"
Nice ones,5,,5,Fabulous!,Review for: Color Teal • Storage 128 GB,, · 7 months ago
Value for money,5,,5,Just wow!,Review for: Color Black • Storage 128 GB,, · 7 months ago
Very good phone im very happy 😊😊,5,,5,Worth every penny,Review for: Color Pronto Purple • RAM 6 GB • Storage 128 GB,, · 7 months ago
Thanks vivo thanks flipkart 😊,5,,5,Super!,Review for: Color Pronto Purple • RAM 6 GB • Storage 128 GB,, · 9 months ago
Very good Phone in this price segment,5,,5,Wonderful,Review for: Color Marine Blue • RAM 6 GB • Storage 128 GB,, · 9 months ago
"Best Phone in this Price Range.

Pros :-

1. Camera :-
Back Camera - 5/5
Front Camera - 3/5

2. Battery - 4/5 (1 day backup with heavy usage, 2 Days with Moderate Use)

3. Display - 4/5 (Good Display)...",5,,5,Super!,Review for: Color Marine Blue • RAM 6 GB • Storage 128 GB,," · May, 2025"
Nice product ❤️,5,,5,Fabulous!,Review for: Color Pronto Purple • RAM 6 GB • Storage 128 GB,," · Mar, 2025"
"Best segment phone
Very good budget phone
 allrounder phone",5,,5,Mind-blowing purchase,Review for: Color Pronto Purple • RAM 6 GB • Storage 128 GB,," · Mar, 2025"
Good,5,,5,Great product,Review for: Color Marine Blue • RAM 6 GB • Storage 128 GB,," · Mar, 2025"
"Value for money 
Go for it",5,,5,Great product,Review for: Color Pronto Purple • RAM 6 GB • Storage 128 GB,," · Mar, 2025"
"This phone is performance wise decent but display quality is not that perfect. 💫

Battery life is amazing 🤩 
Charging speed is a bit slow 😔 
App openings are smooth 💥
Speaker quality is not perfec...",4,,4,Good quality product,Review for: Color Pronto Purple • RAM 6 GB • Storage 128 GB,Abhishek Chattopadhyay," · Mar, 2025"
"Must buy excellent Battery backup and camera and always on display function.
Loved it..!🔥",5,,5,Wonderful,Review for: Color Marine Blue • RAM 6 GB • Storage 128 GB,," · May, 2025"
Excellent,5,,5,Awesome,Review for: Color Titanium Silver • RAM 4 GB • Storage 64 GB,," · Apr, 2025"
Good,4,,4,Good quality product,Review for: Color Majestic Green • RAM 4 GB • Storage 64 GB,, · 11 months ago
Very good😊👍,5,,5,Mind-blowing purchase,Review for: Color Titanium Silver • RAM 4 GB • Storage 64 GB,, · 9 months ago
Wow nice pic 🤩💞,5,,5,Best in the market!,Review for: Color Titanium Silver • RAM 4 GB • Storage 64 GB,," · Apr, 2025"
Nice phone ❤ Battery backup good 👍,4,,4,Fabulous!,Review for: Color Majestic Green • RAM 4 GB • Storage 64 GB,," · May, 2025"
Wonderful,5,,5,Worth every penny,Review for: Color Majestic Green • RAM 4 GB • Storage 64 GB,Flipkart Customer," · Apr, 2025"
Good,5,,5,Must buy!,Review for: Color Titanium Silver • RAM 4 GB • Storage 64 GB,Sanjay Kumar  Kumar," · May, 2025"
Nice pro,5,,5,Excellent,Review for: Color Majestic Green • RAM 4 GB • Storage 64 GB,Sagar Dahale, · 7 months ago
"Thank you flipkart 
Phone is best",5,,5,Worth every penny,Review for: Color Titanium Silver • RAM 4 GB • Storage 64 GB,Ritik Kumar," · May, 2025"
Excellent,5,,5,Classy product,Review for: Color Majestic Green • RAM 4 GB • Storage 64 GB,ANOWAR HUSSAIN," · Apr, 2025"
Best quality,5,,5,Fabulous!,Review for: Color Titanium Silver • RAM 4 GB • Storage 64 GB,Archana  Gharge, · 6 months ago
Great mobile,5,,5,Super!,Review for: Color Majestic Green • RAM 4 GB • Storage 64 GB,Irfan Ansari, · 7 months ago
Price comparison this phone is very good,5,,5,Terrific purchase,Review for: Color Titanium Silver • RAM 4 GB • Storage 64 GB,Nasir Patel," · May, 2025"
Average below for many,3,,3,Nice,Review for: Color Majestic Green • RAM 4 GB • Storage 64 GB,Sirajul Islam," · Apr, 2025"
Very nice product,5,,5,Super!,Review for: Color Majestic Green • RAM 4 GB • Storage 64 GB,, · 7 months ago
Nice 👍,5,,5,Great product,Review for: Color Majestic Green • RAM 4 GB • Storage 64 GB,Kajal Kumari, · 11 months ago
Product Quality is very good but performance average and front  camera is very bad like a keypad mobile phone cameras.😂😆🥲,3,,3,Nice,Review for: Color Majestic Green • RAM 4 GB • Storage 64 GB,, · 10 months ago
Good performance and battery in this price range. Camera is decent and design looks nice,4,,4,Worth the money,Review for: Color Titanium Silver • RAM 4 GB • Storage 64 GB,, · 7 months ago
Voice is very loudly,5,,5,Awesome,Review for: Color Grey • RAM 32 MB,Flipkart Customer," · Feb, 2025"
This mobile charjar was blasted,2,,2,Slightly disappointed,Review for: Color Gold • RAM 32 MB,," · Feb, 2025"
very bad,2,,2,Could be way better,Review for: Color GOLD BLACK • RAM 32 MB,Vijay Prajapati," · Sep, 2024"
value for money,5,,5,Fabulous!,Review for: Color Black • RAM 32 MB,, · 8 months ago
Good 👍 product..,5,,5,Best in the market!,Review for: Color Black • RAM 32 MB,," · Mar, 2025"
Good phone ❤️👌👌,5,,5,Must buy!,Review for: Color Black • RAM 32 MB,Vijay Sharma, · 10 months ago
Very good product,5,,5,Excellent,Review for: Color Gold • RAM 32 MB,Mohit Verma," · Mar, 2025"
I don't like me,5,,5,Just wow!,Review for: Color Gold • RAM 32 MB,," · Mar, 2025"
Ok ok,5,,5,Terrific,Review for: Color Black • RAM 32 MB,Shivam singh Rajawat, · 4 months ago
Nice mobile and save budget ❤️❤️,5,,5,Awesome,Review for: Color Black • RAM 32 MB,Flipkart Customer, · 4 months ago
"After 2 months use 
Camera is average not excellent as this budget  (8 out of 10)
 but battery backup outstanding (10 out of 10)
Sound quality is good not outstanding because stereo speaker (9 out of ...",4,,4,Pretty good,Review for: Color Emerald Blaze • RAM 8 GB • Storage 128 GB,Sumanta Mudi, · 9 months ago
"Battery and Charger ✅
Display ✅
Processor and IP rating ✅
But camera is average",4,,4,Delightful,Review for: Color Emerald Blaze • RAM 8 GB • Storage 256 GB,, · 10 months ago
Awesome,5,,5,Wonderful,Review for: Color Phantom Grey • RAM 8 GB • Storage 128 GB,, · 11 months ago
"According to price mobile Performance is so good 👍
Battery performance is also 👍 
Good night 🌉",4,,4,Pretty good,Review for: Color Emerald Blaze • RAM 8 GB • Storage 128 GB,," · May, 2025"
"All round mobile 
Camera best 
Battery 🔋 woow",5,,5,Just wow!,Review for: Color Phantom Grey • RAM 8 GB • Storage 256 GB,," · May, 2025"
The Phone is good and display is awesome. The battery backup is excellent. Front camera average and back camera good. Looks beautiful.,5,,5,Wonderful,Review for: Color Emerald Blaze • RAM 8 GB • Storage 128 GB,," · May, 2025"
Very good,5,,5,Great product,Review for: Color Phantom Grey • RAM 8 GB • Storage 256 GB,," · Apr, 2025"
"This is 8gb 256 gb variant
Good for students👩 big battery🔋
Fast charging",5,,5,Perfect product!,Review for: Color Emerald Blaze • RAM 8 GB • Storage 256 GB,," · Apr, 2025"
"Phone is good and Phone camera decent 
Performance is nice [ for this price range speaker is not good",4,,4,Value-for-money,Review for: Color Emerald Blaze • RAM 8 GB • Storage 128 GB,," · May, 2025"
"Camera is Decent type, front camera amezing
Display top in class.
Battery top in class
No issue in network 
All AI features are useful one is missing AI Reflection Remover I think giving in future upd...",5,,5,Super!,Review for: Color Phantom Grey • RAM 8 GB • Storage 128 GB,," · May, 2025"
Very nice 🙂 phone,5,,5,Excellent,Review for: Color Prism White • RAM 6 GB • Storage 128 GB,Vijay  Kaushik , · 1 month ago
Very good product,5,,5,Super!,Review for: Color Prism White • RAM 6 GB • Storage 256 GB,Allah Bakhash, · 1 month ago
Good,4,,4,Very Good,Review for: Color Prism Violet • RAM 6 GB • Storage 128 GB,Kasandas M, · 1 month ago
Very good,4,,4,Nice product,Review for: Color Prism Violet • RAM 6 GB • Storage 128 GB,Mohd Unus Ali, · 1 month ago
Camera was bad don't buy this product it's below average phone try another series,3,,3,Decent product,Review for: Color Prism Violet • RAM 6 GB • Storage 256 GB,, · 1 month ago
Good mobile,4,,4,Good choice,Review for: Color Prism Violet • RAM 6 GB • Storage 256 GB,Subhash Pathak, · 1 month ago
Good photo good phone,4,,4,Worth the money,Review for: Color Prism Violet • RAM 6 GB • Storage 128 GB,Ramvichar Kushwaha, · 15 days ago
Very nice product for normal use.,4,,4,Nice product,Review for: Color Prism Violet • RAM 6 GB • Storage 128 GB,Devesh Yadav, · 16 days ago
Very good,4,,4,Delightful,Review for: Color Prism Violet • RAM 6 GB • Storage 128 GB,Anusiya  Mary, · 26 days ago
Very good product,5,,5,Great product,Review for: Color Prism Violet • RAM 6 GB • Storage 128 GB,, · 10 days ago
"📱It has good Functions, Nice Look, Light weight, Battery is good, Camera wants Improvement, Speakers is very nice, Want's a Performance Improvement, I think it will be fixed in The Upcoming Updates...",4,,4,Delightful,Review for: Color Pantone COUNTRY AIR • RAM 8 GB • Storage 128 GB,, · 2 months ago
I love moto.💚,5,,5,Mind-blowing purchase,Review for: Color Pantone BLUE SURF • RAM 8 GB • Storage 256 GB,, · 2 months ago
Exllent mobile camera super display super performance also super overall good mobile,5,,5,Excellent,Review for: Color Pantone BLUE SURF • RAM 8 GB • Storage 256 GB,venki virat, · 2 months ago
"This is definitely an all-rounder phone if you are looking for a phone that will provide a good camera with a good battery and decent performance then go for it . 

It's been a month since I am using ...",5,,5,Super!,Review for: Color Pantone SILHOUETTE • RAM 8 GB • Storage 128 GB,, · 1 month ago
"Phone is good, but the primary protection is not given in the box like the back pouch and the screen guard, when I try to buy them, not available in the market as this is a newly launched mobile. Moto...",4,,4,Good quality product,Review for: Color Pantone BLUE SURF • RAM 8 GB • Storage 256 GB,Mahesh Daadi, · 2 months ago
"Camra 4.5/5
Bettry 5/5
Display 5/5
Design 5/5
Performance 5/5😘",5,,5,Best in the market!,Review for: Color Pantone SILHOUETTE • RAM 8 GB • Storage 128 GB,, · 2 months ago
Overall good,5,,5,Classy product,Review for: Color Pantone COUNTRY AIR • RAM 8 GB • Storage 128 GB,Kasi  Veeravalli, · 2 months ago
Nice in hand feel and camera are good in low light performance in gaming is also good no lag no frame drop if your budget is under30000 you will definitely buy this phone,5,,5,Fabulous!,Review for: Color Pantone SILHOUETTE • RAM 8 GB • Storage 256 GB,Flipkart Customer, · 2 months ago
"Camera so superb, zoom osm very nice mobile I love it....",5,,5,Simply awesome,Review for: Color Pantone Dazzling Blue • RAM 8 GB • Storage 256 GB,," · May, 2025"
"The display and battery backup is awesome.
Camera not tested much
Little bit of heating I can feel while continuous using and charging.",5,,5,Mind-blowing purchase,Review for: Color Pantone Shadow • RAM 8 GB • Storage 256 GB,," · May, 2025"
The fog issue on the camera needs to resolve otherwise all good,4,,4,Really Nice,Review for: Color Pantone Dazzling Blue • RAM 8 GB • Storage 256 GB,Nilesh Bandekar, · 8 months ago
All good ..but 5g jio network issue,4,,4,Delightful,Review for: Color Pantone Shadow • RAM 8 GB • Storage 256 GB,Ajay Kumar," · May, 2025"
"Hello here is the honest review after using almost 6 months 
1. Camera -5/4.2
2. Display- 5/ 4
3. Battery-5/4.5
4. Performance - 5/4.4",5,,5,Great product,Review for: Color Pantone Shadow • RAM 8 GB • Storage 256 GB,, · 8 months ago
"Nice mobile, camera is awesome",5,,5,Wonderful,Review for: Color Pantone Sparkling Grape • RAM 8 GB • Storage 256 GB,, · 11 months ago
Very niceeee amazing 😍,5,,5,Perfect product!,Review for: Color Pantone Dazzling Blue • RAM 8 GB • Storage 256 GB,Flipkart Customer," · May, 2025"
Definitely best all rounder mobile of 2025 🤩💯🔥,4,,4,Wonderful,Review for: Color Pantone Sparkling Grape • RAM 8 GB • Storage 256 GB,Bala," · May, 2025"
"I love this phone ,, Cemera is just wow😍",5,,5,Brilliant,Review for: Color Pantone Sparkling Grape • RAM 8 GB • Storage 256 GB,, · 7 months ago
"Got the replacement from Motorola service center in 4 days (Including weekend.)

I noticed that the camera lens fogs up during use.
Within one hour of delivery, I observed that both the main and telep...",3,,3,Not good,Review for: Color Pantone Shadow • RAM 8 GB • Storage 256 GB,, · 10 months ago
