"selection1_name","selection1_url","selection1_Price","selection1_Price_url"
"POCO C85x (Emerald Green, 64 GB)","https://www.flipkart.com/poco-c85x-emerald-green-64-gb/p/itm96bce2b7909b7?pid=MOBHHFC8S2U92G5M&lid=LSTMOBHHFC8S2U92G5MHPVL8Y&marketplace=FLIPKART&q=mobiles&store=tyy%2F4io&srno=s_1_1&otracker=search&otracker1=search&fm=organic&iid=ee17c768-8414-4074-8bec-491225ddcd0b.MOBHHFC8S2U92G5M.SEARCH&ppt=None&ppn=None&ssid=t4y4w97als0000001777620052941&qH=eb4af0bf07c16429&ov_redirect=true","₹11,499","https://www.flipkart.com/poco-c85x-emerald-green-64-gb/p/itm96bce2b7909b7?pid=MOBHHFC8S2U92G5M&lid=LSTMOBHHFC8S2U92G5MHPVL8Y&marketplace=FLIPKART&q=mobiles&store=tyy%2F4io&srno=s_1_1&otracker=search&otracker1=search&fm=organic&iid=ee17c768-8414-4074-8bec-491225ddcd0b.MOBHHFC8S2U92G5M.SEARCH&ppt=None&ppn=None&ssid=t4y4w97als0000001777620052941&qH=eb4af0bf07c16429&ov_redirect=true"
"MOTOROLA g67 power 5G (Pantone Parachute, 128 GB)","https://www.flipkart.com/motorola-g67-power-5g-pantone-parachute-128-gb/p/itm983b978f3066a?pid=MOBHFSCEBA7G3HXN&lid=LSTMOBHFSCEBA7G3HXNM6IXLV&marketplace=FLIPKART&q=mobiles&store=tyy%2F4io&srno=s_1_2&otracker=search&otracker1=search&fm=organic&iid=ee17c768-8414-4074-8bec-491225ddcd0b.MOBHFSCEBA7G3HXN.SEARCH&ppt=None&ppn=None&ssid=t4y4w97als0000001777620052941&qH=eb4af0bf07c16429&ov_redirect=true","₹18,999","https://www.flipkart.com/motorola-g67-power-5g-pantone-parachute-128-gb/p/itm983b978f3066a?pid=MOBHFSCEBA7G3HXN&lid=LSTMOBHFSCEBA7G3HXNM6IXLV&marketplace=FLIPKART&q=mobiles&store=tyy%2F4io&srno=s_1_2&otracker=search&otracker1=search&fm=organic&iid=ee17c768-8414-4074-8bec-491225ddcd0b.MOBHFSCEBA7G3HXN.SEARCH&ppt=None&ppn=None&ssid=t4y4w97als0000001777620052941&qH=eb4af0bf07c16429&ov_redirect=true"
"REDMI A5 (Jaisalmer Gold, 64 GB)","https://www.flipkart.com/redmi-a5-jaisalmer-gold-64-gb/p/itm2b4357effaa74?pid=MOBHB2HGH5DCFNWZ&lid=LSTMOBHB2HGH5DCFNWZHAP4LG&marketplace=FLIPKART&q=mobiles&store=tyy%2F4io&srno=s_1_3&otracker=search&otracker1=search&fm=organic&iid=ee17c768-8414-4074-8bec-491225ddcd0b.MOBHB2HGH5DCFNWZ.SEARCH&ppt=None&ppn=None&ssid=t4y4w97als0000001777620052941&qH=eb4af0bf07c16429&ov_redirect=true","₹8,999","https://www.flipkart.com/redmi-a5-jaisalmer-gold-64-gb/p/itm2b4357effaa74?pid=MOBHB2HGH5DCFNWZ&lid=LSTMOBHB2HGH5DCFNWZHAP4LG&marketplace=FLIPKART&q=mobiles&store=tyy%2F4io&srno=s_1_3&otracker=search&otracker1=search&fm=organic&iid=ee17c768-8414-4074-8bec-491225ddcd0b.MOBHB2HGH5DCFNWZ.SEARCH&ppt=None&ppn=None&ssid=t4y4w97als0000001777620052941&qH=eb4af0bf07c16429&ov_redirect=true"
"POCO C85x (Elite Black, 64 GB)","https://www.flipkart.com/poco-c85x-elite-black-64-gb/p/itm0f0a9684d1e33?pid=MOBHHFC8JKRZRGFG&lid=LSTMOBHHFC8JKRZRGFGMCA1D4&marketplace=FLIPKART&q=mobiles&store=tyy%2F4io&srno=s_1_4&otracker=search&otracker1=search&fm=organic&iid=ee17c768-8414-4074-8bec-491225ddcd0b.MOBHHFC8JKRZRGFG.SEARCH&ppt=None&ppn=None&ssid=t4y4w97als0000001777620052941&qH=eb4af0bf07c16429&ov_redirect=true","₹11,499","https://www.flipkart.com/poco-c85x-elite-black-64-gb/p/itm0f0a9684d1e33?pid=MOBHHFC8JKRZRGFG&lid=LSTMOBHHFC8JKRZRGFGMCA1D4&marketplace=FLIPKART&q=mobiles&store=tyy%2F4io&srno=s_1_4&otracker=search&otracker1=search&fm=organic&iid=ee17c768-8414-4074-8bec-491225ddcd0b.MOBHHFC8JKRZRGFG.SEARCH&ppt=None&ppn=None&ssid=t4y4w97als0000001777620052941&qH=eb4af0bf07c16429&ov_redirect=true"
"POCO C85x (Emerald Green, 128 GB)","https://www.flipkart.com/poco-c85x-emerald-green-128-gb/p/itm2ed0d15dfc872?pid=MOBHHFC82ZZHCZDX&lid=LSTMOBHHFC82ZZHCZDXWXSVTZ&marketplace=FLIPKART&q=mobiles&store=tyy%2F4io&srno=s_1_5&otracker=search&otracker1=search&fm=organic&iid=ee17c768-8414-4074-8bec-491225ddcd0b.MOBHHFC82ZZHCZDX.SEARCH&ppt=None&ppn=None&ssid=t4y4w97als0000001777620052941&qH=eb4af0bf07c16429&ov_redirect=true","₹12,499","https://www.flipkart.com/poco-c85x-emerald-green-128-gb/p/itm2ed0d15dfc872?pid=MOBHHFC82ZZHCZDX&lid=LSTMOBHHFC82ZZHCZDXWXSVTZ&marketplace=FLIPKART&q=mobiles&store=tyy%2F4io&srno=s_1_5&otracker=search&otracker1=search&fm=organic&iid=ee17c768-8414-4074-8bec-491225ddcd0b.MOBHHFC82ZZHCZDX.SEARCH&ppt=None&ppn=None&ssid=t4y4w97als0000001777620052941&qH=eb4af0bf07c16429&ov_redirect=true"
"realme P4 Lite 5G (Mosaic Green, 64 GB)","https://www.flipkart.com/realme-p4-lite-5g-mosaic-green-64-gb/p/itm90c243961f214?pid=MOBHHFBUUUQNXRGX&lid=LSTMOBHHFBUUUQNXRGXKR3NYG&marketplace=FLIPKART&q=mobiles&store=tyy%2F4io&srno=s_1_6&otracker=search&otracker1=search&fm=organic&iid=ee17c768-8414-4074-8bec-491225ddcd0b.MOBHHFBUUUQNXRGX.SEARCH&ppt=None&ppn=None&ssid=t4y4w97als0000001777620052941&qH=eb4af0bf07c16429&ov_redirect=true","₹13,499","https://www.flipkart.com/realme-p4-lite-5g-mosaic-green-64-gb/p/itm90c243961f214?pid=MOBHHFBUUUQNXRGX&lid=LSTMOBHHFBUUUQNXRGXKR3NYG&marketplace=FLIPKART&q=mobiles&store=tyy%2F4io&srno=s_1_6&otracker=search&otracker1=search&fm=organic&iid=ee17c768-8414-4074-8bec-491225ddcd0b.MOBHHFBUUUQNXRGX.SEARCH&ppt=None&ppn=None&ssid=t4y4w97als0000001777620052941&qH=eb4af0bf07c16429&ov_redirect=true"
"REDMI Note 15 SE 5G (Crimson Reserve, 128 GB)","https://www.flipkart.com/redmi-note-15-se-5g-crimson-reserve-128-gb/p/itm4981d1c5313df?pid=MOBHHAFATAJXVPAK&lid=LSTMOBHHAFATAJXVPAKPZM5GZ&marketplace=FLIPKART&q=mobiles&store=tyy%2F4io&srno=s_1_7&otracker=search&otracker1=search&fm=organic&iid=ee17c768-8414-4074-8bec-491225ddcd0b.MOBHHAFATAJXVPAK.SEARCH&ppt=None&ppn=None&ssid=t4y4w97als0000001777620052941&qH=eb4af0bf07c16429&ov_redirect=true","₹19,999","https://www.flipkart.com/redmi-note-15-se-5g-crimson-reserve-128-gb/p/itm4981d1c5313df?pid=MOBHHAFATAJXVPAK&lid=LSTMOBHHAFATAJXVPAKPZM5GZ&marketplace=FLIPKART&q=mobiles&store=tyy%2F4io&srno=s_1_7&otracker=search&otracker1=search&fm=organic&iid=ee17c768-8414-4074-8bec-491225ddcd0b.MOBHHAFATAJXVPAK.SEARCH&ppt=None&ppn=None&ssid=t4y4w97als0000001777620052941&qH=eb4af0bf07c16429&ov_redirect=true"
"ringme R1+ JUMBO","https://www.flipkart.com/ringme-r1-jumbo/p/itmb064fd38b134e?pid=MOBH6AGBJFRYFDDU&lid=LSTMOBH6AGBJFRYFDDUNIW9ZJ&marketplace=FLIPKART&q=mobiles&store=tyy%2F4io&srno=s_1_8&otracker=search&otracker1=search&fm=organic&iid=ee17c768-8414-4074-8bec-491225ddcd0b.MOBH6AGBJFRYFDDU.SEARCH&ppt=None&ppn=None&ssid=t4y4w97als0000001777620052941&qH=eb4af0bf07c16429&ov_redirect=true","₹1,599","https://www.flipkart.com/ringme-r1-jumbo/p/itmb064fd38b134e?pid=MOBH6AGBJFRYFDDU&lid=LSTMOBH6AGBJFRYFDDUNIW9ZJ&marketplace=FLIPKART&q=mobiles&store=tyy%2F4io&srno=s_1_8&otracker=search&otracker1=search&fm=organic&iid=ee17c768-8414-4074-8bec-491225ddcd0b.MOBH6AGBJFRYFDDU.SEARCH&ppt=None&ppn=None&ssid=t4y4w97als0000001777620052941&qH=eb4af0bf07c16429&ov_redirect=true"
"POCO C85x (Sunset Gold, 64 GB)","https://www.flipkart.com/poco-c85x-sunset-gold-64-gb/p/itm6b8cdd362c306?pid=MOBHHFC8MQWQ6ZUH&lid=LSTMOBHHFC8MQWQ6ZUHH1EJLM&marketplace=FLIPKART&q=mobiles&store=tyy%2F4io&srno=s_1_9&otracker=search&otracker1=search&fm=organic&iid=ee17c768-8414-4074-8bec-491225ddcd0b.MOBHHFC8MQWQ6ZUH.SEARCH&ppt=None&ppn=None&ssid=t4y4w97als0000001777620052941&qH=eb4af0bf07c16429&ov_redirect=true","₹11,499","https://www.flipkart.com/poco-c85x-sunset-gold-64-gb/p/itm6b8cdd362c306?pid=MOBHHFC8MQWQ6ZUH&lid=LSTMOBHHFC8MQWQ6ZUHH1EJLM&marketplace=FLIPKART&q=mobiles&store=tyy%2F4io&srno=s_1_9&otracker=search&otracker1=search&fm=organic&iid=ee17c768-8414-4074-8bec-491225ddcd0b.MOBHHFC8MQWQ6ZUH.SEARCH&ppt=None&ppn=None&ssid=t4y4w97als0000001777620052941&qH=eb4af0bf07c16429&ov_redirect=true"
"Ai+ Pulse 1 (Black, 64 GB)","https://www.flipkart.com/ai-pulse-1-black-64-gb/p/itmbb72114516031?pid=MOBHDDQXWA6PBGZJ&lid=LSTMOBHDDQXWA6PBGZJXM5IAG&marketplace=FLIPKART&q=mobiles&store=tyy%2F4io&srno=s_1_10&otracker=search&otracker1=search&fm=organic&iid=ee17c768-8414-4074-8bec-491225ddcd0b.MOBHDDQXWA6PBGZJ.SEARCH&ppt=None&ppn=None&ssid=t4y4w97als0000001777620052941&qH=eb4af0bf07c16429&ov_redirect=true","₹7,999","https://www.flipkart.com/ai-pulse-1-black-64-gb/p/itmbb72114516031?pid=MOBHDDQXWA6PBGZJ&lid=LSTMOBHDDQXWA6PBGZJXM5IAG&marketplace=FLIPKART&q=mobiles&store=tyy%2F4io&srno=s_1_10&otracker=search&otracker1=search&fm=organic&iid=ee17c768-8414-4074-8bec-491225ddcd0b.MOBHDDQXWA6PBGZJ.SEARCH&ppt=None&ppn=None&ssid=t4y4w97als0000001777620052941&qH=eb4af0bf07c16429&ov_redirect=true"
"Ai+ Pulse 1 (Green, 64 GB)","https://www.flipkart.com/ai-pulse-1-green-64-gb/p/itm90e25907f6424?pid=MOBHDDQXFEAF3HZF&lid=LSTMOBHDDQXFEAF3HZFTNQHKW&marketplace=FLIPKART&q=mobiles&store=tyy%2F4io&srno=s_1_11&otracker=search&otracker1=search&fm=organic&iid=ee17c768-8414-4074-8bec-491225ddcd0b.MOBHDDQXFEAF3HZF.SEARCH&ppt=None&ppn=None&ssid=t4y4w97als0000001777620052941&qH=eb4af0bf07c16429&ov_redirect=true","₹7,999","https://www.flipkart.com/ai-pulse-1-green-64-gb/p/itm90e25907f6424?pid=MOBHDDQXFEAF3HZF&lid=LSTMOBHDDQXFEAF3HZFTNQHKW&marketplace=FLIPKART&q=mobiles&store=tyy%2F4io&srno=s_1_11&otracker=search&otracker1=search&fm=organic&iid=ee17c768-8414-4074-8bec-491225ddcd0b.MOBHDDQXFEAF3HZF.SEARCH&ppt=None&ppn=None&ssid=t4y4w97als0000001777620052941&qH=eb4af0bf07c16429&ov_redirect=true"
"Ai+ Pulse 2 (Purple, 64 GB)","https://www.flipkart.com/ai-pulse-2-purple-64-gb/p/itmdc910ae2ff0c1?pid=MOBHKHPYQHGDVRTG&lid=LSTMOBHKHPYQHGDVRTGHKLHJJ&marketplace=FLIPKART&q=mobiles&store=tyy%2F4io&srno=s_1_12&otracker=search&otracker1=search&fm=organic&iid=ee17c768-8414-4074-8bec-491225ddcd0b.MOBHKHPYQHGDVRTG.SEARCH&ppt=None&ppn=None&ssid=t4y4w97als0000001777620052941&qH=eb4af0bf07c16429&ov_redirect=true","₹8,999","https://www.flipkart.com/ai-pulse-2-purple-64-gb/p/itmdc910ae2ff0c1?pid=MOBHKHPYQHGDVRTG&lid=LSTMOBHKHPYQHGDVRTGHKLHJJ&marketplace=FLIPKART&q=mobiles&store=tyy%2F4io&srno=s_1_12&otracker=search&otracker1=search&fm=organic&iid=ee17c768-8414-4074-8bec-491225ddcd0b.MOBHKHPYQHGDVRTG.SEARCH&ppt=None&ppn=None&ssid=t4y4w97als0000001777620052941&qH=eb4af0bf07c16429&ov_redirect=true"
"MOTOROLA g06 power (Pantone tapestry, 64 GB)","https://www.flipkart.com/motorola-g06-power-pantone-tapestry-64-gb/p/itmf590d83ca72c5?pid=MOBHFSCEW8DQVKDZ&lid=LSTMOBHFSCEW8DQVKDZ2CWXCB&marketplace=FLIPKART&q=mobiles&store=tyy%2F4io&srno=s_1_13&otracker=search&otracker1=search&fm=organic&iid=ee17c768-8414-4074-8bec-491225ddcd0b.MOBHFSCEW8DQVKDZ.SEARCH&ppt=None&ppn=None&ssid=t4y4w97als0000001777620052941&qH=eb4af0bf07c16429&ov_redirect=true","₹9,999","https://www.flipkart.com/motorola-g06-power-pantone-tapestry-64-gb/p/itmf590d83ca72c5?pid=MOBHFSCEW8DQVKDZ&lid=LSTMOBHFSCEW8DQVKDZ2CWXCB&marketplace=FLIPKART&q=mobiles&store=tyy%2F4io&srno=s_1_13&otracker=search&otracker1=search&fm=organic&iid=ee17c768-8414-4074-8bec-491225ddcd0b.MOBHFSCEW8DQVKDZ.SEARCH&ppt=None&ppn=None&ssid=t4y4w97als0000001777620052941&qH=eb4af0bf07c16429&ov_redirect=true"
"realme P4 Lite (Beach Gold, 128 GB)","https://www.flipkart.com/realme-p4-lite-beach-gold-128-gb/p/itm534024e2339ef?pid=MOBHK685K37ZCSPU&lid=LSTMOBHK685K37ZCSPUTZ3SXB&marketplace=FLIPKART&q=mobiles&store=tyy%2F4io&srno=s_1_14&otracker=search&otracker1=search&fm=organic&iid=ee17c768-8414-4074-8bec-491225ddcd0b.MOBHK685K37ZCSPU.SEARCH&ppt=None&ppn=None&ssid=t4y4w97als0000001777620052941&qH=eb4af0bf07c16429&ov_redirect=true","₹11,999","https://www.flipkart.com/realme-p4-lite-beach-gold-128-gb/p/itm534024e2339ef?pid=MOBHK685K37ZCSPU&lid=LSTMOBHK685K37ZCSPUTZ3SXB&marketplace=FLIPKART&q=mobiles&store=tyy%2F4io&srno=s_1_14&otracker=search&otracker1=search&fm=organic&iid=ee17c768-8414-4074-8bec-491225ddcd0b.MOBHK685K37ZCSPU.SEARCH&ppt=None&ppn=None&ssid=t4y4w97als0000001777620052941&qH=eb4af0bf07c16429&ov_redirect=true"
"Ai+ Pulse 1 (Blue, 64 GB)","https://www.flipkart.com/ai-pulse-1-blue-64-gb/p/itm039eaa37b8fdb?pid=MOBHDDQXW4ZVQFFX&lid=LSTMOBHDDQXW4ZVQFFXZCFXAD&marketplace=FLIPKART&q=mobiles&store=tyy%2F4io&srno=s_1_16&otracker=search&otracker1=search&fm=organic&iid=ee17c768-8414-4074-8bec-491225ddcd0b.MOBHDDQXW4ZVQFFX.SEARCH&ppt=None&ppn=None&ssid=t4y4w97als0000001777620052941&qH=eb4af0bf07c16429&ov_redirect=true","₹7,999","https://www.flipkart.com/ai-pulse-1-blue-64-gb/p/itm039eaa37b8fdb?pid=MOBHDDQXW4ZVQFFX&lid=LSTMOBHDDQXW4ZVQFFXZCFXAD&marketplace=FLIPKART&q=mobiles&store=tyy%2F4io&srno=s_1_16&otracker=search&otracker1=search&fm=organic&iid=ee17c768-8414-4074-8bec-491225ddcd0b.MOBHDDQXW4ZVQFFX.SEARCH&ppt=None&ppn=None&ssid=t4y4w97als0000001777620052941&qH=eb4af0bf07c16429&ov_redirect=true"
"Jmax MINI","https://www.flipkart.com/jmax-mini/p/itm0069c81679445?pid=MOBHATZHZYXYRSZ8&lid=LSTMOBHATZHZYXYRSZ8SEHL7O&marketplace=FLIPKART&q=mobiles&store=tyy%2F4io&srno=s_1_17&otracker=search&otracker1=search&fm=organic&iid=ee17c768-8414-4074-8bec-491225ddcd0b.MOBHATZHZYXYRSZ8.SEARCH&ppt=None&ppn=None&ssid=t4y4w97als0000001777620052941&qH=eb4af0bf07c16429&ov_redirect=true","₹777","https://www.flipkart.com/jmax-mini/p/itm0069c81679445?pid=MOBHATZHZYXYRSZ8&lid=LSTMOBHATZHZYXYRSZ8SEHL7O&marketplace=FLIPKART&q=mobiles&store=tyy%2F4io&srno=s_1_17&otracker=search&otracker1=search&fm=organic&iid=ee17c768-8414-4074-8bec-491225ddcd0b.MOBHATZHZYXYRSZ8.SEARCH&ppt=None&ppn=None&ssid=t4y4w97als0000001777620052941&qH=eb4af0bf07c16429&ov_redirect=true"
"Ai+ Pulse 1 (Purple, 64 GB)","https://www.flipkart.com/ai-pulse-1-purple-64-gb/p/itm70360c9dd322b?pid=MOBHDDQXZAC7RVHF&lid=LSTMOBHDDQXZAC7RVHFZOAP8Z&marketplace=FLIPKART&q=mobiles&store=tyy%2F4io&srno=s_1_19&otracker=search&otracker1=search&fm=organic&iid=ee17c768-8414-4074-8bec-491225ddcd0b.MOBHDDQXZAC7RVHF.SEARCH&ppt=None&ppn=None&ssid=t4y4w97als0000001777620052941&qH=eb4af0bf07c16429&ov_redirect=true","₹7,999","https://www.flipkart.com/ai-pulse-1-purple-64-gb/p/itm70360c9dd322b?pid=MOBHDDQXZAC7RVHF&lid=LSTMOBHDDQXZAC7RVHFZOAP8Z&marketplace=FLIPKART&q=mobiles&store=tyy%2F4io&srno=s_1_19&otracker=search&otracker1=search&fm=organic&iid=ee17c768-8414-4074-8bec-491225ddcd0b.MOBHDDQXZAC7RVHF.SEARCH&ppt=None&ppn=None&ssid=t4y4w97als0000001777620052941&qH=eb4af0bf07c16429&ov_redirect=true"
"MOTOROLA g57 power 5G (Pantone Corsair, 128 GB)","https://www.flipkart.com/motorola-g57-power-5g-pantone-corsair-128-gb/p/itm9b745f1e67b5c?pid=MOBHGRFE8WBGKSKY&lid=LSTMOBHGRFE8WBGKSKYEYKWBJ&marketplace=FLIPKART&q=mobiles&store=tyy%2F4io&srno=s_1_20&otracker=search&otracker1=search&fm=organic&iid=ee17c768-8414-4074-8bec-491225ddcd0b.MOBHGRFE8WBGKSKY.SEARCH&ppt=None&ppn=None&ssid=t4y4w97als0000001777620052941&qH=eb4af0bf07c16429&ov_redirect=true","₹17,999","https://www.flipkart.com/motorola-g57-power-5g-pantone-corsair-128-gb/p/itm9b745f1e67b5c?pid=MOBHGRFE8WBGKSKY&lid=LSTMOBHGRFE8WBGKSKYEYKWBJ&marketplace=FLIPKART&q=mobiles&store=tyy%2F4io&srno=s_1_20&otracker=search&otracker1=search&fm=organic&iid=ee17c768-8414-4074-8bec-491225ddcd0b.MOBHGRFE8WBGKSKY.SEARCH&ppt=None&ppn=None&ssid=t4y4w97als0000001777620052941&qH=eb4af0bf07c16429&ov_redirect=true"
"itel it5262","https://www.flipkart.com/itel-it5262/p/itm63f6528630ca6?pid=MOBGZF3X5NT5BMS9&lid=LSTMOBGZF3X5NT5BMS98E9QPH&marketplace=FLIPKART&q=mobiles&store=tyy%2F4io&srno=s_1_22&otracker=search&otracker1=search&fm=organic&iid=ee17c768-8414-4074-8bec-491225ddcd0b.MOBGZF3X5NT5BMS9.SEARCH&ppt=None&ppn=None&ssid=t4y4w97als0000001777620052941&qH=eb4af0bf07c16429&ov_redirect=true","₹1,434","https://www.flipkart.com/itel-it5262/p/itm63f6528630ca6?pid=MOBGZF3X5NT5BMS9&lid=LSTMOBGZF3X5NT5BMS98E9QPH&marketplace=FLIPKART&q=mobiles&store=tyy%2F4io&srno=s_1_22&otracker=search&otracker1=search&fm=organic&iid=ee17c768-8414-4074-8bec-491225ddcd0b.MOBGZF3X5NT5BMS9.SEARCH&ppt=None&ppn=None&ssid=t4y4w97als0000001777620052941&qH=eb4af0bf07c16429&ov_redirect=true"
"MOTOROLA Edge 70 Fusion (Pantone SILHOUETTE, 256 GB)","https://www.flipkart.com/motorola-edge-70-fusion-pantone-silhouette-256-gb/p/itm4261a778cb993?pid=MOBHJ7TXQGMFR7D9&lid=LSTMOBHJ7TXQGMFR7D9SD24SW&marketplace=FLIPKART&q=mobiles&store=tyy%2F4io&srno=s_1_23&otracker=search&otracker1=search&fm=organic&iid=ee17c768-8414-4074-8bec-491225ddcd0b.MOBHJ7TXQGMFR7D9.SEARCH&ppt=None&ppn=None&ssid=t4y4w97als0000001777620052941&qH=eb4af0bf07c16429&ov_redirect=true","₹32,999","https://www.flipkart.com/motorola-edge-70-fusion-pantone-silhouette-256-gb/p/itm4261a778cb993?pid=MOBHJ7TXQGMFR7D9&lid=LSTMOBHJ7TXQGMFR7D9SD24SW&marketplace=FLIPKART&q=mobiles&store=tyy%2F4io&srno=s_1_23&otracker=search&otracker1=search&fm=organic&iid=ee17c768-8414-4074-8bec-491225ddcd0b.MOBHJ7TXQGMFR7D9.SEARCH&ppt=None&ppn=None&ssid=t4y4w97als0000001777620052941&qH=eb4af0bf07c16429&ov_redirect=true"
"POCO M7 Plus 5G (Chrome Silver, 128 GB)","https://www.flipkart.com/poco-m7-plus-5g-chrome-silver-128-gb/p/itmf5c94088d643c?pid=MOBHETX6MCAZJYY2&lid=LSTMOBHETX6MCAZJYY2IYDZFU&marketplace=FLIPKART&q=mobiles&store=tyy%2F4io&srno=s_1_24&otracker=search&otracker1=search&fm=organic&iid=ee17c768-8414-4074-8bec-491225ddcd0b.MOBHETX6MCAZJYY2.SEARCH&ppt=None&ppn=None&ssid=t4y4w97als0000001777620052941&qH=eb4af0bf07c16429&ov_redirect=true","₹15,499","https://www.flipkart.com/poco-m7-plus-5g-chrome-silver-128-gb/p/itmf5c94088d643c?pid=MOBHETX6MCAZJYY2&lid=LSTMOBHETX6MCAZJYY2IYDZFU&marketplace=FLIPKART&q=mobiles&store=tyy%2F4io&srno=s_1_24&otracker=search&otracker1=search&fm=organic&iid=ee17c768-8414-4074-8bec-491225ddcd0b.MOBHETX6MCAZJYY2.SEARCH&ppt=None&ppn=None&ssid=t4y4w97als0000001777620052941&qH=eb4af0bf07c16429&ov_redirect=true"
"MOTOROLA g35 5G (Guava Red, 128 GB)","https://www.flipkart.com/motorola-g35-5g-guava-red-128-gb/p/itm39bba58f6cdfc?pid=MOBH3YGPWZZB9ZZK&lid=LSTMOBH3YGPWZZB9ZZKFWIZWR&marketplace=FLIPKART&q=mobiles&store=tyy%2F4io&srno=s_2_25&otracker=search&otracker1=search&fm=organic&iid=bde295c1-3516-46d8-aad6-f485eb4d02a8.MOBH3YGPWZZB9ZZK.SEARCH&ppt=None&ppn=None&ssid=qtbkhi0ms00000001777620064117&qH=eb4af0bf07c16429&ov_redirect=true","₹12,499","https://www.flipkart.com/motorola-g35-5g-guava-red-128-gb/p/itm39bba58f6cdfc?pid=MOBH3YGPWZZB9ZZK&lid=LSTMOBH3YGPWZZB9ZZKFWIZWR&marketplace=FLIPKART&q=mobiles&store=tyy%2F4io&srno=s_2_25&otracker=search&otracker1=search&fm=organic&iid=bde295c1-3516-46d8-aad6-f485eb4d02a8.MOBH3YGPWZZB9ZZK.SEARCH&ppt=None&ppn=None&ssid=qtbkhi0ms00000001777620064117&qH=eb4af0bf07c16429&ov_redirect=true"
"REDMI A5 (Just Black, 64 GB)","https://www.flipkart.com/redmi-a5-just-black-64-gb/p/itm2b4357effaa74?pid=MOBHB2HGNGFWXSGA&lid=LSTMOBHB2HGNGFWXSGAEDTCWH&marketplace=FLIPKART&q=mobiles&store=tyy%2F4io&srno=s_2_26&otracker=search&otracker1=search&fm=organic&iid=bde295c1-3516-46d8-aad6-f485eb4d02a8.MOBHB2HGNGFWXSGA.SEARCH&ppt=None&ppn=None&ssid=qtbkhi0ms00000001777620064117&qH=eb4af0bf07c16429&ov_redirect=true","₹8,999","https://www.flipkart.com/redmi-a5-just-black-64-gb/p/itm2b4357effaa74?pid=MOBHB2HGNGFWXSGA&lid=LSTMOBHB2HGNGFWXSGAEDTCWH&marketplace=FLIPKART&q=mobiles&store=tyy%2F4io&srno=s_2_26&otracker=search&otracker1=search&fm=organic&iid=bde295c1-3516-46d8-aad6-f485eb4d02a8.MOBHB2HGNGFWXSGA.SEARCH&ppt=None&ppn=None&ssid=qtbkhi0ms00000001777620064117&qH=eb4af0bf07c16429&ov_redirect=true"
"MOTOROLA Edge 60 Fusion 5G (PANTONE Mykonos Blue, 128 GB)","https://www.flipkart.com/motorola-edge-60-fusion-5g-pantone-mykonos-blue-128-gb/p/itm921871063b6c7?pid=MOBHHD2KRZ23ZXGS&lid=LSTMOBHHD2KRZ23ZXGS0RBVQE&marketplace=FLIPKART&q=mobiles&store=tyy%2F4io&srno=s_2_27&otracker=search&otracker1=search&fm=organic&iid=bde295c1-3516-46d8-aad6-f485eb4d02a8.MOBHHD2KRZ23ZXGS.SEARCH&ppt=None&ppn=None&ssid=qtbkhi0ms00000001777620064117&qH=eb4af0bf07c16429&ov_redirect=true","₹22,999","https://www.flipkart.com/motorola-edge-60-fusion-5g-pantone-mykonos-blue-128-gb/p/itm921871063b6c7?pid=MOBHHD2KRZ23ZXGS&lid=LSTMOBHHD2KRZ23ZXGS0RBVQE&marketplace=FLIPKART&q=mobiles&store=tyy%2F4io&srno=s_2_27&otracker=search&otracker1=search&fm=organic&iid=bde295c1-3516-46d8-aad6-f485eb4d02a8.MOBHHD2KRZ23ZXGS.SEARCH&ppt=None&ppn=None&ssid=qtbkhi0ms00000001777620064117&qH=eb4af0bf07c16429&ov_redirect=true"
"Samsung Galaxy F70e 5G (Spotlight Blue, 128 GB)","https://www.flipkart.com/samsung-galaxy-f70e-5g-spotlight-blue-128-gb/p/itm61c2a75f6c91f?pid=MOBHK55ANBSGUGCJ&lid=LSTMOBHK55ANBSGUGCJNVOP8K&marketplace=FLIPKART&q=mobiles&store=tyy%2F4io&srno=s_2_28&otracker=search&otracker1=search&fm=organic&iid=bde295c1-3516-46d8-aad6-f485eb4d02a8.MOBHK55ANBSGUGCJ.SEARCH&ppt=None&ppn=None&ssid=qtbkhi0ms00000001777620064117&qH=eb4af0bf07c16429&ov_redirect=true","₹14,499","https://www.flipkart.com/samsung-galaxy-f70e-5g-spotlight-blue-128-gb/p/itm61c2a75f6c91f?pid=MOBHK55ANBSGUGCJ&lid=LSTMOBHK55ANBSGUGCJNVOP8K&marketplace=FLIPKART&q=mobiles&store=tyy%2F4io&srno=s_2_28&otracker=search&otracker1=search&fm=organic&iid=bde295c1-3516-46d8-aad6-f485eb4d02a8.MOBHK55ANBSGUGCJ.SEARCH&ppt=None&ppn=None&ssid=qtbkhi0ms00000001777620064117&qH=eb4af0bf07c16429&ov_redirect=true"
"POCO M7 Plus 5G (Carbon Black, 128 GB)","https://www.flipkart.com/poco-m7-plus-5g-carbon-black-128-gb/p/itmb4301b9afe80c?pid=MOBHETX6NVUH8VPG&lid=LSTMOBHETX6NVUH8VPGINMDBZ&marketplace=FLIPKART&q=mobiles&store=tyy%2F4io&srno=s_2_29&otracker=search&otracker1=search&fm=organic&iid=bde295c1-3516-46d8-aad6-f485eb4d02a8.MOBHETX6NVUH8VPG.SEARCH&ppt=None&ppn=None&ssid=qtbkhi0ms00000001777620064117&qH=eb4af0bf07c16429&ov_redirect=true","₹16,999","https://www.flipkart.com/poco-m7-plus-5g-carbon-black-128-gb/p/itmb4301b9afe80c?pid=MOBHETX6NVUH8VPG&lid=LSTMOBHETX6NVUH8VPGINMDBZ&marketplace=FLIPKART&q=mobiles&store=tyy%2F4io&srno=s_2_29&otracker=search&otracker1=search&fm=organic&iid=bde295c1-3516-46d8-aad6-f485eb4d02a8.MOBHETX6NVUH8VPG.SEARCH&ppt=None&ppn=None&ssid=qtbkhi0ms00000001777620064117&qH=eb4af0bf07c16429&ov_redirect=true"
"Samsung Galaxy F06 5G (Lit Violet, 128 GB)","https://www.flipkart.com/samsung-galaxy-f06-5g-lit-violet-128-gb/p/itm140da3412b73b?pid=MOBH9AS4FA5RUHSY&lid=LSTMOBH9AS4FA5RUHSYJWMWFX&marketplace=FLIPKART&q=mobiles&store=tyy%2F4io&srno=s_2_30&otracker=search&otracker1=search&fm=organic&iid=bde295c1-3516-46d8-aad6-f485eb4d02a8.MOBH9AS4FA5RUHSY.SEARCH&ppt=None&ppn=None&ssid=qtbkhi0ms00000001777620064117&qH=eb4af0bf07c16429&ov_redirect=true","₹12,999","https://www.flipkart.com/samsung-galaxy-f06-5g-lit-violet-128-gb/p/itm140da3412b73b?pid=MOBH9AS4FA5RUHSY&lid=LSTMOBH9AS4FA5RUHSYJWMWFX&marketplace=FLIPKART&q=mobiles&store=tyy%2F4io&srno=s_2_30&otracker=search&otracker1=search&fm=organic&iid=bde295c1-3516-46d8-aad6-f485eb4d02a8.MOBH9AS4FA5RUHSY.SEARCH&ppt=None&ppn=None&ssid=qtbkhi0ms00000001777620064117&qH=eb4af0bf07c16429&ov_redirect=true"
"Nokia 105 Classic Single Sim Keypad Phone, Without Charger","https://www.flipkart.com/nokia-105-classic-single-sim-keypad-phone-without-charger/p/itmfdb404ec1d0f4?pid=MOBGWZUWPTFTQZAH&lid=LSTMOBGWZUWPTFTQZAHSIXCDR&marketplace=FLIPKART&q=mobiles&store=tyy%2F4io&srno=s_2_31&otracker=search&otracker1=search&fm=organic&iid=bde295c1-3516-46d8-aad6-f485eb4d02a8.MOBGWZUWPTFTQZAH.SEARCH&ppt=None&ppn=None&ssid=qtbkhi0ms00000001777620064117&qH=eb4af0bf07c16429&ov_redirect=true","₹1,042","https://www.flipkart.com/nokia-105-classic-single-sim-keypad-phone-without-charger/p/itmfdb404ec1d0f4?pid=MOBGWZUWPTFTQZAH&lid=LSTMOBGWZUWPTFTQZAHSIXCDR&marketplace=FLIPKART&q=mobiles&store=tyy%2F4io&srno=s_2_31&otracker=search&otracker1=search&fm=organic&iid=bde295c1-3516-46d8-aad6-f485eb4d02a8.MOBGWZUWPTFTQZAH.SEARCH&ppt=None&ppn=None&ssid=qtbkhi0ms00000001777620064117&qH=eb4af0bf07c16429&ov_redirect=true"
"MOTOROLA g35 5G (Leaf Green, 128 GB)","https://www.flipkart.com/motorola-g35-5g-leaf-green-128-gb/p/itmf1ec516a5574d?pid=MOBHFNAZBBBAJZAH&lid=LSTMOBHFNAZBBBAJZAHVMHBGN&marketplace=FLIPKART&q=mobiles&store=tyy%2F4io&srno=s_2_32&otracker=search&otracker1=search&fm=organic&iid=bde295c1-3516-46d8-aad6-f485eb4d02a8.MOBHFNAZBBBAJZAH.SEARCH&ppt=None&ppn=None&ssid=qtbkhi0ms00000001777620064117&qH=eb4af0bf07c16429&ov_redirect=true","₹15,499","https://www.flipkart.com/motorola-g35-5g-leaf-green-128-gb/p/itmf1ec516a5574d?pid=MOBHFNAZBBBAJZAH&lid=LSTMOBHFNAZBBBAJZAHVMHBGN&marketplace=FLIPKART&q=mobiles&store=tyy%2F4io&srno=s_2_32&otracker=search&otracker1=search&fm=organic&iid=bde295c1-3516-46d8-aad6-f485eb4d02a8.MOBHFNAZBBBAJZAH.SEARCH&ppt=None&ppn=None&ssid=qtbkhi0ms00000001777620064117&qH=eb4af0bf07c16429&ov_redirect=true"
"Samsung Galaxy F70e 5G (Spotlight Blue, 128 GB)","https://www.flipkart.com/samsung-galaxy-f70e-5g-spotlight-blue-128-gb/p/itm61c2a75f6c91f?pid=MOBHK55AG6VHCDYG&lid=LSTMOBHK55AG6VHCDYGEKFMDM&marketplace=FLIPKART&q=mobiles&store=tyy%2F4io&srno=s_2_33&otracker=search&otracker1=search&fm=organic&iid=bde295c1-3516-46d8-aad6-f485eb4d02a8.MOBHK55AG6VHCDYG.SEARCH&ppt=None&ppn=None&ssid=qtbkhi0ms00000001777620064117&qH=eb4af0bf07c16429&ov_redirect=true","₹16,499","https://www.flipkart.com/samsung-galaxy-f70e-5g-spotlight-blue-128-gb/p/itm61c2a75f6c91f?pid=MOBHK55AG6VHCDYG&lid=LSTMOBHK55AG6VHCDYGEKFMDM&marketplace=FLIPKART&q=mobiles&store=tyy%2F4io&srno=s_2_33&otracker=search&otracker1=search&fm=organic&iid=bde295c1-3516-46d8-aad6-f485eb4d02a8.MOBHK55AG6VHCDYG.SEARCH&ppt=None&ppn=None&ssid=qtbkhi0ms00000001777620064117&qH=eb4af0bf07c16429&ov_redirect=true"
"MOTOROLA G96 5G (Pantone Ashleigh Blue, 128 GB)","https://www.flipkart.com/motorola-g96-5g-pantone-ashleigh-blue-128-gb/p/itm93452c0761719?pid=MOBHB3SZ2ZUQQQ9U&lid=LSTMOBHB3SZ2ZUQQQ9U5BKC6D&marketplace=FLIPKART&q=mobiles&store=tyy%2F4io&srno=s_2_34&otracker=search&otracker1=search&fm=organic&iid=bde295c1-3516-46d8-aad6-f485eb4d02a8.MOBHB3SZ2ZUQQQ9U.SEARCH&ppt=None&ppn=None&ssid=qtbkhi0ms00000001777620064117&qH=eb4af0bf07c16429&ov_redirect=true","₹20,999","https://www.flipkart.com/motorola-g96-5g-pantone-ashleigh-blue-128-gb/p/itm93452c0761719?pid=MOBHB3SZ2ZUQQQ9U&lid=LSTMOBHB3SZ2ZUQQQ9U5BKC6D&marketplace=FLIPKART&q=mobiles&store=tyy%2F4io&srno=s_2_34&otracker=search&otracker1=search&fm=organic&iid=bde295c1-3516-46d8-aad6-f485eb4d02a8.MOBHB3SZ2ZUQQQ9U.SEARCH&ppt=None&ppn=None&ssid=qtbkhi0ms00000001777620064117&qH=eb4af0bf07c16429&ov_redirect=true"
"POCO C75 5G (Aqua Bliss, 64 GB)","https://www.flipkart.com/poco-c75-5g-aqua-bliss-64-gb/p/itm10b3f6f1bc616?pid=MOBH7443MMBCWPPG&lid=LSTMOBH7443MMBCWPPGVOR2LC&marketplace=FLIPKART&q=mobiles&store=tyy%2F4io&srno=s_2_35&otracker=search&otracker1=search&fm=organic&iid=bde295c1-3516-46d8-aad6-f485eb4d02a8.MOBH7443MMBCWPPG.SEARCH&ppt=None&ppn=None&ssid=qtbkhi0ms00000001777620064117&qH=eb4af0bf07c16429&ov_redirect=true","₹10,999","https://www.flipkart.com/poco-c75-5g-aqua-bliss-64-gb/p/itm10b3f6f1bc616?pid=MOBH7443MMBCWPPG&lid=LSTMOBH7443MMBCWPPGVOR2LC&marketplace=FLIPKART&q=mobiles&store=tyy%2F4io&srno=s_2_35&otracker=search&otracker1=search&fm=organic&iid=bde295c1-3516-46d8-aad6-f485eb4d02a8.MOBH7443MMBCWPPG.SEARCH&ppt=None&ppn=None&ssid=qtbkhi0ms00000001777620064117&qH=eb4af0bf07c16429&ov_redirect=true"
"Samsung Galaxy F06 5G (Bahama Blue, 128 GB)","https://www.flipkart.com/samsung-galaxy-f06-5g-bahama-blue-128-gb/p/itm58189fada62cb?pid=MOBH9AS47XHFRMJY&lid=LSTMOBH9AS47XHFRMJY9HQ7QS&marketplace=FLIPKART&q=mobiles&store=tyy%2F4io&srno=s_2_36&otracker=search&otracker1=search&fm=organic&iid=bde295c1-3516-46d8-aad6-f485eb4d02a8.MOBH9AS47XHFRMJY.SEARCH&ppt=None&ppn=None&ssid=qtbkhi0ms00000001777620064117&qH=eb4af0bf07c16429&ov_redirect=true","₹12,999","https://www.flipkart.com/samsung-galaxy-f06-5g-bahama-blue-128-gb/p/itm58189fada62cb?pid=MOBH9AS47XHFRMJY&lid=LSTMOBH9AS47XHFRMJY9HQ7QS&marketplace=FLIPKART&q=mobiles&store=tyy%2F4io&srno=s_2_36&otracker=search&otracker1=search&fm=organic&iid=bde295c1-3516-46d8-aad6-f485eb4d02a8.MOBH9AS47XHFRMJY.SEARCH&ppt=None&ppn=None&ssid=qtbkhi0ms00000001777620064117&qH=eb4af0bf07c16429&ov_redirect=true"
"Ai+ Pulse 2 (Blue, 64 GB)","https://www.flipkart.com/ai-pulse-2-blue-64-gb/p/itm9168504534079?pid=MOBHKHPYZFF8KUPC&lid=LSTMOBHKHPYZFF8KUPCXXI7UT&marketplace=FLIPKART&q=mobiles&store=tyy%2F4io&srno=s_2_37&otracker=search&otracker1=search&fm=organic&iid=bde295c1-3516-46d8-aad6-f485eb4d02a8.MOBHKHPYZFF8KUPC.SEARCH&ppt=None&ppn=None&ssid=qtbkhi0ms00000001777620064117&qH=eb4af0bf07c16429&ov_redirect=true","₹8,999","https://www.flipkart.com/ai-pulse-2-blue-64-gb/p/itm9168504534079?pid=MOBHKHPYZFF8KUPC&lid=LSTMOBHKHPYZFF8KUPCXXI7UT&marketplace=FLIPKART&q=mobiles&store=tyy%2F4io&srno=s_2_37&otracker=search&otracker1=search&fm=organic&iid=bde295c1-3516-46d8-aad6-f485eb4d02a8.MOBHKHPYZFF8KUPC.SEARCH&ppt=None&ppn=None&ssid=qtbkhi0ms00000001777620064117&qH=eb4af0bf07c16429&ov_redirect=true"
"POCO C75 5G (Enchanted Green, 128 GB)","https://www.flipkart.com/poco-c75-5g-enchanted-green-128-gb/p/itm39bf2169e7f3e?pid=MOBHBC3WQFWJX29G&lid=LSTMOBHBC3WQFWJX29GXEY98P&marketplace=FLIPKART&q=mobiles&store=tyy%2F4io&srno=s_2_38&otracker=search&otracker1=search&fm=organic&iid=bde295c1-3516-46d8-aad6-f485eb4d02a8.MOBHBC3WQFWJX29G.SEARCH&ppt=None&ppn=None&ssid=qtbkhi0ms00000001777620064117&qH=eb4af0bf07c16429&ov_redirect=true","₹11,499","https://www.flipkart.com/poco-c75-5g-enchanted-green-128-gb/p/itm39bf2169e7f3e?pid=MOBHBC3WQFWJX29G&lid=LSTMOBHBC3WQFWJX29GXEY98P&marketplace=FLIPKART&q=mobiles&store=tyy%2F4io&srno=s_2_38&otracker=search&otracker1=search&fm=organic&iid=bde295c1-3516-46d8-aad6-f485eb4d02a8.MOBHBC3WQFWJX29G.SEARCH&ppt=None&ppn=None&ssid=qtbkhi0ms00000001777620064117&qH=eb4af0bf07c16429&ov_redirect=true"
"realme P4 Lite (Sea Blue, 128 GB)","https://www.flipkart.com/realme-p4-lite-sea-blue-128-gb/p/itm534024e2339ef?pid=MOBHK685ZBEG6Y5H&lid=LSTMOBHK685ZBEG6Y5HLV0LRO&marketplace=FLIPKART&q=mobiles&store=tyy%2F4io&srno=s_2_39&otracker=search&otracker1=search&fm=organic&iid=bde295c1-3516-46d8-aad6-f485eb4d02a8.MOBHK685ZBEG6Y5H.SEARCH&ppt=None&ppn=None&ssid=qtbkhi0ms00000001777620064117&qH=eb4af0bf07c16429&ov_redirect=true","₹11,999","https://www.flipkart.com/realme-p4-lite-sea-blue-128-gb/p/itm534024e2339ef?pid=MOBHK685ZBEG6Y5H&lid=LSTMOBHK685ZBEG6Y5HLV0LRO&marketplace=FLIPKART&q=mobiles&store=tyy%2F4io&srno=s_2_39&otracker=search&otracker1=search&fm=organic&iid=bde295c1-3516-46d8-aad6-f485eb4d02a8.MOBHK685ZBEG6Y5H.SEARCH&ppt=None&ppn=None&ssid=qtbkhi0ms00000001777620064117&qH=eb4af0bf07c16429&ov_redirect=true"
"REDMI Note 15 SE 5G (Crimson Reserve, 256 GB)","https://www.flipkart.com/redmi-note-15-se-5g-crimson-reserve-256-gb/p/itm0a3d77a2bc839?pid=MOBHHAFAWGRRGRMU&lid=LSTMOBHHAFAWGRRGRMUPD6TZD&marketplace=FLIPKART&q=mobiles&store=tyy%2F4io&srno=s_2_40&otracker=search&otracker1=search&fm=organic&iid=bde295c1-3516-46d8-aad6-f485eb4d02a8.MOBHHAFAWGRRGRMU.SEARCH&ppt=None&ppn=None&ssid=qtbkhi0ms00000001777620064117&qH=eb4af0bf07c16429&ov_redirect=true","₹23,999","https://www.flipkart.com/redmi-note-15-se-5g-crimson-reserve-256-gb/p/itm0a3d77a2bc839?pid=MOBHHAFAWGRRGRMU&lid=LSTMOBHHAFAWGRRGRMUPD6TZD&marketplace=FLIPKART&q=mobiles&store=tyy%2F4io&srno=s_2_40&otracker=search&otracker1=search&fm=organic&iid=bde295c1-3516-46d8-aad6-f485eb4d02a8.MOBHHAFAWGRRGRMU.SEARCH&ppt=None&ppn=None&ssid=qtbkhi0ms00000001777620064117&qH=eb4af0bf07c16429&ov_redirect=true"
"Samsung Galaxy F06 5G (Lit Violet, 128 GB)","https://www.flipkart.com/samsung-galaxy-f06-5g-lit-violet-128-gb/p/itm10bd1668b9bf2?pid=MOBH9AS4PUVXZ3RH&lid=LSTMOBH9AS4PUVXZ3RHQVQG4J&marketplace=FLIPKART&q=mobiles&store=tyy%2F4io&srno=s_2_41&otracker=search&otracker1=search&fm=organic&iid=bde295c1-3516-46d8-aad6-f485eb4d02a8.MOBH9AS4PUVXZ3RH.SEARCH&ppt=None&ppn=None&ssid=qtbkhi0ms00000001777620064117&qH=eb4af0bf07c16429&ov_redirect=true","₹14,999","https://www.flipkart.com/samsung-galaxy-f06-5g-lit-violet-128-gb/p/itm10bd1668b9bf2?pid=MOBH9AS4PUVXZ3RH&lid=LSTMOBH9AS4PUVXZ3RHQVQG4J&marketplace=FLIPKART&q=mobiles&store=tyy%2F4io&srno=s_2_41&otracker=search&otracker1=search&fm=organic&iid=bde295c1-3516-46d8-aad6-f485eb4d02a8.MOBH9AS4PUVXZ3RH.SEARCH&ppt=None&ppn=None&ssid=qtbkhi0ms00000001777620064117&qH=eb4af0bf07c16429&ov_redirect=true"
"itel it5330 | 2.8 inch Big Display | 1900 mAh Battery | Kingvoice","https://www.flipkart.com/itel-it5330-2-8-inch-big-display-1900-mah-battery-kingvoice/p/itmfb08600c266c4?pid=MOBGW5HBMFG5NJYH&lid=LSTMOBGW5HBMFG5NJYHPAL1JK&marketplace=FLIPKART&q=mobiles&store=tyy%2F4io&srno=s_2_42&otracker=search&otracker1=search&fm=organic&iid=bde295c1-3516-46d8-aad6-f485eb4d02a8.MOBGW5HBMFG5NJYH.SEARCH&ppt=None&ppn=None&ssid=qtbkhi0ms00000001777620064117&qH=eb4af0bf07c16429&ov_redirect=true","₹1,579","https://www.flipkart.com/itel-it5330-2-8-inch-big-display-1900-mah-battery-kingvoice/p/itmfb08600c266c4?pid=MOBGW5HBMFG5NJYH&lid=LSTMOBGW5HBMFG5NJYHPAL1JK&marketplace=FLIPKART&q=mobiles&store=tyy%2F4io&srno=s_2_42&otracker=search&otracker1=search&fm=organic&iid=bde295c1-3516-46d8-aad6-f485eb4d02a8.MOBGW5HBMFG5NJYH.SEARCH&ppt=None&ppn=None&ssid=qtbkhi0ms00000001777620064117&qH=eb4af0bf07c16429&ov_redirect=true"
"Samsung Galaxy A07 LTE (Light Violet, 64 GB)","https://www.flipkart.com/samsung-galaxy-a07-lte-light-violet-64-gb/p/itmf5c04712debfa?pid=MOBHG82ZTP4VBHYP&lid=LSTMOBHG82ZTP4VBHYPD2DZRZ&marketplace=FLIPKART&q=mobiles&store=tyy%2F4io&srno=s_2_43&otracker=search&otracker1=search&fm=organic&iid=bde295c1-3516-46d8-aad6-f485eb4d02a8.MOBHG82ZTP4VBHYP.SEARCH&ppt=None&ppn=None&ssid=qtbkhi0ms00000001777620064117&qH=eb4af0bf07c16429&ov_redirect=true","₹9,960","https://www.flipkart.com/samsung-galaxy-a07-lte-light-violet-64-gb/p/itmf5c04712debfa?pid=MOBHG82ZTP4VBHYP&lid=LSTMOBHG82ZTP4VBHYPD2DZRZ&marketplace=FLIPKART&q=mobiles&store=tyy%2F4io&srno=s_2_43&otracker=search&otracker1=search&fm=organic&iid=bde295c1-3516-46d8-aad6-f485eb4d02a8.MOBHG82ZTP4VBHYP.SEARCH&ppt=None&ppn=None&ssid=qtbkhi0ms00000001777620064117&qH=eb4af0bf07c16429&ov_redirect=true"
"MOTOROLA g67 power 5G (Pantone Cilantro, 128 GB)","https://www.flipkart.com/motorola-g67-power-5g-pantone-cilantro-128-gb/p/itm2830c407450f8?pid=MOBHFSCEWFXTERWP&lid=LSTMOBHFSCEWFXTERWPZ44O8K&marketplace=FLIPKART&q=mobiles&store=tyy%2F4io&srno=s_2_44&otracker=search&otracker1=search&fm=organic&iid=bde295c1-3516-46d8-aad6-f485eb4d02a8.MOBHFSCEWFXTERWP.SEARCH&ppt=None&ppn=None&ssid=qtbkhi0ms00000001777620064117&qH=eb4af0bf07c16429&ov_redirect=true","₹18,999","https://www.flipkart.com/motorola-g67-power-5g-pantone-cilantro-128-gb/p/itm2830c407450f8?pid=MOBHFSCEWFXTERWP&lid=LSTMOBHFSCEWFXTERWPZ44O8K&marketplace=FLIPKART&q=mobiles&store=tyy%2F4io&srno=s_2_44&otracker=search&otracker1=search&fm=organic&iid=bde295c1-3516-46d8-aad6-f485eb4d02a8.MOBHFSCEWFXTERWP.SEARCH&ppt=None&ppn=None&ssid=qtbkhi0ms00000001777620064117&qH=eb4af0bf07c16429&ov_redirect=true"
"realme P4x 5G (Matte Silver, 256 GB)","https://www.flipkart.com/realme-p4x-5g-matte-silver-256-gb/p/itm575b1540859e4?pid=MOBHHTPHKGSMJA3J&lid=LSTMOBHHTPHKGSMJA3JRPE7AF&marketplace=FLIPKART&q=mobiles&store=tyy%2F4io&srno=s_2_45&otracker=search&otracker1=search&fm=organic&iid=bde295c1-3516-46d8-aad6-f485eb4d02a8.MOBHHTPHKGSMJA3J.SEARCH&ppt=None&ppn=None&ssid=qtbkhi0ms00000001777620064117&qH=eb4af0bf07c16429&ov_redirect=true","₹20,999","https://www.flipkart.com/realme-p4x-5g-matte-silver-256-gb/p/itm575b1540859e4?pid=MOBHHTPHKGSMJA3J&lid=LSTMOBHHTPHKGSMJA3JRPE7AF&marketplace=FLIPKART&q=mobiles&store=tyy%2F4io&srno=s_2_45&otracker=search&otracker1=search&fm=organic&iid=bde295c1-3516-46d8-aad6-f485eb4d02a8.MOBHHTPHKGSMJA3J.SEARCH&ppt=None&ppn=None&ssid=qtbkhi0ms00000001777620064117&qH=eb4af0bf07c16429&ov_redirect=true"
"Samsung Galaxy F70e 5G (Limelight Green, 128 GB)","https://www.flipkart.com/samsung-galaxy-f70e-5g-limelight-green-128-gb/p/itm9b75b980e9dae?pid=MOBHK55ADSJPFVBS&lid=LSTMOBHK55ADSJPFVBSJF8HJH&marketplace=FLIPKART&q=mobiles&store=tyy%2F4io&srno=s_2_46&otracker=search&otracker1=search&fm=organic&iid=bde295c1-3516-46d8-aad6-f485eb4d02a8.MOBHK55ADSJPFVBS.SEARCH&ppt=None&ppn=None&ssid=qtbkhi0ms00000001777620064117&qH=eb4af0bf07c16429&ov_redirect=true","₹16,499","https://www.flipkart.com/samsung-galaxy-f70e-5g-limelight-green-128-gb/p/itm9b75b980e9dae?pid=MOBHK55ADSJPFVBS&lid=LSTMOBHK55ADSJPFVBSJF8HJH&marketplace=FLIPKART&q=mobiles&store=tyy%2F4io&srno=s_2_46&otracker=search&otracker1=search&fm=organic&iid=bde295c1-3516-46d8-aad6-f485eb4d02a8.MOBHK55ADSJPFVBS.SEARCH&ppt=None&ppn=None&ssid=qtbkhi0ms00000001777620064117&qH=eb4af0bf07c16429&ov_redirect=true"
"POCO C85x (Elite Black, 128 GB)","https://www.flipkart.com/poco-c85x-elite-black-128-gb/p/itm7e422d0bdc317?pid=MOBHHFC85FVQZUSC&lid=LSTMOBHHFC85FVQZUSCCVRGGM&marketplace=FLIPKART&q=mobiles&store=tyy%2F4io&srno=s_2_47&otracker=search&otracker1=search&fm=organic&iid=bde295c1-3516-46d8-aad6-f485eb4d02a8.MOBHHFC85FVQZUSC.SEARCH&ppt=None&ppn=None&ssid=qtbkhi0ms00000001777620064117&qH=eb4af0bf07c16429&ov_redirect=true","₹12,499","https://www.flipkart.com/poco-c85x-elite-black-128-gb/p/itm7e422d0bdc317?pid=MOBHHFC85FVQZUSC&lid=LSTMOBHHFC85FVQZUSCCVRGGM&marketplace=FLIPKART&q=mobiles&store=tyy%2F4io&srno=s_2_47&otracker=search&otracker1=search&fm=organic&iid=bde295c1-3516-46d8-aad6-f485eb4d02a8.MOBHHFC85FVQZUSC.SEARCH&ppt=None&ppn=None&ssid=qtbkhi0ms00000001777620064117&qH=eb4af0bf07c16429&ov_redirect=true"
"REDMI A4 (Sparkle Purple, 128 GB)","https://www.flipkart.com/redmi-a4-sparkle-purple-128-gb/p/itm8e25b4acc1f5a?pid=MOBH6YHDGD57AVHX&lid=LSTMOBH6YHDGD57AVHXEUADKJ&marketplace=FLIPKART&q=mobiles&store=tyy%2F4io&srno=s_2_48&otracker=search&otracker1=search&fm=organic&iid=bde295c1-3516-46d8-aad6-f485eb4d02a8.MOBH6YHDGD57AVHX.SEARCH&ppt=None&ppn=None&ssid=qtbkhi0ms00000001777620064117&qH=eb4af0bf07c16429&ov_redirect=true","₹13,989","https://www.flipkart.com/redmi-a4-sparkle-purple-128-gb/p/itm8e25b4acc1f5a?pid=MOBH6YHDGD57AVHX&lid=LSTMOBH6YHDGD57AVHXEUADKJ&marketplace=FLIPKART&q=mobiles&store=tyy%2F4io&srno=s_2_48&otracker=search&otracker1=search&fm=organic&iid=bde295c1-3516-46d8-aad6-f485eb4d02a8.MOBH6YHDGD57AVHX.SEARCH&ppt=None&ppn=None&ssid=qtbkhi0ms00000001777620064117&qH=eb4af0bf07c16429&ov_redirect=true"
"POCO C85x (Emerald Green, 64 GB)","https://www.flipkart.com/poco-c85x-emerald-green-64-gb/p/itm96bce2b7909b7?pid=MOBHHFC8S2U92G5M&lid=LSTMOBHHFC8S2U92G5MHPVL8Y&marketplace=FLIPKART&q=mobiles&store=tyy%2F4io&srno=s_1_1&otracker=search&otracker1=search&fm=organic&iid=b0c81b4d-b793-4193-b499-032e4ae94eb2.MOBHHFC8S2U92G5M.SEARCH&ppt=None&ppn=None&ssid=i6gmw4rrq80000001777620076043&qH=eb4af0bf07c16429&ov_redirect=true","₹11,499","https://www.flipkart.com/poco-c85x-emerald-green-64-gb/p/itm96bce2b7909b7?pid=MOBHHFC8S2U92G5M&lid=LSTMOBHHFC8S2U92G5MHPVL8Y&marketplace=FLIPKART&q=mobiles&store=tyy%2F4io&srno=s_1_1&otracker=search&otracker1=search&fm=organic&iid=b0c81b4d-b793-4193-b499-032e4ae94eb2.MOBHHFC8S2U92G5M.SEARCH&ppt=None&ppn=None&ssid=i6gmw4rrq80000001777620076043&qH=eb4af0bf07c16429&ov_redirect=true"
"MOTOROLA g67 power 5G (Pantone Parachute, 128 GB)","https://www.flipkart.com/motorola-g67-power-5g-pantone-parachute-128-gb/p/itm983b978f3066a?pid=MOBHFSCEBA7G3HXN&lid=LSTMOBHFSCEBA7G3HXNM6IXLV&marketplace=FLIPKART&q=mobiles&store=tyy%2F4io&srno=s_1_2&otracker=search&otracker1=search&fm=organic&iid=b0c81b4d-b793-4193-b499-032e4ae94eb2.MOBHFSCEBA7G3HXN.SEARCH&ppt=None&ppn=None&ssid=i6gmw4rrq80000001777620076043&qH=eb4af0bf07c16429&ov_redirect=true","₹18,999","https://www.flipkart.com/motorola-g67-power-5g-pantone-parachute-128-gb/p/itm983b978f3066a?pid=MOBHFSCEBA7G3HXN&lid=LSTMOBHFSCEBA7G3HXNM6IXLV&marketplace=FLIPKART&q=mobiles&store=tyy%2F4io&srno=s_1_2&otracker=search&otracker1=search&fm=organic&iid=b0c81b4d-b793-4193-b499-032e4ae94eb2.MOBHFSCEBA7G3HXN.SEARCH&ppt=None&ppn=None&ssid=i6gmw4rrq80000001777620076043&qH=eb4af0bf07c16429&ov_redirect=true"
"REDMI A5 (Jaisalmer Gold, 64 GB)","https://www.flipkart.com/redmi-a5-jaisalmer-gold-64-gb/p/itm2b4357effaa74?pid=MOBHB2HGH5DCFNWZ&lid=LSTMOBHB2HGH5DCFNWZHAP4LG&marketplace=FLIPKART&q=mobiles&store=tyy%2F4io&srno=s_1_3&otracker=search&otracker1=search&fm=organic&iid=b0c81b4d-b793-4193-b499-032e4ae94eb2.MOBHB2HGH5DCFNWZ.SEARCH&ppt=None&ppn=None&ssid=i6gmw4rrq80000001777620076043&qH=eb4af0bf07c16429&ov_redirect=true","₹8,999","https://www.flipkart.com/redmi-a5-jaisalmer-gold-64-gb/p/itm2b4357effaa74?pid=MOBHB2HGH5DCFNWZ&lid=LSTMOBHB2HGH5DCFNWZHAP4LG&marketplace=FLIPKART&q=mobiles&store=tyy%2F4io&srno=s_1_3&otracker=search&otracker1=search&fm=organic&iid=b0c81b4d-b793-4193-b499-032e4ae94eb2.MOBHB2HGH5DCFNWZ.SEARCH&ppt=None&ppn=None&ssid=i6gmw4rrq80000001777620076043&qH=eb4af0bf07c16429&ov_redirect=true"
"POCO C85x (Elite Black, 64 GB)","https://www.flipkart.com/poco-c85x-elite-black-64-gb/p/itm0f0a9684d1e33?pid=MOBHHFC8JKRZRGFG&lid=LSTMOBHHFC8JKRZRGFGMCA1D4&marketplace=FLIPKART&q=mobiles&store=tyy%2F4io&srno=s_1_4&otracker=search&otracker1=search&fm=organic&iid=b0c81b4d-b793-4193-b499-032e4ae94eb2.MOBHHFC8JKRZRGFG.SEARCH&ppt=None&ppn=None&ssid=i6gmw4rrq80000001777620076043&qH=eb4af0bf07c16429&ov_redirect=true","₹11,499","https://www.flipkart.com/poco-c85x-elite-black-64-gb/p/itm0f0a9684d1e33?pid=MOBHHFC8JKRZRGFG&lid=LSTMOBHHFC8JKRZRGFGMCA1D4&marketplace=FLIPKART&q=mobiles&store=tyy%2F4io&srno=s_1_4&otracker=search&otracker1=search&fm=organic&iid=b0c81b4d-b793-4193-b499-032e4ae94eb2.MOBHHFC8JKRZRGFG.SEARCH&ppt=None&ppn=None&ssid=i6gmw4rrq80000001777620076043&qH=eb4af0bf07c16429&ov_redirect=true"
"POCO C85x (Emerald Green, 128 GB)","https://www.flipkart.com/poco-c85x-emerald-green-128-gb/p/itm2ed0d15dfc872?pid=MOBHHFC82ZZHCZDX&lid=LSTMOBHHFC82ZZHCZDXWXSVTZ&marketplace=FLIPKART&q=mobiles&store=tyy%2F4io&srno=s_1_5&otracker=search&otracker1=search&fm=organic&iid=b0c81b4d-b793-4193-b499-032e4ae94eb2.MOBHHFC82ZZHCZDX.SEARCH&ppt=None&ppn=None&ssid=i6gmw4rrq80000001777620076043&qH=eb4af0bf07c16429&ov_redirect=true","₹12,499","https://www.flipkart.com/poco-c85x-emerald-green-128-gb/p/itm2ed0d15dfc872?pid=MOBHHFC82ZZHCZDX&lid=LSTMOBHHFC82ZZHCZDXWXSVTZ&marketplace=FLIPKART&q=mobiles&store=tyy%2F4io&srno=s_1_5&otracker=search&otracker1=search&fm=organic&iid=b0c81b4d-b793-4193-b499-032e4ae94eb2.MOBHHFC82ZZHCZDX.SEARCH&ppt=None&ppn=None&ssid=i6gmw4rrq80000001777620076043&qH=eb4af0bf07c16429&ov_redirect=true"
"realme P4 Lite 5G (Mosaic Green, 64 GB)","https://www.flipkart.com/realme-p4-lite-5g-mosaic-green-64-gb/p/itm90c243961f214?pid=MOBHHFBUUUQNXRGX&lid=LSTMOBHHFBUUUQNXRGXKR3NYG&marketplace=FLIPKART&q=mobiles&store=tyy%2F4io&srno=s_1_6&otracker=search&otracker1=search&fm=organic&iid=b0c81b4d-b793-4193-b499-032e4ae94eb2.MOBHHFBUUUQNXRGX.SEARCH&ppt=None&ppn=None&ssid=i6gmw4rrq80000001777620076043&qH=eb4af0bf07c16429&ov_redirect=true","₹13,499","https://www.flipkart.com/realme-p4-lite-5g-mosaic-green-64-gb/p/itm90c243961f214?pid=MOBHHFBUUUQNXRGX&lid=LSTMOBHHFBUUUQNXRGXKR3NYG&marketplace=FLIPKART&q=mobiles&store=tyy%2F4io&srno=s_1_6&otracker=search&otracker1=search&fm=organic&iid=b0c81b4d-b793-4193-b499-032e4ae94eb2.MOBHHFBUUUQNXRGX.SEARCH&ppt=None&ppn=None&ssid=i6gmw4rrq80000001777620076043&qH=eb4af0bf07c16429&ov_redirect=true"
"REDMI Note 15 SE 5G (Crimson Reserve, 128 GB)","https://www.flipkart.com/redmi-note-15-se-5g-crimson-reserve-128-gb/p/itm4981d1c5313df?pid=MOBHHAFATAJXVPAK&lid=LSTMOBHHAFATAJXVPAKPZM5GZ&marketplace=FLIPKART&q=mobiles&store=tyy%2F4io&srno=s_1_7&otracker=search&otracker1=search&fm=organic&iid=b0c81b4d-b793-4193-b499-032e4ae94eb2.MOBHHAFATAJXVPAK.SEARCH&ppt=None&ppn=None&ssid=i6gmw4rrq80000001777620076043&qH=eb4af0bf07c16429&ov_redirect=true","₹19,999","https://www.flipkart.com/redmi-note-15-se-5g-crimson-reserve-128-gb/p/itm4981d1c5313df?pid=MOBHHAFATAJXVPAK&lid=LSTMOBHHAFATAJXVPAKPZM5GZ&marketplace=FLIPKART&q=mobiles&store=tyy%2F4io&srno=s_1_7&otracker=search&otracker1=search&fm=organic&iid=b0c81b4d-b793-4193-b499-032e4ae94eb2.MOBHHAFATAJXVPAK.SEARCH&ppt=None&ppn=None&ssid=i6gmw4rrq80000001777620076043&qH=eb4af0bf07c16429&ov_redirect=true"
"ringme R1+ JUMBO","https://www.flipkart.com/ringme-r1-jumbo/p/itmb064fd38b134e?pid=MOBH6AGBJFRYFDDU&lid=LSTMOBH6AGBJFRYFDDUNIW9ZJ&marketplace=FLIPKART&q=mobiles&store=tyy%2F4io&srno=s_1_8&otracker=search&otracker1=search&fm=organic&iid=b0c81b4d-b793-4193-b499-032e4ae94eb2.MOBH6AGBJFRYFDDU.SEARCH&ppt=None&ppn=None&ssid=i6gmw4rrq80000001777620076043&qH=eb4af0bf07c16429&ov_redirect=true","₹1,599","https://www.flipkart.com/ringme-r1-jumbo/p/itmb064fd38b134e?pid=MOBH6AGBJFRYFDDU&lid=LSTMOBH6AGBJFRYFDDUNIW9ZJ&marketplace=FLIPKART&q=mobiles&store=tyy%2F4io&srno=s_1_8&otracker=search&otracker1=search&fm=organic&iid=b0c81b4d-b793-4193-b499-032e4ae94eb2.MOBH6AGBJFRYFDDU.SEARCH&ppt=None&ppn=None&ssid=i6gmw4rrq80000001777620076043&qH=eb4af0bf07c16429&ov_redirect=true"
"POCO C85x (Sunset Gold, 64 GB)","https://www.flipkart.com/poco-c85x-sunset-gold-64-gb/p/itm6b8cdd362c306?pid=MOBHHFC8MQWQ6ZUH&lid=LSTMOBHHFC8MQWQ6ZUHH1EJLM&marketplace=FLIPKART&q=mobiles&store=tyy%2F4io&srno=s_1_9&otracker=search&otracker1=search&fm=organic&iid=b0c81b4d-b793-4193-b499-032e4ae94eb2.MOBHHFC8MQWQ6ZUH.SEARCH&ppt=None&ppn=None&ssid=i6gmw4rrq80000001777620076043&qH=eb4af0bf07c16429&ov_redirect=true","₹11,499","https://www.flipkart.com/poco-c85x-sunset-gold-64-gb/p/itm6b8cdd362c306?pid=MOBHHFC8MQWQ6ZUH&lid=LSTMOBHHFC8MQWQ6ZUHH1EJLM&marketplace=FLIPKART&q=mobiles&store=tyy%2F4io&srno=s_1_9&otracker=search&otracker1=search&fm=organic&iid=b0c81b4d-b793-4193-b499-032e4ae94eb2.MOBHHFC8MQWQ6ZUH.SEARCH&ppt=None&ppn=None&ssid=i6gmw4rrq80000001777620076043&qH=eb4af0bf07c16429&ov_redirect=true"
"Ai+ Pulse 1 (Black, 64 GB)","https://www.flipkart.com/ai-pulse-1-black-64-gb/p/itmbb72114516031?pid=MOBHDDQXWA6PBGZJ&lid=LSTMOBHDDQXWA6PBGZJXM5IAG&marketplace=FLIPKART&q=mobiles&store=tyy%2F4io&srno=s_1_10&otracker=search&otracker1=search&fm=organic&iid=b0c81b4d-b793-4193-b499-032e4ae94eb2.MOBHDDQXWA6PBGZJ.SEARCH&ppt=None&ppn=None&ssid=i6gmw4rrq80000001777620076043&qH=eb4af0bf07c16429&ov_redirect=true","₹7,999","https://www.flipkart.com/ai-pulse-1-black-64-gb/p/itmbb72114516031?pid=MOBHDDQXWA6PBGZJ&lid=LSTMOBHDDQXWA6PBGZJXM5IAG&marketplace=FLIPKART&q=mobiles&store=tyy%2F4io&srno=s_1_10&otracker=search&otracker1=search&fm=organic&iid=b0c81b4d-b793-4193-b499-032e4ae94eb2.MOBHDDQXWA6PBGZJ.SEARCH&ppt=None&ppn=None&ssid=i6gmw4rrq80000001777620076043&qH=eb4af0bf07c16429&ov_redirect=true"
"Ai+ Pulse 1 (Green, 64 GB)","https://www.flipkart.com/ai-pulse-1-green-64-gb/p/itm90e25907f6424?pid=MOBHDDQXFEAF3HZF&lid=LSTMOBHDDQXFEAF3HZFTNQHKW&marketplace=FLIPKART&q=mobiles&store=tyy%2F4io&srno=s_1_11&otracker=search&otracker1=search&fm=organic&iid=b0c81b4d-b793-4193-b499-032e4ae94eb2.MOBHDDQXFEAF3HZF.SEARCH&ppt=None&ppn=None&ssid=i6gmw4rrq80000001777620076043&qH=eb4af0bf07c16429&ov_redirect=true","₹7,999","https://www.flipkart.com/ai-pulse-1-green-64-gb/p/itm90e25907f6424?pid=MOBHDDQXFEAF3HZF&lid=LSTMOBHDDQXFEAF3HZFTNQHKW&marketplace=FLIPKART&q=mobiles&store=tyy%2F4io&srno=s_1_11&otracker=search&otracker1=search&fm=organic&iid=b0c81b4d-b793-4193-b499-032e4ae94eb2.MOBHDDQXFEAF3HZF.SEARCH&ppt=None&ppn=None&ssid=i6gmw4rrq80000001777620076043&qH=eb4af0bf07c16429&ov_redirect=true"
"Ai+ Pulse 2 (Purple, 64 GB)","https://www.flipkart.com/ai-pulse-2-purple-64-gb/p/itmdc910ae2ff0c1?pid=MOBHKHPYQHGDVRTG&lid=LSTMOBHKHPYQHGDVRTGHKLHJJ&marketplace=FLIPKART&q=mobiles&store=tyy%2F4io&srno=s_1_12&otracker=search&otracker1=search&fm=organic&iid=b0c81b4d-b793-4193-b499-032e4ae94eb2.MOBHKHPYQHGDVRTG.SEARCH&ppt=None&ppn=None&ssid=i6gmw4rrq80000001777620076043&qH=eb4af0bf07c16429&ov_redirect=true","₹8,999","https://www.flipkart.com/ai-pulse-2-purple-64-gb/p/itmdc910ae2ff0c1?pid=MOBHKHPYQHGDVRTG&lid=LSTMOBHKHPYQHGDVRTGHKLHJJ&marketplace=FLIPKART&q=mobiles&store=tyy%2F4io&srno=s_1_12&otracker=search&otracker1=search&fm=organic&iid=b0c81b4d-b793-4193-b499-032e4ae94eb2.MOBHKHPYQHGDVRTG.SEARCH&ppt=None&ppn=None&ssid=i6gmw4rrq80000001777620076043&qH=eb4af0bf07c16429&ov_redirect=true"
"MOTOROLA g06 power (Pantone tapestry, 64 GB)","https://www.flipkart.com/motorola-g06-power-pantone-tapestry-64-gb/p/itmf590d83ca72c5?pid=MOBHFSCEW8DQVKDZ&lid=LSTMOBHFSCEW8DQVKDZ2CWXCB&marketplace=FLIPKART&q=mobiles&store=tyy%2F4io&srno=s_1_13&otracker=search&otracker1=search&fm=organic&iid=b0c81b4d-b793-4193-b499-032e4ae94eb2.MOBHFSCEW8DQVKDZ.SEARCH&ppt=None&ppn=None&ssid=i6gmw4rrq80000001777620076043&qH=eb4af0bf07c16429&ov_redirect=true","₹9,999","https://www.flipkart.com/motorola-g06-power-pantone-tapestry-64-gb/p/itmf590d83ca72c5?pid=MOBHFSCEW8DQVKDZ&lid=LSTMOBHFSCEW8DQVKDZ2CWXCB&marketplace=FLIPKART&q=mobiles&store=tyy%2F4io&srno=s_1_13&otracker=search&otracker1=search&fm=organic&iid=b0c81b4d-b793-4193-b499-032e4ae94eb2.MOBHFSCEW8DQVKDZ.SEARCH&ppt=None&ppn=None&ssid=i6gmw4rrq80000001777620076043&qH=eb4af0bf07c16429&ov_redirect=true"
"realme P4 Lite (Beach Gold, 128 GB)","https://www.flipkart.com/realme-p4-lite-beach-gold-128-gb/p/itm534024e2339ef?pid=MOBHK685K37ZCSPU&lid=LSTMOBHK685K37ZCSPUTZ3SXB&marketplace=FLIPKART&q=mobiles&store=tyy%2F4io&srno=s_1_14&otracker=search&otracker1=search&fm=organic&iid=b0c81b4d-b793-4193-b499-032e4ae94eb2.MOBHK685K37ZCSPU.SEARCH&ppt=None&ppn=None&ssid=i6gmw4rrq80000001777620076043&qH=eb4af0bf07c16429&ov_redirect=true","₹11,999","https://www.flipkart.com/realme-p4-lite-beach-gold-128-gb/p/itm534024e2339ef?pid=MOBHK685K37ZCSPU&lid=LSTMOBHK685K37ZCSPUTZ3SXB&marketplace=FLIPKART&q=mobiles&store=tyy%2F4io&srno=s_1_14&otracker=search&otracker1=search&fm=organic&iid=b0c81b4d-b793-4193-b499-032e4ae94eb2.MOBHK685K37ZCSPU.SEARCH&ppt=None&ppn=None&ssid=i6gmw4rrq80000001777620076043&qH=eb4af0bf07c16429&ov_redirect=true"
"Ai+ Pulse 1 (Blue, 64 GB)","https://www.flipkart.com/ai-pulse-1-blue-64-gb/p/itm039eaa37b8fdb?pid=MOBHDDQXW4ZVQFFX&lid=LSTMOBHDDQXW4ZVQFFXZCFXAD&marketplace=FLIPKART&q=mobiles&store=tyy%2F4io&srno=s_1_16&otracker=search&otracker1=search&fm=organic&iid=b0c81b4d-b793-4193-b499-032e4ae94eb2.MOBHDDQXW4ZVQFFX.SEARCH&ppt=None&ppn=None&ssid=i6gmw4rrq80000001777620076043&qH=eb4af0bf07c16429&ov_redirect=true","₹7,999","https://www.flipkart.com/ai-pulse-1-blue-64-gb/p/itm039eaa37b8fdb?pid=MOBHDDQXW4ZVQFFX&lid=LSTMOBHDDQXW4ZVQFFXZCFXAD&marketplace=FLIPKART&q=mobiles&store=tyy%2F4io&srno=s_1_16&otracker=search&otracker1=search&fm=organic&iid=b0c81b4d-b793-4193-b499-032e4ae94eb2.MOBHDDQXW4ZVQFFX.SEARCH&ppt=None&ppn=None&ssid=i6gmw4rrq80000001777620076043&qH=eb4af0bf07c16429&ov_redirect=true"
"Jmax MINI","https://www.flipkart.com/jmax-mini/p/itm0069c81679445?pid=MOBHATZHZYXYRSZ8&lid=LSTMOBHATZHZYXYRSZ8SEHL7O&marketplace=FLIPKART&q=mobiles&store=tyy%2F4io&srno=s_1_17&otracker=search&otracker1=search&fm=organic&iid=b0c81b4d-b793-4193-b499-032e4ae94eb2.MOBHATZHZYXYRSZ8.SEARCH&ppt=None&ppn=None&ssid=i6gmw4rrq80000001777620076043&qH=eb4af0bf07c16429&ov_redirect=true","₹777","https://www.flipkart.com/jmax-mini/p/itm0069c81679445?pid=MOBHATZHZYXYRSZ8&lid=LSTMOBHATZHZYXYRSZ8SEHL7O&marketplace=FLIPKART&q=mobiles&store=tyy%2F4io&srno=s_1_17&otracker=search&otracker1=search&fm=organic&iid=b0c81b4d-b793-4193-b499-032e4ae94eb2.MOBHATZHZYXYRSZ8.SEARCH&ppt=None&ppn=None&ssid=i6gmw4rrq80000001777620076043&qH=eb4af0bf07c16429&ov_redirect=true"
"Ai+ Pulse 1 (Purple, 64 GB)","https://www.flipkart.com/ai-pulse-1-purple-64-gb/p/itm70360c9dd322b?pid=MOBHDDQXZAC7RVHF&lid=LSTMOBHDDQXZAC7RVHFZOAP8Z&marketplace=FLIPKART&q=mobiles&store=tyy%2F4io&srno=s_1_19&otracker=search&otracker1=search&fm=organic&iid=b0c81b4d-b793-4193-b499-032e4ae94eb2.MOBHDDQXZAC7RVHF.SEARCH&ppt=None&ppn=None&ssid=i6gmw4rrq80000001777620076043&qH=eb4af0bf07c16429&ov_redirect=true","₹7,999","https://www.flipkart.com/ai-pulse-1-purple-64-gb/p/itm70360c9dd322b?pid=MOBHDDQXZAC7RVHF&lid=LSTMOBHDDQXZAC7RVHFZOAP8Z&marketplace=FLIPKART&q=mobiles&store=tyy%2F4io&srno=s_1_19&otracker=search&otracker1=search&fm=organic&iid=b0c81b4d-b793-4193-b499-032e4ae94eb2.MOBHDDQXZAC7RVHF.SEARCH&ppt=None&ppn=None&ssid=i6gmw4rrq80000001777620076043&qH=eb4af0bf07c16429&ov_redirect=true"
"MOTOROLA g57 power 5G (Pantone Corsair, 128 GB)","https://www.flipkart.com/motorola-g57-power-5g-pantone-corsair-128-gb/p/itm9b745f1e67b5c?pid=MOBHGRFE8WBGKSKY&lid=LSTMOBHGRFE8WBGKSKYEYKWBJ&marketplace=FLIPKART&q=mobiles&store=tyy%2F4io&srno=s_1_20&otracker=search&otracker1=search&fm=organic&iid=b0c81b4d-b793-4193-b499-032e4ae94eb2.MOBHGRFE8WBGKSKY.SEARCH&ppt=None&ppn=None&ssid=i6gmw4rrq80000001777620076043&qH=eb4af0bf07c16429&ov_redirect=true","₹17,999","https://www.flipkart.com/motorola-g57-power-5g-pantone-corsair-128-gb/p/itm9b745f1e67b5c?pid=MOBHGRFE8WBGKSKY&lid=LSTMOBHGRFE8WBGKSKYEYKWBJ&marketplace=FLIPKART&q=mobiles&store=tyy%2F4io&srno=s_1_20&otracker=search&otracker1=search&fm=organic&iid=b0c81b4d-b793-4193-b499-032e4ae94eb2.MOBHGRFE8WBGKSKY.SEARCH&ppt=None&ppn=None&ssid=i6gmw4rrq80000001777620076043&qH=eb4af0bf07c16429&ov_redirect=true"
"itel it5262","https://www.flipkart.com/itel-it5262/p/itm63f6528630ca6?pid=MOBGZF3X5NT5BMS9&lid=LSTMOBGZF3X5NT5BMS98E9QPH&marketplace=FLIPKART&q=mobiles&store=tyy%2F4io&srno=s_1_22&otracker=search&otracker1=search&fm=organic&iid=b0c81b4d-b793-4193-b499-032e4ae94eb2.MOBGZF3X5NT5BMS9.SEARCH&ppt=None&ppn=None&ssid=i6gmw4rrq80000001777620076043&qH=eb4af0bf07c16429&ov_redirect=true","₹1,434","https://www.flipkart.com/itel-it5262/p/itm63f6528630ca6?pid=MOBGZF3X5NT5BMS9&lid=LSTMOBGZF3X5NT5BMS98E9QPH&marketplace=FLIPKART&q=mobiles&store=tyy%2F4io&srno=s_1_22&otracker=search&otracker1=search&fm=organic&iid=b0c81b4d-b793-4193-b499-032e4ae94eb2.MOBGZF3X5NT5BMS9.SEARCH&ppt=None&ppn=None&ssid=i6gmw4rrq80000001777620076043&qH=eb4af0bf07c16429&ov_redirect=true"
"MOTOROLA Edge 70 Fusion (Pantone SILHOUETTE, 256 GB)","https://www.flipkart.com/motorola-edge-70-fusion-pantone-silhouette-256-gb/p/itm4261a778cb993?pid=MOBHJ7TXQGMFR7D9&lid=LSTMOBHJ7TXQGMFR7D9SD24SW&marketplace=FLIPKART&q=mobiles&store=tyy%2F4io&srno=s_1_23&otracker=search&otracker1=search&fm=organic&iid=b0c81b4d-b793-4193-b499-032e4ae94eb2.MOBHJ7TXQGMFR7D9.SEARCH&ppt=None&ppn=None&ssid=i6gmw4rrq80000001777620076043&qH=eb4af0bf07c16429&ov_redirect=true","₹32,999","https://www.flipkart.com/motorola-edge-70-fusion-pantone-silhouette-256-gb/p/itm4261a778cb993?pid=MOBHJ7TXQGMFR7D9&lid=LSTMOBHJ7TXQGMFR7D9SD24SW&marketplace=FLIPKART&q=mobiles&store=tyy%2F4io&srno=s_1_23&otracker=search&otracker1=search&fm=organic&iid=b0c81b4d-b793-4193-b499-032e4ae94eb2.MOBHJ7TXQGMFR7D9.SEARCH&ppt=None&ppn=None&ssid=i6gmw4rrq80000001777620076043&qH=eb4af0bf07c16429&ov_redirect=true"
"POCO M7 Plus 5G (Chrome Silver, 128 GB)","https://www.flipkart.com/poco-m7-plus-5g-chrome-silver-128-gb/p/itmf5c94088d643c?pid=MOBHETX6MCAZJYY2&lid=LSTMOBHETX6MCAZJYY2IYDZFU&marketplace=FLIPKART&q=mobiles&store=tyy%2F4io&srno=s_1_24&otracker=search&otracker1=search&fm=organic&iid=b0c81b4d-b793-4193-b499-032e4ae94eb2.MOBHETX6MCAZJYY2.SEARCH&ppt=None&ppn=None&ssid=i6gmw4rrq80000001777620076043&qH=eb4af0bf07c16429&ov_redirect=true","₹15,499","https://www.flipkart.com/poco-m7-plus-5g-chrome-silver-128-gb/p/itmf5c94088d643c?pid=MOBHETX6MCAZJYY2&lid=LSTMOBHETX6MCAZJYY2IYDZFU&marketplace=FLIPKART&q=mobiles&store=tyy%2F4io&srno=s_1_24&otracker=search&otracker1=search&fm=organic&iid=b0c81b4d-b793-4193-b499-032e4ae94eb2.MOBHETX6MCAZJYY2.SEARCH&ppt=None&ppn=None&ssid=i6gmw4rrq80000001777620076043&qH=eb4af0bf07c16429&ov_redirect=true"
"Alcatel V3 Pro 5G (Matcha Green, 256 GB)","https://www.flipkart.com/alcatel-v3-pro-5g-matcha-green-256-gb/p/itm5bbabc254f34c?pid=MOBHBH2GDRA6MMGK&lid=LSTMOBHBH2GDRA6MMGKSARY5J&marketplace=FLIPKART&q=mobiles&store=tyy%2F4io&srno=s_3_49&otracker=search&otracker1=search&fm=organic&iid=0cc328c0-4474-4201-8be4-a0cd716f39d0.MOBHBH2GDRA6MMGK.SEARCH&ppt=None&ppn=None&ssid=c7fgpo2xc00000001777620087866&qH=eb4af0bf07c16429&ov_redirect=true","₹13,999","https://www.flipkart.com/alcatel-v3-pro-5g-matcha-green-256-gb/p/itm5bbabc254f34c?pid=MOBHBH2GDRA6MMGK&lid=LSTMOBHBH2GDRA6MMGKSARY5J&marketplace=FLIPKART&q=mobiles&store=tyy%2F4io&srno=s_3_49&otracker=search&otracker1=search&fm=organic&iid=0cc328c0-4474-4201-8be4-a0cd716f39d0.MOBHBH2GDRA6MMGK.SEARCH&ppt=None&ppn=None&ssid=c7fgpo2xc00000001777620087866&qH=eb4af0bf07c16429&ov_redirect=true"
"Samsung Galaxy F07 (Green, 64 GB)","https://www.flipkart.com/samsung-galaxy-f07-green-64-gb/p/itm294cbb65839e6?pid=MOBHMGHHXHYZEAVB&lid=LSTMOBHMGHHXHYZEAVBR68SR7&marketplace=FLIPKART&q=mobiles&store=tyy%2F4io&srno=s_3_50&otracker=search&otracker1=search&fm=organic&iid=0cc328c0-4474-4201-8be4-a0cd716f39d0.MOBHMGHHXHYZEAVB.SEARCH&ppt=None&ppn=None&ssid=c7fgpo2xc00000001777620087866&qH=eb4af0bf07c16429&ov_redirect=true","₹10,399","https://www.flipkart.com/samsung-galaxy-f07-green-64-gb/p/itm294cbb65839e6?pid=MOBHMGHHXHYZEAVB&lid=LSTMOBHMGHHXHYZEAVBR68SR7&marketplace=FLIPKART&q=mobiles&store=tyy%2F4io&srno=s_3_50&otracker=search&otracker1=search&fm=organic&iid=0cc328c0-4474-4201-8be4-a0cd716f39d0.MOBHMGHHXHYZEAVB.SEARCH&ppt=None&ppn=None&ssid=c7fgpo2xc00000001777620087866&qH=eb4af0bf07c16429&ov_redirect=true"
"LAVA A3 King","https://www.flipkart.com/lava-a3-king/p/itm4ab54e8e4eb20?pid=MOBHENFBCQKK5MPD&lid=LSTMOBHENFBCQKK5MPDMX5KSX&marketplace=FLIPKART&q=mobiles&store=tyy%2F4io&srno=s_3_51&otracker=search&otracker1=search&fm=organic&iid=0cc328c0-4474-4201-8be4-a0cd716f39d0.MOBHENFBCQKK5MPD.SEARCH&ppt=None&ppn=None&ssid=c7fgpo2xc00000001777620087866&qH=eb4af0bf07c16429&ov_redirect=true","₹1,194","https://www.flipkart.com/lava-a3-king/p/itm4ab54e8e4eb20?pid=MOBHENFBCQKK5MPD&lid=LSTMOBHENFBCQKK5MPDMX5KSX&marketplace=FLIPKART&q=mobiles&store=tyy%2F4io&srno=s_3_51&otracker=search&otracker1=search&fm=organic&iid=0cc328c0-4474-4201-8be4-a0cd716f39d0.MOBHENFBCQKK5MPD.SEARCH&ppt=None&ppn=None&ssid=c7fgpo2xc00000001777620087866&qH=eb4af0bf07c16429&ov_redirect=true"
"Jmax Super 1","https://www.flipkart.com/jmax-super-1/p/itme32a588dd99a6?pid=MOBH76KZFFCAZYAX&lid=LSTMOBH76KZFFCAZYAX26W4DF&marketplace=FLIPKART&q=mobiles&store=tyy%2F4io&srno=s_3_52&otracker=search&otracker1=search&fm=organic&iid=0cc328c0-4474-4201-8be4-a0cd716f39d0.MOBH76KZFFCAZYAX.SEARCH&ppt=None&ppn=None&ssid=c7fgpo2xc00000001777620087866&qH=eb4af0bf07c16429&ov_redirect=true","₹599","https://www.flipkart.com/jmax-super-1/p/itme32a588dd99a6?pid=MOBH76KZFFCAZYAX&lid=LSTMOBH76KZFFCAZYAX26W4DF&marketplace=FLIPKART&q=mobiles&store=tyy%2F4io&srno=s_3_52&otracker=search&otracker1=search&fm=organic&iid=0cc328c0-4474-4201-8be4-a0cd716f39d0.MOBH76KZFFCAZYAX.SEARCH&ppt=None&ppn=None&ssid=c7fgpo2xc00000001777620087866&qH=eb4af0bf07c16429&ov_redirect=true"
"POCO C75 5G (Enchanted Green, 64 GB)","https://www.flipkart.com/poco-c75-5g-enchanted-green-64-gb/p/itmf8fdd88f80fcc?pid=MOBH7443VEGWXG4G&lid=LSTMOBH7443VEGWXG4GOW118G&marketplace=FLIPKART&q=mobiles&store=tyy%2F4io&srno=s_3_53&otracker=search&otracker1=search&fm=organic&iid=0cc328c0-4474-4201-8be4-a0cd716f39d0.MOBH7443VEGWXG4G.SEARCH&ppt=None&ppn=None&ssid=c7fgpo2xc00000001777620087866&qH=eb4af0bf07c16429&ov_redirect=true","₹10,999","https://www.flipkart.com/poco-c75-5g-enchanted-green-64-gb/p/itmf8fdd88f80fcc?pid=MOBH7443VEGWXG4G&lid=LSTMOBH7443VEGWXG4GOW118G&marketplace=FLIPKART&q=mobiles&store=tyy%2F4io&srno=s_3_53&otracker=search&otracker1=search&fm=organic&iid=0cc328c0-4474-4201-8be4-a0cd716f39d0.MOBH7443VEGWXG4G.SEARCH&ppt=None&ppn=None&ssid=c7fgpo2xc00000001777620087866&qH=eb4af0bf07c16429&ov_redirect=true"
"POCO C71 (Cool Blue, 128 GB)","https://www.flipkart.com/poco-c71-cool-blue-128-gb/p/itmfb10bdbf02c6e?pid=MOBHAFVJURDB9QYR&lid=LSTMOBHAFVJURDB9QYRYNBHTJ&marketplace=FLIPKART&q=mobiles&store=tyy%2F4io&srno=s_3_54&otracker=search&otracker1=search&fm=organic&iid=0cc328c0-4474-4201-8be4-a0cd716f39d0.MOBHAFVJURDB9QYR.SEARCH&ppt=None&ppn=None&ssid=c7fgpo2xc00000001777620087866&qH=eb4af0bf07c16429&ov_redirect=true","₹9,999","https://www.flipkart.com/poco-c71-cool-blue-128-gb/p/itmfb10bdbf02c6e?pid=MOBHAFVJURDB9QYR&lid=LSTMOBHAFVJURDB9QYRYNBHTJ&marketplace=FLIPKART&q=mobiles&store=tyy%2F4io&srno=s_3_54&otracker=search&otracker1=search&fm=organic&iid=0cc328c0-4474-4201-8be4-a0cd716f39d0.MOBHAFVJURDB9QYR.SEARCH&ppt=None&ppn=None&ssid=c7fgpo2xc00000001777620087866&qH=eb4af0bf07c16429&ov_redirect=true"
"Nokia 106 Single Sim Keypad Phone with Built-in UPI App, MP3 Player","https://www.flipkart.com/nokia-106-single-sim-keypad-phone-built-in-upi-app-mp3-player/p/itm5486a2da326c2?pid=MOBGRH6YEGJTZQAY&lid=LSTMOBGRH6YEGJTZQAYVIXF3O&marketplace=FLIPKART&q=mobiles&store=tyy%2F4io&srno=s_3_55&otracker=search&otracker1=search&fm=organic&iid=0cc328c0-4474-4201-8be4-a0cd716f39d0.MOBGRH6YEGJTZQAY.SEARCH&ppt=None&ppn=None&ssid=c7fgpo2xc00000001777620087866&qH=eb4af0bf07c16429&ov_redirect=true","₹1,304","https://www.flipkart.com/nokia-106-single-sim-keypad-phone-built-in-upi-app-mp3-player/p/itm5486a2da326c2?pid=MOBGRH6YEGJTZQAY&lid=LSTMOBGRH6YEGJTZQAYVIXF3O&marketplace=FLIPKART&q=mobiles&store=tyy%2F4io&srno=s_3_55&otracker=search&otracker1=search&fm=organic&iid=0cc328c0-4474-4201-8be4-a0cd716f39d0.MOBGRH6YEGJTZQAY.SEARCH&ppt=None&ppn=None&ssid=c7fgpo2xc00000001777620087866&qH=eb4af0bf07c16429&ov_redirect=true"
"MOTOROLA G96 5G (Pantone Dresden Blue, 128 GB)","https://www.flipkart.com/motorola-g96-5g-pantone-dresden-blue-128-gb/p/itm3d5ad13991fdc?pid=MOBHB3SZW72BYGHK&lid=LSTMOBHB3SZW72BYGHKYVOADG&marketplace=FLIPKART&q=mobiles&store=tyy%2F4io&srno=s_3_56&otracker=search&otracker1=search&fm=organic&iid=0cc328c0-4474-4201-8be4-a0cd716f39d0.MOBHB3SZW72BYGHK.SEARCH&ppt=None&ppn=None&ssid=c7fgpo2xc00000001777620087866&qH=eb4af0bf07c16429&ov_redirect=true","₹20,999","https://www.flipkart.com/motorola-g96-5g-pantone-dresden-blue-128-gb/p/itm3d5ad13991fdc?pid=MOBHB3SZW72BYGHK&lid=LSTMOBHB3SZW72BYGHKYVOADG&marketplace=FLIPKART&q=mobiles&store=tyy%2F4io&srno=s_3_56&otracker=search&otracker1=search&fm=organic&iid=0cc328c0-4474-4201-8be4-a0cd716f39d0.MOBHB3SZW72BYGHK.SEARCH&ppt=None&ppn=None&ssid=c7fgpo2xc00000001777620087866&qH=eb4af0bf07c16429&ov_redirect=true"
"POCO M7 Plus 5G (Chrome Silver, 128 GB)","https://www.flipkart.com/poco-m7-plus-5g-chrome-silver-128-gb/p/itm2fbc82f08965c?pid=MOBHETX6TDHCH3VV&lid=LSTMOBHETX6TDHCH3VVZCHZS8&marketplace=FLIPKART&q=mobiles&store=tyy%2F4io&srno=s_3_57&otracker=search&otracker1=search&fm=organic&iid=0cc328c0-4474-4201-8be4-a0cd716f39d0.MOBHETX6TDHCH3VV.SEARCH&ppt=None&ppn=None&ssid=c7fgpo2xc00000001777620087866&qH=eb4af0bf07c16429&ov_redirect=true","₹16,999","https://www.flipkart.com/poco-m7-plus-5g-chrome-silver-128-gb/p/itm2fbc82f08965c?pid=MOBHETX6TDHCH3VV&lid=LSTMOBHETX6TDHCH3VVZCHZS8&marketplace=FLIPKART&q=mobiles&store=tyy%2F4io&srno=s_3_57&otracker=search&otracker1=search&fm=organic&iid=0cc328c0-4474-4201-8be4-a0cd716f39d0.MOBHETX6TDHCH3VV.SEARCH&ppt=None&ppn=None&ssid=c7fgpo2xc00000001777620087866&qH=eb4af0bf07c16429&ov_redirect=true"
"IQOO Z11x 5G (Prismatic Green, 128 GB)","https://www.flipkart.com/iqoo-z11x-5g-prismatic-green-128-gb/p/itm8157cfb5645d4?pid=MOBHHHBTCWXSUNG5&lid=LSTMOBHHHBTCWXSUNG53FUGZW&marketplace=FLIPKART&q=mobiles&store=tyy%2F4io&srno=s_3_58&otracker=search&otracker1=search&fm=organic&iid=0cc328c0-4474-4201-8be4-a0cd716f39d0.MOBHHHBTCWXSUNG5.SEARCH&ppt=None&ppn=None&ssid=c7fgpo2xc00000001777620087866&qH=eb4af0bf07c16429&ov_redirect=true","₹21,900","https://www.flipkart.com/iqoo-z11x-5g-prismatic-green-128-gb/p/itm8157cfb5645d4?pid=MOBHHHBTCWXSUNG5&lid=LSTMOBHHHBTCWXSUNG53FUGZW&marketplace=FLIPKART&q=mobiles&store=tyy%2F4io&srno=s_3_58&otracker=search&otracker1=search&fm=organic&iid=0cc328c0-4474-4201-8be4-a0cd716f39d0.MOBHHHBTCWXSUNG5.SEARCH&ppt=None&ppn=None&ssid=c7fgpo2xc00000001777620087866&qH=eb4af0bf07c16429&ov_redirect=true"
"MOTOROLA Edge 70 Fusion (Pantone SILHOUETTE, 128 GB)","https://www.flipkart.com/motorola-edge-70-fusion-pantone-silhouette-128-gb/p/itmea2471033901a?pid=MOBHJ7TXN7CGKUYZ&lid=LSTMOBHJ7TXN7CGKUYZGAEDHA&marketplace=FLIPKART&q=mobiles&store=tyy%2F4io&srno=s_3_59&otracker=search&otracker1=search&fm=organic&iid=0cc328c0-4474-4201-8be4-a0cd716f39d0.MOBHJ7TXN7CGKUYZ.SEARCH&ppt=None&ppn=None&ssid=c7fgpo2xc00000001777620087866&qH=eb4af0bf07c16429&ov_redirect=true","₹26,999","https://www.flipkart.com/motorola-edge-70-fusion-pantone-silhouette-128-gb/p/itmea2471033901a?pid=MOBHJ7TXN7CGKUYZ&lid=LSTMOBHJ7TXN7CGKUYZGAEDHA&marketplace=FLIPKART&q=mobiles&store=tyy%2F4io&srno=s_3_59&otracker=search&otracker1=search&fm=organic&iid=0cc328c0-4474-4201-8be4-a0cd716f39d0.MOBHJ7TXN7CGKUYZ.SEARCH&ppt=None&ppn=None&ssid=c7fgpo2xc00000001777620087866&qH=eb4af0bf07c16429&ov_redirect=true"
"Samsung Galaxy M07 (Black, 64 GB)","https://www.flipkart.com/samsung-galaxy-m07-black-64-gb/p/itm0b84fbcd25ac9?pid=MOBHGWKEV2HYWMQP&lid=LSTMOBHGWKEV2HYWMQPYQYBDG&marketplace=FLIPKART&q=mobiles&store=tyy%2F4io&srno=s_3_60&otracker=search&otracker1=search&fm=organic&iid=0cc328c0-4474-4201-8be4-a0cd716f39d0.MOBHGWKEV2HYWMQP.SEARCH&ppt=None&ppn=None&ssid=c7fgpo2xc00000001777620087866&qH=eb4af0bf07c16429&ov_redirect=true","₹9,581","https://www.flipkart.com/samsung-galaxy-m07-black-64-gb/p/itm0b84fbcd25ac9?pid=MOBHGWKEV2HYWMQP&lid=LSTMOBHGWKEV2HYWMQPYQYBDG&marketplace=FLIPKART&q=mobiles&store=tyy%2F4io&srno=s_3_60&otracker=search&otracker1=search&fm=organic&iid=0cc328c0-4474-4201-8be4-a0cd716f39d0.MOBHGWKEV2HYWMQP.SEARCH&ppt=None&ppn=None&ssid=c7fgpo2xc00000001777620087866&qH=eb4af0bf07c16429&ov_redirect=true"
"Nokia 130 Music Dual Sim with Music Player, Dedicated Music Buttons","https://www.flipkart.com/nokia-130-music-dual-sim-player-dedicated-buttons/p/itm221dea7e0ca49?pid=MOBGSFECGGXAPF5B&lid=LSTMOBGSFECGGXAPF5BGPRPZS&marketplace=FLIPKART&q=mobiles&store=tyy%2F4io&srno=s_3_61&otracker=search&otracker1=search&fm=organic&iid=0cc328c0-4474-4201-8be4-a0cd716f39d0.MOBGSFECGGXAPF5B.SEARCH&ppt=None&ppn=None&ssid=c7fgpo2xc00000001777620087866&qH=eb4af0bf07c16429&ov_redirect=true","₹1,994","https://www.flipkart.com/nokia-130-music-dual-sim-player-dedicated-buttons/p/itm221dea7e0ca49?pid=MOBGSFECGGXAPF5B&lid=LSTMOBGSFECGGXAPF5BGPRPZS&marketplace=FLIPKART&q=mobiles&store=tyy%2F4io&srno=s_3_61&otracker=search&otracker1=search&fm=organic&iid=0cc328c0-4474-4201-8be4-a0cd716f39d0.MOBGSFECGGXAPF5B.SEARCH&ppt=None&ppn=None&ssid=c7fgpo2xc00000001777620087866&qH=eb4af0bf07c16429&ov_redirect=true"
"realme Narzo 90x 5G (Maroon Red, 128 GB)","https://www.flipkart.com/realme-narzo-90x-5g-maroon-red-128-gb/p/itma63c5c5ce781a?pid=MOBHKZZY3EHDY8FN&lid=LSTMOBHKZZY3EHDY8FNAOECXA&marketplace=FLIPKART&q=mobiles&store=tyy%2F4io&srno=s_3_62&otracker=search&otracker1=search&fm=organic&iid=0cc328c0-4474-4201-8be4-a0cd716f39d0.MOBHKZZY3EHDY8FN.SEARCH&ppt=None&ppn=None&ssid=c7fgpo2xc00000001777620087866&qH=eb4af0bf07c16429&ov_redirect=true","₹16,649","https://www.flipkart.com/realme-narzo-90x-5g-maroon-red-128-gb/p/itma63c5c5ce781a?pid=MOBHKZZY3EHDY8FN&lid=LSTMOBHKZZY3EHDY8FNAOECXA&marketplace=FLIPKART&q=mobiles&store=tyy%2F4io&srno=s_3_62&otracker=search&otracker1=search&fm=organic&iid=0cc328c0-4474-4201-8be4-a0cd716f39d0.MOBHKZZY3EHDY8FN.SEARCH&ppt=None&ppn=None&ssid=c7fgpo2xc00000001777620087866&qH=eb4af0bf07c16429&ov_redirect=true"
"Ai+ Pulse 2 (Pink, 128 GB)","https://www.flipkart.com/ai-pulse-2-pink-128-gb/p/itmb008cccbf54ee?pid=MOBHKHPYRZEZJ7AY&lid=LSTMOBHKHPYRZEZJ7AYHXPDFB&marketplace=FLIPKART&q=mobiles&store=tyy%2F4io&srno=s_3_63&otracker=search&otracker1=search&fm=organic&iid=0cc328c0-4474-4201-8be4-a0cd716f39d0.MOBHKHPYRZEZJ7AY.SEARCH&ppt=None&ppn=None&ssid=c7fgpo2xc00000001777620087866&qH=eb4af0bf07c16429&ov_redirect=true","₹9,999","https://www.flipkart.com/ai-pulse-2-pink-128-gb/p/itmb008cccbf54ee?pid=MOBHKHPYRZEZJ7AY&lid=LSTMOBHKHPYRZEZJ7AYHXPDFB&marketplace=FLIPKART&q=mobiles&store=tyy%2F4io&srno=s_3_63&otracker=search&otracker1=search&fm=organic&iid=0cc328c0-4474-4201-8be4-a0cd716f39d0.MOBHKHPYRZEZJ7AY.SEARCH&ppt=None&ppn=None&ssid=c7fgpo2xc00000001777620087866&qH=eb4af0bf07c16429&ov_redirect=true"
"Samsung M36 5G (Velvet Black / Black, 128 GB)","https://www.flipkart.com/samsung-m36-5g-velvet-black-black-128-gb/p/itm1e7be51802033?pid=MOBHEYY2FCCGHYEM&lid=LSTMOBHEYY2FCCGHYEMSWFT3J&marketplace=FLIPKART&q=mobiles&store=tyy%2F4io&srno=s_3_64&otracker=search&otracker1=search&fm=organic&iid=0cc328c0-4474-4201-8be4-a0cd716f39d0.MOBHEYY2FCCGHYEM.SEARCH&ppt=None&ppn=None&ssid=c7fgpo2xc00000001777620087866&qH=eb4af0bf07c16429&ov_redirect=true","₹17,448","https://www.flipkart.com/samsung-m36-5g-velvet-black-black-128-gb/p/itm1e7be51802033?pid=MOBHEYY2FCCGHYEM&lid=LSTMOBHEYY2FCCGHYEMSWFT3J&marketplace=FLIPKART&q=mobiles&store=tyy%2F4io&srno=s_3_64&otracker=search&otracker1=search&fm=organic&iid=0cc328c0-4474-4201-8be4-a0cd716f39d0.MOBHEYY2FCCGHYEM.SEARCH&ppt=None&ppn=None&ssid=c7fgpo2xc00000001777620087866&qH=eb4af0bf07c16429&ov_redirect=true"
"Nokia All-New 105 Single Sim Keypad Phone with Built-in UPI Payments","https://www.flipkart.com/nokia-all-new-105-single-sim-keypad-phone-built-in-upi-payments/p/itme2299749c4a1c?pid=MOBGQFVG9WPRN3TH&lid=LSTMOBGQFVG9WPRN3THQXALSS&marketplace=FLIPKART&q=mobiles&store=tyy%2F4io&srno=s_3_65&otracker=search&otracker1=search&fm=organic&iid=0cc328c0-4474-4201-8be4-a0cd716f39d0.MOBGQFVG9WPRN3TH.SEARCH&ppt=None&ppn=None&ssid=c7fgpo2xc00000001777620087866&qH=eb4af0bf07c16429&ov_redirect=true","₹1,349","https://www.flipkart.com/nokia-all-new-105-single-sim-keypad-phone-built-in-upi-payments/p/itme2299749c4a1c?pid=MOBGQFVG9WPRN3TH&lid=LSTMOBGQFVG9WPRN3THQXALSS&marketplace=FLIPKART&q=mobiles&store=tyy%2F4io&srno=s_3_65&otracker=search&otracker1=search&fm=organic&iid=0cc328c0-4474-4201-8be4-a0cd716f39d0.MOBGQFVG9WPRN3TH.SEARCH&ppt=None&ppn=None&ssid=c7fgpo2xc00000001777620087866&qH=eb4af0bf07c16429&ov_redirect=true"
"MOTOROLA Edge 60 Fusion 5G (PANTONE Amazonite, 128 GB)","https://www.flipkart.com/motorola-edge-60-fusion-5g-pantone-amazonite-128-gb/p/itm0ba5c1f57331a?pid=MOBHHD2KXMH9NCYG&lid=LSTMOBHHD2KXMH9NCYGOY7CC7&marketplace=FLIPKART&q=mobiles&store=tyy%2F4io&srno=s_3_66&otracker=search&otracker1=search&fm=organic&iid=0cc328c0-4474-4201-8be4-a0cd716f39d0.MOBHHD2KXMH9NCYG.SEARCH&ppt=None&ppn=None&ssid=c7fgpo2xc00000001777620087866&qH=eb4af0bf07c16429&ov_redirect=true","₹22,999","https://www.flipkart.com/motorola-edge-60-fusion-5g-pantone-amazonite-128-gb/p/itm0ba5c1f57331a?pid=MOBHHD2KXMH9NCYG&lid=LSTMOBHHD2KXMH9NCYGOY7CC7&marketplace=FLIPKART&q=mobiles&store=tyy%2F4io&srno=s_3_66&otracker=search&otracker1=search&fm=organic&iid=0cc328c0-4474-4201-8be4-a0cd716f39d0.MOBHHD2KXMH9NCYG.SEARCH&ppt=None&ppn=None&ssid=c7fgpo2xc00000001777620087866&qH=eb4af0bf07c16429&ov_redirect=true"
"Micromax X778","https://www.flipkart.com/micromax-x778/p/itm372cb161da595?pid=MOBG6XZB4WJJ6MRJ&lid=LSTMOBG6XZB4WJJ6MRJRXTLJF&marketplace=FLIPKART&q=mobiles&store=tyy%2F4io&srno=s_3_67&otracker=search&otracker1=search&fm=organic&iid=0cc328c0-4474-4201-8be4-a0cd716f39d0.MOBG6XZB4WJJ6MRJ.SEARCH&ppt=None&ppn=None&ssid=c7fgpo2xc00000001777620087866&qH=eb4af0bf07c16429&ov_redirect=true","₹1,342","https://www.flipkart.com/micromax-x778/p/itm372cb161da595?pid=MOBG6XZB4WJJ6MRJ&lid=LSTMOBG6XZB4WJJ6MRJRXTLJF&marketplace=FLIPKART&q=mobiles&store=tyy%2F4io&srno=s_3_67&otracker=search&otracker1=search&fm=organic&iid=0cc328c0-4474-4201-8be4-a0cd716f39d0.MOBG6XZB4WJJ6MRJ.SEARCH&ppt=None&ppn=None&ssid=c7fgpo2xc00000001777620087866&qH=eb4af0bf07c16429&ov_redirect=true"
"Samsung Galaxy A07 LTE (Green, 64 GB)","https://www.flipkart.com/samsung-galaxy-a07-lte-green-64-gb/p/itmf5c04712debfa?pid=MOBHG82Z2HGBWNCP&lid=LSTMOBHG82Z2HGBWNCP8GPTHW&marketplace=FLIPKART&q=mobiles&store=tyy%2F4io&srno=s_3_68&otracker=search&otracker1=search&fm=organic&iid=0cc328c0-4474-4201-8be4-a0cd716f39d0.MOBHG82Z2HGBWNCP.SEARCH&ppt=None&ppn=None&ssid=c7fgpo2xc00000001777620087866&qH=eb4af0bf07c16429&ov_redirect=true","₹9,918","https://www.flipkart.com/samsung-galaxy-a07-lte-green-64-gb/p/itmf5c04712debfa?pid=MOBHG82Z2HGBWNCP&lid=LSTMOBHG82Z2HGBWNCP8GPTHW&marketplace=FLIPKART&q=mobiles&store=tyy%2F4io&srno=s_3_68&otracker=search&otracker1=search&fm=organic&iid=0cc328c0-4474-4201-8be4-a0cd716f39d0.MOBHG82Z2HGBWNCP.SEARCH&ppt=None&ppn=None&ssid=c7fgpo2xc00000001777620087866&qH=eb4af0bf07c16429&ov_redirect=true"
"POCO C75 5G (Aqua Bliss, 128 GB)","https://www.flipkart.com/poco-c75-5g-aqua-bliss-128-gb/p/itmc8ac71aacc115?pid=MOBHBC3WFGTCNDD7&lid=LSTMOBHBC3WFGTCNDD7MLABCF&marketplace=FLIPKART&q=mobiles&store=tyy%2F4io&srno=s_3_69&otracker=search&otracker1=search&fm=organic&iid=0cc328c0-4474-4201-8be4-a0cd716f39d0.MOBHBC3WFGTCNDD7.SEARCH&ppt=None&ppn=None&ssid=c7fgpo2xc00000001777620087866&qH=eb4af0bf07c16429&ov_redirect=true","₹11,499","https://www.flipkart.com/poco-c75-5g-aqua-bliss-128-gb/p/itmc8ac71aacc115?pid=MOBHBC3WFGTCNDD7&lid=LSTMOBHBC3WFGTCNDD7MLABCF&marketplace=FLIPKART&q=mobiles&store=tyy%2F4io&srno=s_3_69&otracker=search&otracker1=search&fm=organic&iid=0cc328c0-4474-4201-8be4-a0cd716f39d0.MOBHBC3WFGTCNDD7.SEARCH&ppt=None&ppn=None&ssid=c7fgpo2xc00000001777620087866&qH=eb4af0bf07c16429&ov_redirect=true"
"Nokia 130 Music Dual Sim with Music Player, Dedicated Music Buttons","https://www.flipkart.com/nokia-130-music-dual-sim-player-dedicated-buttons/p/itm221dea7e0ca49?pid=MOBGSFEC2SSXVUNB&lid=LSTMOBGSFEC2SSXVUNBZ2JUSL&marketplace=FLIPKART&q=mobiles&store=tyy%2F4io&srno=s_3_70&otracker=search&otracker1=search&fm=organic&iid=0cc328c0-4474-4201-8be4-a0cd716f39d0.MOBGSFEC2SSXVUNB.SEARCH&ppt=None&ppn=None&ssid=c7fgpo2xc00000001777620087866&qH=eb4af0bf07c16429&ov_redirect=true","₹1,994","https://www.flipkart.com/nokia-130-music-dual-sim-player-dedicated-buttons/p/itm221dea7e0ca49?pid=MOBGSFEC2SSXVUNB&lid=LSTMOBGSFEC2SSXVUNBZ2JUSL&marketplace=FLIPKART&q=mobiles&store=tyy%2F4io&srno=s_3_70&otracker=search&otracker1=search&fm=organic&iid=0cc328c0-4474-4201-8be4-a0cd716f39d0.MOBGSFEC2SSXVUNB.SEARCH&ppt=None&ppn=None&ssid=c7fgpo2xc00000001777620087866&qH=eb4af0bf07c16429&ov_redirect=true"
"POCO M7 5G (Satin Black, 128 GB)","https://www.flipkart.com/poco-m7-5g-satin-black-128-gb/p/itmfcda6248f1fdd?pid=MOBH9HFJYGH7VTMD&lid=LSTMOBH9HFJYGH7VTMDVLSKLL&marketplace=FLIPKART&q=mobiles&store=tyy%2F4io&srno=s_3_71&otracker=search&otracker1=search&fm=organic&iid=0cc328c0-4474-4201-8be4-a0cd716f39d0.MOBH9HFJYGH7VTMD.SEARCH&ppt=None&ppn=None&ssid=c7fgpo2xc00000001777620087866&qH=eb4af0bf07c16429&ov_redirect=true","₹13,499","https://www.flipkart.com/poco-m7-5g-satin-black-128-gb/p/itmfcda6248f1fdd?pid=MOBH9HFJYGH7VTMD&lid=LSTMOBH9HFJYGH7VTMDVLSKLL&marketplace=FLIPKART&q=mobiles&store=tyy%2F4io&srno=s_3_71&otracker=search&otracker1=search&fm=organic&iid=0cc328c0-4474-4201-8be4-a0cd716f39d0.MOBH9HFJYGH7VTMD.SEARCH&ppt=None&ppn=None&ssid=c7fgpo2xc00000001777620087866&qH=eb4af0bf07c16429&ov_redirect=true"
"Samsung M06 5G (Sage Green, 128 GB)","https://www.flipkart.com/samsung-m06-5g-sage-green-128-gb/p/itmcafa42dadc15c?pid=MOBH9UYFYVNKR3HR&lid=LSTMOBH9UYFYVNKR3HRGJXU90&marketplace=FLIPKART&q=mobiles&store=tyy%2F4io&srno=s_3_72&otracker=search&otracker1=search&fm=organic&iid=0cc328c0-4474-4201-8be4-a0cd716f39d0.MOBH9UYFYVNKR3HR.SEARCH&ppt=None&ppn=None&ssid=c7fgpo2xc00000001777620087866&qH=eb4af0bf07c16429&ov_redirect=true","₹12,155","https://www.flipkart.com/samsung-m06-5g-sage-green-128-gb/p/itmcafa42dadc15c?pid=MOBH9UYFYVNKR3HR&lid=LSTMOBH9UYFYVNKR3HRGJXU90&marketplace=FLIPKART&q=mobiles&store=tyy%2F4io&srno=s_3_72&otracker=search&otracker1=search&fm=organic&iid=0cc328c0-4474-4201-8be4-a0cd716f39d0.MOBH9UYFYVNKR3HR.SEARCH&ppt=None&ppn=None&ssid=c7fgpo2xc00000001777620087866&qH=eb4af0bf07c16429&ov_redirect=true"
"realme P4 Lite 5G (Mosaic Blue, 64 GB)","https://www.flipkart.com/realme-p4-lite-5g-mosaic-blue-64-gb/p/itm90c243961f214?pid=MOBHHFBUHTZG3GTN&lid=LSTMOBHHFBUHTZG3GTN6CU6Z3&marketplace=FLIPKART&q=mobiles&store=tyy%2F4io&srno=s_4_73&otracker=search&otracker1=search&fm=organic&iid=43404e50-25b7-4373-9f2d-0bc78dda3de4.MOBHHFBUHTZG3GTN.SEARCH&ppt=None&ppn=None&ssid=oqvx9hv6bk0000001777620099812&qH=eb4af0bf07c16429&ov_redirect=true","₹13,499","https://www.flipkart.com/realme-p4-lite-5g-mosaic-blue-64-gb/p/itm90c243961f214?pid=MOBHHFBUHTZG3GTN&lid=LSTMOBHHFBUHTZG3GTN6CU6Z3&marketplace=FLIPKART&q=mobiles&store=tyy%2F4io&srno=s_4_73&otracker=search&otracker1=search&fm=organic&iid=43404e50-25b7-4373-9f2d-0bc78dda3de4.MOBHHFBUHTZG3GTN.SEARCH&ppt=None&ppn=None&ssid=oqvx9hv6bk0000001777620099812&qH=eb4af0bf07c16429&ov_redirect=true"
"Samsung Galaxy F06 5G (Bahama Blue, 128 GB)","https://www.flipkart.com/samsung-galaxy-f06-5g-bahama-blue-128-gb/p/itm9acd4c5748761?pid=MOBH9AS4DSSQECZM&lid=LSTMOBH9AS4DSSQECZMNC3LC0&marketplace=FLIPKART&q=mobiles&store=tyy%2F4io&srno=s_4_74&otracker=search&otracker1=search&fm=organic&iid=43404e50-25b7-4373-9f2d-0bc78dda3de4.MOBH9AS4DSSQECZM.SEARCH&ppt=None&ppn=None&ssid=oqvx9hv6bk0000001777620099812&qH=eb4af0bf07c16429&ov_redirect=true","₹14,999","https://www.flipkart.com/samsung-galaxy-f06-5g-bahama-blue-128-gb/p/itm9acd4c5748761?pid=MOBH9AS4DSSQECZM&lid=LSTMOBH9AS4DSSQECZMNC3LC0&marketplace=FLIPKART&q=mobiles&store=tyy%2F4io&srno=s_4_74&otracker=search&otracker1=search&fm=organic&iid=43404e50-25b7-4373-9f2d-0bc78dda3de4.MOBH9AS4DSSQECZM.SEARCH&ppt=None&ppn=None&ssid=oqvx9hv6bk0000001777620099812&qH=eb4af0bf07c16429&ov_redirect=true"
"POCO C85 5G (Power Black, 128 GB)","https://www.flipkart.com/poco-c85-5g-power-black-128-gb/p/itm1f62dee4df0ad?pid=MOBHHWYSM9YV9QZ9&lid=LSTMOBHHWYSM9YV9QZ9YCEKVL&marketplace=FLIPKART&q=mobiles&store=tyy%2F4io&srno=s_4_75&otracker=search&otracker1=search&fm=organic&iid=43404e50-25b7-4373-9f2d-0bc78dda3de4.MOBHHWYSM9YV9QZ9.SEARCH&ppt=None&ppn=None&ssid=oqvx9hv6bk0000001777620099812&qH=eb4af0bf07c16429&ov_redirect=true","₹13,999","https://www.flipkart.com/poco-c85-5g-power-black-128-gb/p/itm1f62dee4df0ad?pid=MOBHHWYSM9YV9QZ9&lid=LSTMOBHHWYSM9YV9QZ9YCEKVL&marketplace=FLIPKART&q=mobiles&store=tyy%2F4io&srno=s_4_75&otracker=search&otracker1=search&fm=organic&iid=43404e50-25b7-4373-9f2d-0bc78dda3de4.MOBHHWYSM9YV9QZ9.SEARCH&ppt=None&ppn=None&ssid=oqvx9hv6bk0000001777620099812&qH=eb4af0bf07c16429&ov_redirect=true"
"Ai+ Pulse 1 (Sparkle Red, 128 GB)","https://www.flipkart.com/ai-pulse-1-sparkle-red-128-gb/p/itm07e17f4df962c?pid=MOBHFG2DZMBHECNY&lid=LSTMOBHFG2DZMBHECNYM58VHB&marketplace=FLIPKART&q=mobiles&store=tyy%2F4io&srno=s_4_76&otracker=search&otracker1=search&fm=organic&iid=43404e50-25b7-4373-9f2d-0bc78dda3de4.MOBHFG2DZMBHECNY.SEARCH&ppt=None&ppn=None&ssid=oqvx9hv6bk0000001777620099812&qH=eb4af0bf07c16429&ov_redirect=true","₹9,999","https://www.flipkart.com/ai-pulse-1-sparkle-red-128-gb/p/itm07e17f4df962c?pid=MOBHFG2DZMBHECNY&lid=LSTMOBHFG2DZMBHECNYM58VHB&marketplace=FLIPKART&q=mobiles&store=tyy%2F4io&srno=s_4_76&otracker=search&otracker1=search&fm=organic&iid=43404e50-25b7-4373-9f2d-0bc78dda3de4.MOBHFG2DZMBHECNY.SEARCH&ppt=None&ppn=None&ssid=oqvx9hv6bk0000001777620099812&qH=eb4af0bf07c16429&ov_redirect=true"
"MOTOROLA G96 5G (Pantone Cattleya Orchid, 128 GB)","https://www.flipkart.com/motorola-g96-5g-pantone-cattleya-orchid-128-gb/p/itm1a71d1ad992ec?pid=MOBHB3SZZWVEZ5ZD&lid=LSTMOBHB3SZZWVEZ5ZDXVUUEN&marketplace=FLIPKART&q=mobiles&store=tyy%2F4io&srno=s_4_77&otracker=search&otracker1=search&fm=organic&iid=43404e50-25b7-4373-9f2d-0bc78dda3de4.MOBHB3SZZWVEZ5ZD.SEARCH&ppt=None&ppn=None&ssid=oqvx9hv6bk0000001777620099812&qH=eb4af0bf07c16429&ov_redirect=true","₹20,999","https://www.flipkart.com/motorola-g96-5g-pantone-cattleya-orchid-128-gb/p/itm1a71d1ad992ec?pid=MOBHB3SZZWVEZ5ZD&lid=LSTMOBHB3SZZWVEZ5ZDXVUUEN&marketplace=FLIPKART&q=mobiles&store=tyy%2F4io&srno=s_4_77&otracker=search&otracker1=search&fm=organic&iid=43404e50-25b7-4373-9f2d-0bc78dda3de4.MOBHB3SZZWVEZ5ZD.SEARCH&ppt=None&ppn=None&ssid=oqvx9hv6bk0000001777620099812&qH=eb4af0bf07c16429&ov_redirect=true"
"vivo T5 Pro 5G (Cosmic Black, 128 GB)","https://www.flipkart.com/vivo-t5-pro-5g-cosmic-black-128-gb/p/itma21e2e09d4493?pid=MOBHM4FZPA8A7KVS&lid=LSTMOBHM4FZPA8A7KVSB3VDWD&marketplace=FLIPKART&q=mobiles&store=tyy%2F4io&srno=s_4_78&otracker=search&otracker1=search&fm=organic&iid=43404e50-25b7-4373-9f2d-0bc78dda3de4.MOBHM4FZPA8A7KVS.SEARCH&ppt=None&ppn=None&ssid=oqvx9hv6bk0000001777620099812&qH=eb4af0bf07c16429&ov_redirect=true","₹29,999","https://www.flipkart.com/vivo-t5-pro-5g-cosmic-black-128-gb/p/itma21e2e09d4493?pid=MOBHM4FZPA8A7KVS&lid=LSTMOBHM4FZPA8A7KVSB3VDWD&marketplace=FLIPKART&q=mobiles&store=tyy%2F4io&srno=s_4_78&otracker=search&otracker1=search&fm=organic&iid=43404e50-25b7-4373-9f2d-0bc78dda3de4.MOBHM4FZPA8A7KVS.SEARCH&ppt=None&ppn=None&ssid=oqvx9hv6bk0000001777620099812&qH=eb4af0bf07c16429&ov_redirect=true"
"HOTLINE TIGER","https://www.flipkart.com/hotline-tiger/p/itm80299e38ac1bd?pid=MOBHHWAA9DJGPNFS&lid=LSTMOBHHWAA9DJGPNFSSNG8TR&marketplace=FLIPKART&q=mobiles&store=tyy%2F4io&srno=s_4_79&otracker=search&otracker1=search&fm=organic&iid=43404e50-25b7-4373-9f2d-0bc78dda3de4.MOBHHWAA9DJGPNFS.SEARCH&ppt=None&ppn=None&ssid=oqvx9hv6bk0000001777620099812&qH=eb4af0bf07c16429&ov_redirect=true","₹599","https://www.flipkart.com/hotline-tiger/p/itm80299e38ac1bd?pid=MOBHHWAA9DJGPNFS&lid=LSTMOBHHWAA9DJGPNFSSNG8TR&marketplace=FLIPKART&q=mobiles&store=tyy%2F4io&srno=s_4_79&otracker=search&otracker1=search&fm=organic&iid=43404e50-25b7-4373-9f2d-0bc78dda3de4.MOBHHWAA9DJGPNFS.SEARCH&ppt=None&ppn=None&ssid=oqvx9hv6bk0000001777620099812&qH=eb4af0bf07c16429&ov_redirect=true"
"Nokia All-New 105 Single Sim Keypad Phone with Built-in UPI Payments","https://www.flipkart.com/nokia-all-new-105-single-sim-keypad-phone-built-in-upi-payments/p/itm409e24014f9d2?pid=MOBGQFVGYU2F5CYT&lid=LSTMOBGQFVGYU2F5CYT24X1DA&marketplace=FLIPKART&q=mobiles&store=tyy%2F4io&srno=s_4_80&otracker=search&otracker1=search&fm=organic&iid=43404e50-25b7-4373-9f2d-0bc78dda3de4.MOBGQFVGYU2F5CYT.SEARCH&ppt=None&ppn=None&ssid=oqvx9hv6bk0000001777620099812&qH=eb4af0bf07c16429&ov_redirect=true","₹1,349","https://www.flipkart.com/nokia-all-new-105-single-sim-keypad-phone-built-in-upi-payments/p/itm409e24014f9d2?pid=MOBGQFVGYU2F5CYT&lid=LSTMOBGQFVGYU2F5CYT24X1DA&marketplace=FLIPKART&q=mobiles&store=tyy%2F4io&srno=s_4_80&otracker=search&otracker1=search&fm=organic&iid=43404e50-25b7-4373-9f2d-0bc78dda3de4.MOBGQFVGYU2F5CYT.SEARCH&ppt=None&ppn=None&ssid=oqvx9hv6bk0000001777620099812&qH=eb4af0bf07c16429&ov_redirect=true"
"Ai+ Pulse 1 (Black, 128 GB)","https://www.flipkart.com/ai-pulse-1-black-128-gb/p/itm28c2a982dd856?pid=MOBHDDQXGD5AGM7F&lid=LSTMOBHDDQXGD5AGM7FINJI8C&marketplace=FLIPKART&q=mobiles&store=tyy%2F4io&srno=s_4_81&otracker=search&otracker1=search&fm=organic&iid=43404e50-25b7-4373-9f2d-0bc78dda3de4.MOBHDDQXGD5AGM7F.SEARCH&ppt=None&ppn=None&ssid=oqvx9hv6bk0000001777620099812&qH=eb4af0bf07c16429&ov_redirect=true","₹9,999","https://www.flipkart.com/ai-pulse-1-black-128-gb/p/itm28c2a982dd856?pid=MOBHDDQXGD5AGM7F&lid=LSTMOBHDDQXGD5AGM7FINJI8C&marketplace=FLIPKART&q=mobiles&store=tyy%2F4io&srno=s_4_81&otracker=search&otracker1=search&fm=organic&iid=43404e50-25b7-4373-9f2d-0bc78dda3de4.MOBHDDQXGD5AGM7F.SEARCH&ppt=None&ppn=None&ssid=oqvx9hv6bk0000001777620099812&qH=eb4af0bf07c16429&ov_redirect=true"
"itel Ace 3 Shine","https://www.flipkart.com/itel-ace-3-shine/p/itmaff63c368e417?pid=MOBH33UGHVT7PZEF&lid=LSTMOBH33UGHVT7PZEFKDXBZV&marketplace=FLIPKART&q=mobiles&store=tyy%2F4io&srno=s_4_82&otracker=search&otracker1=search&fm=organic&iid=43404e50-25b7-4373-9f2d-0bc78dda3de4.MOBH33UGHVT7PZEF.SEARCH&ppt=None&ppn=None&ssid=oqvx9hv6bk0000001777620099812&qH=eb4af0bf07c16429&ov_redirect=true","₹899","https://www.flipkart.com/itel-ace-3-shine/p/itmaff63c368e417?pid=MOBH33UGHVT7PZEF&lid=LSTMOBH33UGHVT7PZEFKDXBZV&marketplace=FLIPKART&q=mobiles&store=tyy%2F4io&srno=s_4_82&otracker=search&otracker1=search&fm=organic&iid=43404e50-25b7-4373-9f2d-0bc78dda3de4.MOBH33UGHVT7PZEF.SEARCH&ppt=None&ppn=None&ssid=oqvx9hv6bk0000001777620099812&qH=eb4af0bf07c16429&ov_redirect=true"
"MOTOROLA g67 power 5G (Pantone Curacao Blue, 128 GB)","https://www.flipkart.com/motorola-g67-power-5g-pantone-curacao-blue-128-gb/p/itm2bdde49fa46a3?pid=MOBHFSCEJHCXGYXV&lid=LSTMOBHFSCEJHCXGYXVPQ3MCM&marketplace=FLIPKART&q=mobiles&store=tyy%2F4io&srno=s_4_83&otracker=search&otracker1=search&fm=organic&iid=43404e50-25b7-4373-9f2d-0bc78dda3de4.MOBHFSCEJHCXGYXV.SEARCH&ppt=None&ppn=None&ssid=oqvx9hv6bk0000001777620099812&qH=eb4af0bf07c16429&ov_redirect=true","₹18,999","https://www.flipkart.com/motorola-g67-power-5g-pantone-curacao-blue-128-gb/p/itm2bdde49fa46a3?pid=MOBHFSCEJHCXGYXV&lid=LSTMOBHFSCEJHCXGYXVPQ3MCM&marketplace=FLIPKART&q=mobiles&store=tyy%2F4io&srno=s_4_83&otracker=search&otracker1=search&fm=organic&iid=43404e50-25b7-4373-9f2d-0bc78dda3de4.MOBHFSCEJHCXGYXV.SEARCH&ppt=None&ppn=None&ssid=oqvx9hv6bk0000001777620099812&qH=eb4af0bf07c16429&ov_redirect=true"
"Nokia 105 Classic Single Sim Keypad Phone, Charger in-Box","https://www.flipkart.com/nokia-105-classic-single-sim-keypad-phone-charger-in-box/p/itmf480228dab37a?pid=MOBGWZUWENQGEQEQ&lid=LSTMOBGWZUWENQGEQEQELG2KS&marketplace=FLIPKART&q=mobiles&store=tyy%2F4io&srno=s_4_84&otracker=search&otracker1=search&fm=organic&iid=43404e50-25b7-4373-9f2d-0bc78dda3de4.MOBGWZUWENQGEQEQ.SEARCH&ppt=None&ppn=None&ssid=oqvx9hv6bk0000001777620099812&qH=eb4af0bf07c16429&ov_redirect=true","₹1,399","https://www.flipkart.com/nokia-105-classic-single-sim-keypad-phone-charger-in-box/p/itmf480228dab37a?pid=MOBGWZUWENQGEQEQ&lid=LSTMOBGWZUWENQGEQEQELG2KS&marketplace=FLIPKART&q=mobiles&store=tyy%2F4io&srno=s_4_84&otracker=search&otracker1=search&fm=organic&iid=43404e50-25b7-4373-9f2d-0bc78dda3de4.MOBGWZUWENQGEQEQ.SEARCH&ppt=None&ppn=None&ssid=oqvx9hv6bk0000001777620099812&qH=eb4af0bf07c16429&ov_redirect=true"
"POCO M7 5G (Ocean Blue, 128 GB)","https://www.flipkart.com/poco-m7-5g-ocean-blue-128-gb/p/itm7c4a352930fde?pid=MOBH9HFJTH8SZWMZ&lid=LSTMOBH9HFJTH8SZWMZ6OVNR6&marketplace=FLIPKART&q=mobiles&store=tyy%2F4io&srno=s_4_85&otracker=search&otracker1=search&fm=organic&iid=43404e50-25b7-4373-9f2d-0bc78dda3de4.MOBH9HFJTH8SZWMZ.SEARCH&ppt=None&ppn=None&ssid=oqvx9hv6bk0000001777620099812&qH=eb4af0bf07c16429&ov_redirect=true","₹13,499","https://www.flipkart.com/poco-m7-5g-ocean-blue-128-gb/p/itm7c4a352930fde?pid=MOBH9HFJTH8SZWMZ&lid=LSTMOBH9HFJTH8SZWMZ6OVNR6&marketplace=FLIPKART&q=mobiles&store=tyy%2F4io&srno=s_4_85&otracker=search&otracker1=search&fm=organic&iid=43404e50-25b7-4373-9f2d-0bc78dda3de4.MOBH9HFJTH8SZWMZ.SEARCH&ppt=None&ppn=None&ssid=oqvx9hv6bk0000001777620099812&qH=eb4af0bf07c16429&ov_redirect=true"
"POCO M6 Plus 5G (Ice Silver, 128 GB)","https://www.flipkart.com/poco-m6-plus-5g-ice-silver-128-gb/p/itmc28efc9e90d07?pid=MOBH2M2DHZWDKYFE&lid=LSTMOBH2M2DHZWDKYFEJAQ2HD&marketplace=FLIPKART&q=mobiles&store=tyy%2F4io&srno=s_4_86&otracker=search&otracker1=search&fm=organic&iid=43404e50-25b7-4373-9f2d-0bc78dda3de4.MOBH2M2DHZWDKYFE.SEARCH&ppt=None&ppn=None&ssid=oqvx9hv6bk0000001777620099812&qH=eb4af0bf07c16429&ov_redirect=true","₹14,499","https://www.flipkart.com/poco-m6-plus-5g-ice-silver-128-gb/p/itmc28efc9e90d07?pid=MOBH2M2DHZWDKYFE&lid=LSTMOBH2M2DHZWDKYFEJAQ2HD&marketplace=FLIPKART&q=mobiles&store=tyy%2F4io&srno=s_4_86&otracker=search&otracker1=search&fm=organic&iid=43404e50-25b7-4373-9f2d-0bc78dda3de4.MOBH2M2DHZWDKYFE.SEARCH&ppt=None&ppn=None&ssid=oqvx9hv6bk0000001777620099812&qH=eb4af0bf07c16429&ov_redirect=true"
"realme P4 Lite 5G (Mosaic Green, 128 GB)","https://www.flipkart.com/realme-p4-lite-5g-mosaic-green-128-gb/p/itm90c243961f214?pid=MOBHHFBUFXBGDWBV&lid=LSTMOBHHFBUFXBGDWBVSMCT6D&marketplace=FLIPKART&q=mobiles&store=tyy%2F4io&srno=s_4_87&otracker=search&otracker1=search&fm=organic&iid=43404e50-25b7-4373-9f2d-0bc78dda3de4.MOBHHFBUFXBGDWBV.SEARCH&ppt=None&ppn=None&ssid=oqvx9hv6bk0000001777620099812&qH=eb4af0bf07c16429&ov_redirect=true","₹14,499","https://www.flipkart.com/realme-p4-lite-5g-mosaic-green-128-gb/p/itm90c243961f214?pid=MOBHHFBUFXBGDWBV&lid=LSTMOBHHFBUFXBGDWBVSMCT6D&marketplace=FLIPKART&q=mobiles&store=tyy%2F4io&srno=s_4_87&otracker=search&otracker1=search&fm=organic&iid=43404e50-25b7-4373-9f2d-0bc78dda3de4.MOBHHFBUFXBGDWBV.SEARCH&ppt=None&ppn=None&ssid=oqvx9hv6bk0000001777620099812&qH=eb4af0bf07c16429&ov_redirect=true"
"Samsung M36 5G (Light Green, 128 GB)","https://www.flipkart.com/samsung-m36-5g-light-green-128-gb/p/itm4cf1eae54334f?pid=MOBHEYY2YZXYBR66&lid=LSTMOBHEYY2YZXYBR66RWTOFC&marketplace=FLIPKART&q=mobiles&store=tyy%2F4io&srno=s_4_88&otracker=search&otracker1=search&fm=organic&iid=43404e50-25b7-4373-9f2d-0bc78dda3de4.MOBHEYY2YZXYBR66.SEARCH&ppt=None&ppn=None&ssid=oqvx9hv6bk0000001777620099812&qH=eb4af0bf07c16429&ov_redirect=true","₹16,900","https://www.flipkart.com/samsung-m36-5g-light-green-128-gb/p/itm4cf1eae54334f?pid=MOBHEYY2YZXYBR66&lid=LSTMOBHEYY2YZXYBR66RWTOFC&marketplace=FLIPKART&q=mobiles&store=tyy%2F4io&srno=s_4_88&otracker=search&otracker1=search&fm=organic&iid=43404e50-25b7-4373-9f2d-0bc78dda3de4.MOBHEYY2YZXYBR66.SEARCH&ppt=None&ppn=None&ssid=oqvx9hv6bk0000001777620099812&qH=eb4af0bf07c16429&ov_redirect=true"
"OPPO K14x 5G (Icy Blue, 64 GB)","https://www.flipkart.com/oppo-k14x-5g-icy-blue-64-gb/p/itm188c7a4b69292?pid=MOBHKZF3YEJNPZHZ&lid=LSTMOBHKZF3YEJNPZHZKAKWY1&marketplace=FLIPKART&q=mobiles&store=tyy%2F4io&srno=s_4_89&otracker=search&otracker1=search&fm=organic&iid=43404e50-25b7-4373-9f2d-0bc78dda3de4.MOBHKZF3YEJNPZHZ.SEARCH&ppt=None&ppn=None&ssid=oqvx9hv6bk0000001777620099812&qH=eb4af0bf07c16429&ov_redirect=true","₹14,999","https://www.flipkart.com/oppo-k14x-5g-icy-blue-64-gb/p/itm188c7a4b69292?pid=MOBHKZF3YEJNPZHZ&lid=LSTMOBHKZF3YEJNPZHZKAKWY1&marketplace=FLIPKART&q=mobiles&store=tyy%2F4io&srno=s_4_89&otracker=search&otracker1=search&fm=organic&iid=43404e50-25b7-4373-9f2d-0bc78dda3de4.MOBHKZF3YEJNPZHZ.SEARCH&ppt=None&ppn=None&ssid=oqvx9hv6bk0000001777620099812&qH=eb4af0bf07c16429&ov_redirect=true"
"POCO M7 Plus 5G (Carbon Black, 128 GB)","https://www.flipkart.com/poco-m7-plus-5g-carbon-black-128-gb/p/itm9b1bceebdc605?pid=MOBHETX6RHPPFCFD&lid=LSTMOBHETX6RHPPFCFDZH0IHQ&marketplace=FLIPKART&q=mobiles&store=tyy%2F4io&srno=s_4_90&otracker=search&otracker1=search&fm=organic&iid=43404e50-25b7-4373-9f2d-0bc78dda3de4.MOBHETX6RHPPFCFD.SEARCH&ppt=None&ppn=None&ssid=oqvx9hv6bk0000001777620099812&qH=eb4af0bf07c16429&ov_redirect=true","₹15,499","https://www.flipkart.com/poco-m7-plus-5g-carbon-black-128-gb/p/itm9b1bceebdc605?pid=MOBHETX6RHPPFCFD&lid=LSTMOBHETX6RHPPFCFDZH0IHQ&marketplace=FLIPKART&q=mobiles&store=tyy%2F4io&srno=s_4_90&otracker=search&otracker1=search&fm=organic&iid=43404e50-25b7-4373-9f2d-0bc78dda3de4.MOBHETX6RHPPFCFD.SEARCH&ppt=None&ppn=None&ssid=oqvx9hv6bk0000001777620099812&qH=eb4af0bf07c16429&ov_redirect=true"
"MOTOROLA g06 power (Pantone Laurel Oak, 64 GB)","https://www.flipkart.com/motorola-g06-power-pantone-laurel-oak-64-gb/p/itmf9181378967b8?pid=MOBHFSCECY35PFSB&lid=LSTMOBHFSCECY35PFSB1CPTDG&marketplace=FLIPKART&q=mobiles&store=tyy%2F4io&srno=s_4_91&otracker=search&otracker1=search&fm=organic&iid=43404e50-25b7-4373-9f2d-0bc78dda3de4.MOBHFSCECY35PFSB.SEARCH&ppt=None&ppn=None&ssid=oqvx9hv6bk0000001777620099812&qH=eb4af0bf07c16429&ov_redirect=true","₹9,999","https://www.flipkart.com/motorola-g06-power-pantone-laurel-oak-64-gb/p/itmf9181378967b8?pid=MOBHFSCECY35PFSB&lid=LSTMOBHFSCECY35PFSB1CPTDG&marketplace=FLIPKART&q=mobiles&store=tyy%2F4io&srno=s_4_91&otracker=search&otracker1=search&fm=organic&iid=43404e50-25b7-4373-9f2d-0bc78dda3de4.MOBHFSCECY35PFSB.SEARCH&ppt=None&ppn=None&ssid=oqvx9hv6bk0000001777620099812&qH=eb4af0bf07c16429&ov_redirect=true"
"GFive SHARK","https://www.flipkart.com/gfive-shark/p/itm9199420859906?pid=MOBHBUZY6RFRHQYV&lid=LSTMOBHBUZY6RFRHQYVP6NLDA&marketplace=FLIPKART&q=mobiles&store=tyy%2F4io&srno=s_4_92&otracker=search&otracker1=search&fm=organic&iid=43404e50-25b7-4373-9f2d-0bc78dda3de4.MOBHBUZY6RFRHQYV.SEARCH&ppt=None&ppn=None&ssid=oqvx9hv6bk0000001777620099812&qH=eb4af0bf07c16429&ov_redirect=true","₹749","https://www.flipkart.com/gfive-shark/p/itm9199420859906?pid=MOBHBUZY6RFRHQYV&lid=LSTMOBHBUZY6RFRHQYVP6NLDA&marketplace=FLIPKART&q=mobiles&store=tyy%2F4io&srno=s_4_92&otracker=search&otracker1=search&fm=organic&iid=43404e50-25b7-4373-9f2d-0bc78dda3de4.MOBHBUZY6RFRHQYV.SEARCH&ppt=None&ppn=None&ssid=oqvx9hv6bk0000001777620099812&qH=eb4af0bf07c16429&ov_redirect=true"
"Ai+ Nova 5G (Purple, 128 GB)","https://www.flipkart.com/ai-nova-5g-purple-128-gb/p/itm6116e1e30cc63?pid=MOBHDDQXJVZXFCWP&lid=LSTMOBHDDQXJVZXFCWPP3HPDK&marketplace=FLIPKART&q=mobiles&store=tyy%2F4io&srno=s_4_93&otracker=search&otracker1=search&fm=organic&iid=43404e50-25b7-4373-9f2d-0bc78dda3de4.MOBHDDQXJVZXFCWP.SEARCH&ppt=None&ppn=None&ssid=oqvx9hv6bk0000001777620099812&qH=eb4af0bf07c16429&ov_redirect=true","₹10,999","https://www.flipkart.com/ai-nova-5g-purple-128-gb/p/itm6116e1e30cc63?pid=MOBHDDQXJVZXFCWP&lid=LSTMOBHDDQXJVZXFCWPP3HPDK&marketplace=FLIPKART&q=mobiles&store=tyy%2F4io&srno=s_4_93&otracker=search&otracker1=search&fm=organic&iid=43404e50-25b7-4373-9f2d-0bc78dda3de4.MOBHDDQXJVZXFCWP.SEARCH&ppt=None&ppn=None&ssid=oqvx9hv6bk0000001777620099812&qH=eb4af0bf07c16429&ov_redirect=true"
"itel it5330 | 2.8 inch Big Display | 1900 mAh Battery | Kingvoice","https://www.flipkart.com/itel-it5330-2-8-inch-big-display-1900-mah-battery-kingvoice/p/itmfb08600c266c4?pid=MOBGW5H6KZ8BHRS3&lid=LSTMOBGW5H6KZ8BHRS3CQSOGH&marketplace=FLIPKART&q=mobiles&store=tyy%2F4io&srno=s_4_94&otracker=search&otracker1=search&fm=organic&iid=43404e50-25b7-4373-9f2d-0bc78dda3de4.MOBGW5H6KZ8BHRS3.SEARCH&ppt=None&ppn=None&ssid=oqvx9hv6bk0000001777620099812&qH=eb4af0bf07c16429&ov_redirect=true","₹1,579","https://www.flipkart.com/itel-it5330-2-8-inch-big-display-1900-mah-battery-kingvoice/p/itmfb08600c266c4?pid=MOBGW5H6KZ8BHRS3&lid=LSTMOBGW5H6KZ8BHRS3CQSOGH&marketplace=FLIPKART&q=mobiles&store=tyy%2F4io&srno=s_4_94&otracker=search&otracker1=search&fm=organic&iid=43404e50-25b7-4373-9f2d-0bc78dda3de4.MOBGW5H6KZ8BHRS3.SEARCH&ppt=None&ppn=None&ssid=oqvx9hv6bk0000001777620099812&qH=eb4af0bf07c16429&ov_redirect=true"
"Kechaoda A27","https://www.flipkart.com/kechaoda-a27/p/itmfe39duawbf8e5?pid=MOBFE4D2CGKRMVVW&lid=LSTMOBFE4D2CGKRMVVWYFIHLK&marketplace=FLIPKART&q=mobiles&store=tyy%2F4io&srno=s_4_95&otracker=search&otracker1=search&fm=organic&iid=43404e50-25b7-4373-9f2d-0bc78dda3de4.MOBFE4D2CGKRMVVW.SEARCH&ppt=None&ppn=None&ssid=oqvx9hv6bk0000001777620099812&qH=eb4af0bf07c16429&ov_redirect=true","₹899","https://www.flipkart.com/kechaoda-a27/p/itmfe39duawbf8e5?pid=MOBFE4D2CGKRMVVW&lid=LSTMOBFE4D2CGKRMVVWYFIHLK&marketplace=FLIPKART&q=mobiles&store=tyy%2F4io&srno=s_4_95&otracker=search&otracker1=search&fm=organic&iid=43404e50-25b7-4373-9f2d-0bc78dda3de4.MOBFE4D2CGKRMVVW.SEARCH&ppt=None&ppn=None&ssid=oqvx9hv6bk0000001777620099812&qH=eb4af0bf07c16429&ov_redirect=true"
"KARBONN K9 Jumbo,Dual Keypad Mobile,2.4 Big LCD,2MP Camera,1800mAh Battery,FM,Vibratore","https://www.flipkart.com/karbonn-k9-jumbo-dual-keypad-mobile-2-4-big-lcd-2mp-camera-1800mah-battery-fm-vibratore/p/itm3ff31178f348f?pid=MOBH6GZVNMW2UY3F&lid=LSTMOBH6GZVNMW2UY3FKESAN2&marketplace=FLIPKART&q=mobiles&store=tyy%2F4io&srno=s_4_96&otracker=search&otracker1=search&fm=organic&iid=43404e50-25b7-4373-9f2d-0bc78dda3de4.MOBH6GZVNMW2UY3F.SEARCH&ppt=None&ppn=None&ssid=oqvx9hv6bk0000001777620099812&qH=eb4af0bf07c16429&ov_redirect=true","₹1,496","https://www.flipkart.com/karbonn-k9-jumbo-dual-keypad-mobile-2-4-big-lcd-2mp-camera-1800mah-battery-fm-vibratore/p/itm3ff31178f348f?pid=MOBH6GZVNMW2UY3F&lid=LSTMOBH6GZVNMW2UY3FKESAN2&marketplace=FLIPKART&q=mobiles&store=tyy%2F4io&srno=s_4_96&otracker=search&otracker1=search&fm=organic&iid=43404e50-25b7-4373-9f2d-0bc78dda3de4.MOBH6GZVNMW2UY3F.SEARCH&ppt=None&ppn=None&ssid=oqvx9hv6bk0000001777620099812&qH=eb4af0bf07c16429&ov_redirect=true"
"POCO C75 5G (Silver Stardust, 64 GB)","https://www.flipkart.com/poco-c75-5g-silver-stardust-64-gb/p/itm8e3f17ac2e724?pid=MOBH74433ZER9U4P&lid=LSTMOBH74433ZER9U4PIUMZCQ&marketplace=FLIPKART&q=mobiles&store=tyy%2F4io&srno=s_5_97&otracker=search&otracker1=search&fm=organic&iid=cc1c702b-85e3-45a8-bb7e-bd9da99c7608.MOBH74433ZER9U4P.SEARCH&ppt=None&ppn=None&ssid=zeim0lk1mo0000001777620111914&qH=eb4af0bf07c16429&ov_redirect=true","₹10,999","https://www.flipkart.com/poco-c75-5g-silver-stardust-64-gb/p/itm8e3f17ac2e724?pid=MOBH74433ZER9U4P&lid=LSTMOBH74433ZER9U4PIUMZCQ&marketplace=FLIPKART&q=mobiles&store=tyy%2F4io&srno=s_5_97&otracker=search&otracker1=search&fm=organic&iid=cc1c702b-85e3-45a8-bb7e-bd9da99c7608.MOBH74433ZER9U4P.SEARCH&ppt=None&ppn=None&ssid=zeim0lk1mo0000001777620111914&qH=eb4af0bf07c16429&ov_redirect=true"
"REDMI Note 14 SE 5G (Titan Black, 128 GB)","https://www.flipkart.com/redmi-note-14-se-5g-titan-black-128-gb/p/itmbbe0bfdee707d?pid=MOBHE48SMK9RUZHQ&lid=LSTMOBHE48SMK9RUZHQEJUO1P&marketplace=FLIPKART&q=mobiles&store=tyy%2F4io&srno=s_5_98&otracker=search&otracker1=search&fm=organic&iid=cc1c702b-85e3-45a8-bb7e-bd9da99c7608.MOBHE48SMK9RUZHQ.SEARCH&ppt=None&ppn=None&ssid=zeim0lk1mo0000001777620111914&qH=eb4af0bf07c16429&ov_redirect=true","₹16,999","https://www.flipkart.com/redmi-note-14-se-5g-titan-black-128-gb/p/itmbbe0bfdee707d?pid=MOBHE48SMK9RUZHQ&lid=LSTMOBHE48SMK9RUZHQEJUO1P&marketplace=FLIPKART&q=mobiles&store=tyy%2F4io&srno=s_5_98&otracker=search&otracker1=search&fm=organic&iid=cc1c702b-85e3-45a8-bb7e-bd9da99c7608.MOBHE48SMK9RUZHQ.SEARCH&ppt=None&ppn=None&ssid=zeim0lk1mo0000001777620111914&qH=eb4af0bf07c16429&ov_redirect=true"
"LAVA A3 Torch","https://www.flipkart.com/lava-a3-torch/p/itmdf5e9eeffd7ab?pid=MOBH5ZYHF9NCM3NB&lid=LSTMOBH5ZYHF9NCM3NBLMXOCG&marketplace=FLIPKART&q=mobiles&store=tyy%2F4io&srno=s_5_99&otracker=search&otracker1=search&fm=organic&iid=cc1c702b-85e3-45a8-bb7e-bd9da99c7608.MOBH5ZYHF9NCM3NB.SEARCH&ppt=None&ppn=None&ssid=zeim0lk1mo0000001777620111914&qH=eb4af0bf07c16429&ov_redirect=true","₹1,341","https://www.flipkart.com/lava-a3-torch/p/itmdf5e9eeffd7ab?pid=MOBH5ZYHF9NCM3NB&lid=LSTMOBH5ZYHF9NCM3NBLMXOCG&marketplace=FLIPKART&q=mobiles&store=tyy%2F4io&srno=s_5_99&otracker=search&otracker1=search&fm=organic&iid=cc1c702b-85e3-45a8-bb7e-bd9da99c7608.MOBH5ZYHF9NCM3NB.SEARCH&ppt=None&ppn=None&ssid=zeim0lk1mo0000001777620111914&qH=eb4af0bf07c16429&ov_redirect=true"
"REDMI Note 15 SE 5G (Frosted White, 128 GB)","https://www.flipkart.com/redmi-note-15-se-5g-frosted-white-128-gb/p/itme790d8c8f675b?pid=MOBHHAFAYA6UYMB9&lid=LSTMOBHHAFAYA6UYMB9P8KIMQ&marketplace=FLIPKART&q=mobiles&store=tyy%2F4io&srno=s_5_100&otracker=search&otracker1=search&fm=organic&iid=cc1c702b-85e3-45a8-bb7e-bd9da99c7608.MOBHHAFAYA6UYMB9.SEARCH&ppt=None&ppn=None&ssid=zeim0lk1mo0000001777620111914&qH=eb4af0bf07c16429&ov_redirect=true","₹19,999","https://www.flipkart.com/redmi-note-15-se-5g-frosted-white-128-gb/p/itme790d8c8f675b?pid=MOBHHAFAYA6UYMB9&lid=LSTMOBHHAFAYA6UYMB9P8KIMQ&marketplace=FLIPKART&q=mobiles&store=tyy%2F4io&srno=s_5_100&otracker=search&otracker1=search&fm=organic&iid=cc1c702b-85e3-45a8-bb7e-bd9da99c7608.MOBHHAFAYA6UYMB9.SEARCH&ppt=None&ppn=None&ssid=zeim0lk1mo0000001777620111914&qH=eb4af0bf07c16429&ov_redirect=true"
"Apple iPhone 17 (Black, 256 GB)","https://www.flipkart.com/apple-iphone-17-black-256-gb/p/itm6eb39da622cdd?pid=MOBHFN6YN2HXB5HE&lid=LSTMOBHFN6YN2HXB5HER9QXGU&marketplace=FLIPKART&q=mobiles&store=tyy%2F4io&srno=s_5_101&otracker=search&otracker1=search&fm=organic&iid=cc1c702b-85e3-45a8-bb7e-bd9da99c7608.MOBHFN6YN2HXB5HE.SEARCH&ppt=None&ppn=None&ssid=zeim0lk1mo0000001777620111914&qH=eb4af0bf07c16429&ov_redirect=true","₹82,900","https://www.flipkart.com/apple-iphone-17-black-256-gb/p/itm6eb39da622cdd?pid=MOBHFN6YN2HXB5HE&lid=LSTMOBHFN6YN2HXB5HER9QXGU&marketplace=FLIPKART&q=mobiles&store=tyy%2F4io&srno=s_5_101&otracker=search&otracker1=search&fm=organic&iid=cc1c702b-85e3-45a8-bb7e-bd9da99c7608.MOBHFN6YN2HXB5HE.SEARCH&ppt=None&ppn=None&ssid=zeim0lk1mo0000001777620111914&qH=eb4af0bf07c16429&ov_redirect=true"
"LAVA A7 Torch+","https://www.flipkart.com/lava-a7-torch/p/itm9b1e7a0319be6?pid=MOBGT96PUCU4ESGQ&lid=LSTMOBGT96PUCU4ESGQCMK7LH&marketplace=FLIPKART&q=mobiles&store=tyy%2F4io&srno=s_5_102&otracker=search&otracker1=search&fm=organic&iid=cc1c702b-85e3-45a8-bb7e-bd9da99c7608.MOBGT96PUCU4ESGQ.SEARCH&ppt=None&ppn=None&ssid=zeim0lk1mo0000001777620111914&qH=eb4af0bf07c16429&ov_redirect=true","₹1,589","https://www.flipkart.com/lava-a7-torch/p/itm9b1e7a0319be6?pid=MOBGT96PUCU4ESGQ&lid=LSTMOBGT96PUCU4ESGQCMK7LH&marketplace=FLIPKART&q=mobiles&store=tyy%2F4io&srno=s_5_102&otracker=search&otracker1=search&fm=organic&iid=cc1c702b-85e3-45a8-bb7e-bd9da99c7608.MOBGT96PUCU4ESGQ.SEARCH&ppt=None&ppn=None&ssid=zeim0lk1mo0000001777620111914&qH=eb4af0bf07c16429&ov_redirect=true"
"Nokia 106 Single Sim Keypad Phone with Built-in UPI App, MP3 Player","https://www.flipkart.com/nokia-106-single-sim-keypad-phone-built-in-upi-app-mp3-player/p/itm5486a2da326c2?pid=MOBGRH6YNYVBQJSR&lid=LSTMOBGRH6YNYVBQJSRBOSRZ8&marketplace=FLIPKART&q=mobiles&store=tyy%2F4io&srno=s_5_103&otracker=search&otracker1=search&fm=organic&iid=cc1c702b-85e3-45a8-bb7e-bd9da99c7608.MOBGRH6YNYVBQJSR.SEARCH&ppt=None&ppn=None&ssid=zeim0lk1mo0000001777620111914&qH=eb4af0bf07c16429&ov_redirect=true","₹1,304","https://www.flipkart.com/nokia-106-single-sim-keypad-phone-built-in-upi-app-mp3-player/p/itm5486a2da326c2?pid=MOBGRH6YNYVBQJSR&lid=LSTMOBGRH6YNYVBQJSRBOSRZ8&marketplace=FLIPKART&q=mobiles&store=tyy%2F4io&srno=s_5_103&otracker=search&otracker1=search&fm=organic&iid=cc1c702b-85e3-45a8-bb7e-bd9da99c7608.MOBGRH6YNYVBQJSR.SEARCH&ppt=None&ppn=None&ssid=zeim0lk1mo0000001777620111914&qH=eb4af0bf07c16429&ov_redirect=true"
"MOTOROLA g06 power (Pantone Tendril, 64 GB)","https://www.flipkart.com/motorola-g06-power-pantone-tendril-64-gb/p/itm042f1f6d04b3a?pid=MOBHFSCEDQXXDXUQ&lid=LSTMOBHFSCEDQXXDXUQ5OORZ3&marketplace=FLIPKART&q=mobiles&store=tyy%2F4io&srno=s_5_104&otracker=search&otracker1=search&fm=organic&iid=cc1c702b-85e3-45a8-bb7e-bd9da99c7608.MOBHFSCEDQXXDXUQ.SEARCH&ppt=None&ppn=None&ssid=zeim0lk1mo0000001777620111914&qH=eb4af0bf07c16429&ov_redirect=true","₹9,999","https://www.flipkart.com/motorola-g06-power-pantone-tendril-64-gb/p/itm042f1f6d04b3a?pid=MOBHFSCEDQXXDXUQ&lid=LSTMOBHFSCEDQXXDXUQ5OORZ3&marketplace=FLIPKART&q=mobiles&store=tyy%2F4io&srno=s_5_104&otracker=search&otracker1=search&fm=organic&iid=cc1c702b-85e3-45a8-bb7e-bd9da99c7608.MOBHFSCEDQXXDXUQ.SEARCH&ppt=None&ppn=None&ssid=zeim0lk1mo0000001777620111914&qH=eb4af0bf07c16429&ov_redirect=true"
"Kechaoda K115","https://www.flipkart.com/kechaoda-k115/p/itmexfz2mgxnzhnd?pid=MOBEXFZ2HMZMJGNH&lid=LSTMOBEXFZ2HMZMJGNHZ4GPEG&marketplace=FLIPKART&q=mobiles&store=tyy%2F4io&srno=s_5_105&otracker=search&otracker1=search&fm=organic&iid=cc1c702b-85e3-45a8-bb7e-bd9da99c7608.MOBEXFZ2HMZMJGNH.SEARCH&ppt=None&ppn=None&ssid=zeim0lk1mo0000001777620111914&qH=eb4af0bf07c16429&ov_redirect=true","₹997","https://www.flipkart.com/kechaoda-k115/p/itmexfz2mgxnzhnd?pid=MOBEXFZ2HMZMJGNH&lid=LSTMOBEXFZ2HMZMJGNHZ4GPEG&marketplace=FLIPKART&q=mobiles&store=tyy%2F4io&srno=s_5_105&otracker=search&otracker1=search&fm=organic&iid=cc1c702b-85e3-45a8-bb7e-bd9da99c7608.MOBEXFZ2HMZMJGNH.SEARCH&ppt=None&ppn=None&ssid=zeim0lk1mo0000001777620111914&qH=eb4af0bf07c16429&ov_redirect=true"
"Ai+ Pulse 2 (Green, 128 GB)","https://www.flipkart.com/ai-pulse-2-green-128-gb/p/itme10d6b42d3b31?pid=MOBHKHPYGZGYBD8H&lid=LSTMOBHKHPYGZGYBD8H1U3NOG&marketplace=FLIPKART&q=mobiles&store=tyy%2F4io&srno=s_5_106&otracker=search&otracker1=search&fm=organic&iid=cc1c702b-85e3-45a8-bb7e-bd9da99c7608.MOBHKHPYGZGYBD8H.SEARCH&ppt=None&ppn=None&ssid=zeim0lk1mo0000001777620111914&qH=eb4af0bf07c16429&ov_redirect=true","₹9,999","https://www.flipkart.com/ai-pulse-2-green-128-gb/p/itme10d6b42d3b31?pid=MOBHKHPYGZGYBD8H&lid=LSTMOBHKHPYGZGYBD8H1U3NOG&marketplace=FLIPKART&q=mobiles&store=tyy%2F4io&srno=s_5_106&otracker=search&otracker1=search&fm=organic&iid=cc1c702b-85e3-45a8-bb7e-bd9da99c7608.MOBHKHPYGZGYBD8H.SEARCH&ppt=None&ppn=None&ssid=zeim0lk1mo0000001777620111914&qH=eb4af0bf07c16429&ov_redirect=true"
"POCO M8 (Carbon Black, 128 GB)","https://www.flipkart.com/poco-m8-carbon-black-128-gb/p/itmfb341f67be0ed?pid=MOBHGZZ6FEDJKAYZ&lid=LSTMOBHGZZ6FEDJKAYZ6QQNNI&marketplace=FLIPKART&q=mobiles&store=tyy%2F4io&srno=s_5_107&otracker=search&otracker1=search&fm=organic&iid=cc1c702b-85e3-45a8-bb7e-bd9da99c7608.MOBHGZZ6FEDJKAYZ.SEARCH&ppt=None&ppn=None&ssid=zeim0lk1mo0000001777620111914&qH=eb4af0bf07c16429&ov_redirect=true","₹18,999","https://www.flipkart.com/poco-m8-carbon-black-128-gb/p/itmfb341f67be0ed?pid=MOBHGZZ6FEDJKAYZ&lid=LSTMOBHGZZ6FEDJKAYZ6QQNNI&marketplace=FLIPKART&q=mobiles&store=tyy%2F4io&srno=s_5_107&otracker=search&otracker1=search&fm=organic&iid=cc1c702b-85e3-45a8-bb7e-bd9da99c7608.MOBHGZZ6FEDJKAYZ.SEARCH&ppt=None&ppn=None&ssid=zeim0lk1mo0000001777620111914&qH=eb4af0bf07c16429&ov_redirect=true"
"HOTLINE Amaze H312","https://www.flipkart.com/hotline-amaze-h312/p/itme7ac50a5a6695?pid=MOBFUBX58K3KYC2C&lid=LSTMOBFUBX58K3KYC2CVRP4JQ&marketplace=FLIPKART&q=mobiles&store=tyy%2F4io&srno=s_5_108&otracker=search&otracker1=search&fm=organic&iid=cc1c702b-85e3-45a8-bb7e-bd9da99c7608.MOBFUBX58K3KYC2C.SEARCH&ppt=None&ppn=None&ssid=zeim0lk1mo0000001777620111914&qH=eb4af0bf07c16429&ov_redirect=true","₹549","https://www.flipkart.com/hotline-amaze-h312/p/itme7ac50a5a6695?pid=MOBFUBX58K3KYC2C&lid=LSTMOBFUBX58K3KYC2CVRP4JQ&marketplace=FLIPKART&q=mobiles&store=tyy%2F4io&srno=s_5_108&otracker=search&otracker1=search&fm=organic&iid=cc1c702b-85e3-45a8-bb7e-bd9da99c7608.MOBFUBX58K3KYC2C.SEARCH&ppt=None&ppn=None&ssid=zeim0lk1mo0000001777620111914&qH=eb4af0bf07c16429&ov_redirect=true"
"LAVA A1 Josh","https://www.flipkart.com/lava-a1-josh/p/itme1f79c8bba88a?pid=MOBHHFUSK8V5EJUM&lid=LSTMOBHHFUSK8V5EJUMO9MR6R&marketplace=FLIPKART&q=mobiles&store=tyy%2F4io&srno=s_5_109&otracker=search&otracker1=search&fm=organic&iid=cc1c702b-85e3-45a8-bb7e-bd9da99c7608.MOBHHFUSK8V5EJUM.SEARCH&ppt=None&ppn=None&ssid=zeim0lk1mo0000001777620111914&qH=eb4af0bf07c16429&ov_redirect=true","₹1,049","https://www.flipkart.com/lava-a1-josh/p/itme1f79c8bba88a?pid=MOBHHFUSK8V5EJUM&lid=LSTMOBHHFUSK8V5EJUMO9MR6R&marketplace=FLIPKART&q=mobiles&store=tyy%2F4io&srno=s_5_109&otracker=search&otracker1=search&fm=organic&iid=cc1c702b-85e3-45a8-bb7e-bd9da99c7608.MOBHHFUSK8V5EJUM.SEARCH&ppt=None&ppn=None&ssid=zeim0lk1mo0000001777620111914&qH=eb4af0bf07c16429&ov_redirect=true"
"vivo T5 Pro 5G (Cosmic Black, 256 GB)","https://www.flipkart.com/vivo-t5-pro-5g-cosmic-black-256-gb/p/itma21e2e09d4493?pid=MOBHM4FZRMHBQHP5&lid=LSTMOBHM4FZRMHBQHP59ZOVA8&marketplace=FLIPKART&q=mobiles&store=tyy%2F4io&srno=s_5_110&otracker=search&otracker1=search&fm=organic&iid=cc1c702b-85e3-45a8-bb7e-bd9da99c7608.MOBHM4FZRMHBQHP5.SEARCH&ppt=None&ppn=None&ssid=zeim0lk1mo0000001777620111914&qH=eb4af0bf07c16429&ov_redirect=true","₹33,999","https://www.flipkart.com/vivo-t5-pro-5g-cosmic-black-256-gb/p/itma21e2e09d4493?pid=MOBHM4FZRMHBQHP5&lid=LSTMOBHM4FZRMHBQHP59ZOVA8&marketplace=FLIPKART&q=mobiles&store=tyy%2F4io&srno=s_5_110&otracker=search&otracker1=search&fm=organic&iid=cc1c702b-85e3-45a8-bb7e-bd9da99c7608.MOBHM4FZRMHBQHP5.SEARCH&ppt=None&ppn=None&ssid=zeim0lk1mo0000001777620111914&qH=eb4af0bf07c16429&ov_redirect=true"
"LAVA A2 Smart","https://www.flipkart.com/lava-a2-smart/p/itm46b99bae8203d?pid=MOBHHCUEUPJSEHMF&lid=LSTMOBHHCUEUPJSEHMFJPZZVP&marketplace=FLIPKART&q=mobiles&store=tyy%2F4io&srno=s_5_111&otracker=search&otracker1=search&fm=organic&iid=cc1c702b-85e3-45a8-bb7e-bd9da99c7608.MOBHHCUEUPJSEHMF.SEARCH&ppt=None&ppn=None&ssid=zeim0lk1mo0000001777620111914&qH=eb4af0bf07c16429&ov_redirect=true","₹1,286","https://www.flipkart.com/lava-a2-smart/p/itm46b99bae8203d?pid=MOBHHCUEUPJSEHMF&lid=LSTMOBHHCUEUPJSEHMFJPZZVP&marketplace=FLIPKART&q=mobiles&store=tyy%2F4io&srno=s_5_111&otracker=search&otracker1=search&fm=organic&iid=cc1c702b-85e3-45a8-bb7e-bd9da99c7608.MOBHHCUEUPJSEHMF.SEARCH&ppt=None&ppn=None&ssid=zeim0lk1mo0000001777620111914&qH=eb4af0bf07c16429&ov_redirect=true"
"POCO M7 Plus 5G (Aqua Blue, 128 GB)","https://www.flipkart.com/poco-m7-plus-5g-aqua-blue-128-gb/p/itmd9444b12bdb68?pid=MOBHETX6GZAJWQME&lid=LSTMOBHETX6GZAJWQMEDZLMD8&marketplace=FLIPKART&q=mobiles&store=tyy%2F4io&srno=s_5_112&otracker=search&otracker1=search&fm=organic&iid=cc1c702b-85e3-45a8-bb7e-bd9da99c7608.MOBHETX6GZAJWQME.SEARCH&ppt=None&ppn=None&ssid=zeim0lk1mo0000001777620111914&qH=eb4af0bf07c16429&ov_redirect=true","₹17,999","https://www.flipkart.com/poco-m7-plus-5g-aqua-blue-128-gb/p/itmd9444b12bdb68?pid=MOBHETX6GZAJWQME&lid=LSTMOBHETX6GZAJWQMEDZLMD8&marketplace=FLIPKART&q=mobiles&store=tyy%2F4io&srno=s_5_112&otracker=search&otracker1=search&fm=organic&iid=cc1c702b-85e3-45a8-bb7e-bd9da99c7608.MOBHETX6GZAJWQME.SEARCH&ppt=None&ppn=None&ssid=zeim0lk1mo0000001777620111914&qH=eb4af0bf07c16429&ov_redirect=true"
"MOTOROLA Edge 70 Fusion (Pantone COUNTRY AIR, 128 GB)","https://www.flipkart.com/motorola-edge-70-fusion-pantone-country-air-128-gb/p/itm2b93872d33747?pid=MOBHJ7TXKWJTAHNH&lid=LSTMOBHJ7TXKWJTAHNHH7IMM4&marketplace=FLIPKART&q=mobiles&store=tyy%2F4io&srno=s_5_113&otracker=search&otracker1=search&fm=organic&iid=cc1c702b-85e3-45a8-bb7e-bd9da99c7608.MOBHJ7TXKWJTAHNH.SEARCH&ppt=None&ppn=None&ssid=zeim0lk1mo0000001777620111914&qH=eb4af0bf07c16429&ov_redirect=true","₹26,999","https://www.flipkart.com/motorola-edge-70-fusion-pantone-country-air-128-gb/p/itm2b93872d33747?pid=MOBHJ7TXKWJTAHNH&lid=LSTMOBHJ7TXKWJTAHNHH7IMM4&marketplace=FLIPKART&q=mobiles&store=tyy%2F4io&srno=s_5_113&otracker=search&otracker1=search&fm=organic&iid=cc1c702b-85e3-45a8-bb7e-bd9da99c7608.MOBHJ7TXKWJTAHNH.SEARCH&ppt=None&ppn=None&ssid=zeim0lk1mo0000001777620111914&qH=eb4af0bf07c16429&ov_redirect=true"
"OnePlus Nord CE5 5G (Black Infinity, 128 GB)","https://www.flipkart.com/oneplus-nord-ce5-5g-black-infinity-128-gb/p/itm9259708fe4e3c?pid=MOBHEYWZAGYMPFRP&lid=LSTMOBHEYWZAGYMPFRPOLVOAC&marketplace=FLIPKART&q=mobiles&store=tyy%2F4io&srno=s_5_114&otracker=search&otracker1=search&fm=organic&iid=cc1c702b-85e3-45a8-bb7e-bd9da99c7608.MOBHEYWZAGYMPFRP.SEARCH&ppt=None&ppn=None&ssid=zeim0lk1mo0000001777620111914&qH=eb4af0bf07c16429&ov_redirect=true","₹28,999","https://www.flipkart.com/oneplus-nord-ce5-5g-black-infinity-128-gb/p/itm9259708fe4e3c?pid=MOBHEYWZAGYMPFRP&lid=LSTMOBHEYWZAGYMPFRPOLVOAC&marketplace=FLIPKART&q=mobiles&store=tyy%2F4io&srno=s_5_114&otracker=search&otracker1=search&fm=organic&iid=cc1c702b-85e3-45a8-bb7e-bd9da99c7608.MOBHEYWZAGYMPFRP.SEARCH&ppt=None&ppn=None&ssid=zeim0lk1mo0000001777620111914&qH=eb4af0bf07c16429&ov_redirect=true"
"MOTOROLA Edge 60 Pro (Pantone Shadow, 512 GB)","https://www.flipkart.com/motorola-edge-60-pro-pantone-shadow-512-gb/p/itm88348cb50ac39?pid=MOBHC7EWEUHRV95Q&lid=LSTMOBHC7EWEUHRV95QL9U01A&marketplace=FLIPKART&q=mobiles&store=tyy%2F4io&srno=s_5_115&otracker=search&otracker1=search&fm=organic&iid=cc1c702b-85e3-45a8-bb7e-bd9da99c7608.MOBHC7EWEUHRV95Q.SEARCH&ppt=None&ppn=None&ssid=zeim0lk1mo0000001777620111914&qH=eb4af0bf07c16429&ov_redirect=true","₹37,999","https://www.flipkart.com/motorola-edge-60-pro-pantone-shadow-512-gb/p/itm88348cb50ac39?pid=MOBHC7EWEUHRV95Q&lid=LSTMOBHC7EWEUHRV95QL9U01A&marketplace=FLIPKART&q=mobiles&store=tyy%2F4io&srno=s_5_115&otracker=search&otracker1=search&fm=organic&iid=cc1c702b-85e3-45a8-bb7e-bd9da99c7608.MOBHC7EWEUHRV95Q.SEARCH&ppt=None&ppn=None&ssid=zeim0lk1mo0000001777620111914&qH=eb4af0bf07c16429&ov_redirect=true"
"Nothing Phone (4a) (White, 256 GB)","https://www.flipkart.com/nothing-phone-4a-white-256-gb/p/itm47712249513d4?pid=MOBHK7DDHD8MYDGG&lid=LSTMOBHK7DDHD8MYDGGFXEWMS&marketplace=FLIPKART&q=mobiles&store=tyy%2F4io&srno=s_5_116&otracker=search&otracker1=search&fm=organic&iid=cc1c702b-85e3-45a8-bb7e-bd9da99c7608.MOBHK7DDHD8MYDGG.SEARCH&ppt=None&ppn=None&ssid=zeim0lk1mo0000001777620111914&qH=eb4af0bf07c16429&ov_redirect=true","₹37,999","https://www.flipkart.com/nothing-phone-4a-white-256-gb/p/itm47712249513d4?pid=MOBHK7DDHD8MYDGG&lid=LSTMOBHK7DDHD8MYDGGFXEWMS&marketplace=FLIPKART&q=mobiles&store=tyy%2F4io&srno=s_5_116&otracker=search&otracker1=search&fm=organic&iid=cc1c702b-85e3-45a8-bb7e-bd9da99c7608.MOBHK7DDHD8MYDGG.SEARCH&ppt=None&ppn=None&ssid=zeim0lk1mo0000001777620111914&qH=eb4af0bf07c16429&ov_redirect=true"
"realme P4 Lite (Sea Blue, 64 GB)","https://www.flipkart.com/realme-p4-lite-sea-blue-64-gb/p/itm534024e2339ef?pid=MOBHK685GRDWR7UE&lid=LSTMOBHK685GRDWR7UEUL2XML&marketplace=FLIPKART&q=mobiles&store=tyy%2F4io&srno=s_5_117&otracker=search&otracker1=search&fm=organic&iid=cc1c702b-85e3-45a8-bb7e-bd9da99c7608.MOBHK685GRDWR7UE.SEARCH&ppt=None&ppn=None&ssid=zeim0lk1mo0000001777620111914&qH=eb4af0bf07c16429&ov_redirect=true","₹9,999","https://www.flipkart.com/realme-p4-lite-sea-blue-64-gb/p/itm534024e2339ef?pid=MOBHK685GRDWR7UE&lid=LSTMOBHK685GRDWR7UEUL2XML&marketplace=FLIPKART&q=mobiles&store=tyy%2F4io&srno=s_5_117&otracker=search&otracker1=search&fm=organic&iid=cc1c702b-85e3-45a8-bb7e-bd9da99c7608.MOBHK685GRDWR7UE.SEARCH&ppt=None&ppn=None&ssid=zeim0lk1mo0000001777620111914&qH=eb4af0bf07c16429&ov_redirect=true"
"REDMI 15A (Ace Black, 64 GB)","https://www.flipkart.com/redmi-15a-ace-black-64-gb/p/itm68ab4eb006b2a?pid=MOBHHAFGXTESRZCY&lid=LSTMOBHHAFGXTESRZCYDZNFNN&marketplace=FLIPKART&q=mobiles&store=tyy%2F4io&srno=s_5_118&otracker=search&otracker1=search&fm=organic&iid=cc1c702b-85e3-45a8-bb7e-bd9da99c7608.MOBHHAFGXTESRZCY.SEARCH&ppt=None&ppn=None&ssid=zeim0lk1mo0000001777620111914&qH=eb4af0bf07c16429&ov_redirect=true","₹13,499","https://www.flipkart.com/redmi-15a-ace-black-64-gb/p/itm68ab4eb006b2a?pid=MOBHHAFGXTESRZCY&lid=LSTMOBHHAFGXTESRZCYDZNFNN&marketplace=FLIPKART&q=mobiles&store=tyy%2F4io&srno=s_5_118&otracker=search&otracker1=search&fm=organic&iid=cc1c702b-85e3-45a8-bb7e-bd9da99c7608.MOBHHAFGXTESRZCY.SEARCH&ppt=None&ppn=None&ssid=zeim0lk1mo0000001777620111914&qH=eb4af0bf07c16429&ov_redirect=true"
"REDMI A5 (Pondicherry Blue, 64 GB)","https://www.flipkart.com/redmi-a5-pondicherry-blue-64-gb/p/itm2b4357effaa74?pid=MOBHB2HGG8RN2GUC&lid=LSTMOBHB2HGG8RN2GUC8MPJWI&marketplace=FLIPKART&q=mobiles&store=tyy%2F4io&srno=s_5_119&otracker=search&otracker1=search&fm=organic&iid=cc1c702b-85e3-45a8-bb7e-bd9da99c7608.MOBHB2HGG8RN2GUC.SEARCH&ppt=None&ppn=None&ssid=zeim0lk1mo0000001777620111914&qH=eb4af0bf07c16429&ov_redirect=true","₹8,999","https://www.flipkart.com/redmi-a5-pondicherry-blue-64-gb/p/itm2b4357effaa74?pid=MOBHB2HGG8RN2GUC&lid=LSTMOBHB2HGG8RN2GUC8MPJWI&marketplace=FLIPKART&q=mobiles&store=tyy%2F4io&srno=s_5_119&otracker=search&otracker1=search&fm=organic&iid=cc1c702b-85e3-45a8-bb7e-bd9da99c7608.MOBHB2HGG8RN2GUC.SEARCH&ppt=None&ppn=None&ssid=zeim0lk1mo0000001777620111914&qH=eb4af0bf07c16429&ov_redirect=true"
"realme Narzo 80 Lite 5G (Onyx Black, 128 GB)","https://www.flipkart.com/realme-narzo-80-lite-5g-onyx-black-128-gb/p/itm47ab7fdec3924?pid=MOBHDEYWAVBYBAUZ&lid=LSTMOBHDEYWAVBYBAUZN5VNH7&marketplace=FLIPKART&q=mobiles&store=tyy%2F4io&srno=s_5_120&otracker=search&otracker1=search&fm=organic&iid=cc1c702b-85e3-45a8-bb7e-bd9da99c7608.MOBHDEYWAVBYBAUZ.SEARCH&ppt=None&ppn=None&ssid=zeim0lk1mo0000001777620111914&qH=eb4af0bf07c16429&ov_redirect=true","₹13,999","https://www.flipkart.com/realme-narzo-80-lite-5g-onyx-black-128-gb/p/itm47ab7fdec3924?pid=MOBHDEYWAVBYBAUZ&lid=LSTMOBHDEYWAVBYBAUZN5VNH7&marketplace=FLIPKART&q=mobiles&store=tyy%2F4io&srno=s_5_120&otracker=search&otracker1=search&fm=organic&iid=cc1c702b-85e3-45a8-bb7e-bd9da99c7608.MOBHDEYWAVBYBAUZ.SEARCH&ppt=None&ppn=None&ssid=zeim0lk1mo0000001777620111914&qH=eb4af0bf07c16429&ov_redirect=true"
"realme P4 Lite (Sea Blue, 128 GB)","https://www.flipkart.com/realme-p4-lite-sea-blue-128-gb/p/itm534024e2339ef?pid=MOBHK685ZBEG6Y5H&lid=LSTMOBHK685ZBEG6Y5HLV0LRO&marketplace=FLIPKART&q=mobiles&store=tyy%2F4io&srno=s_6_121&otracker=search&otracker1=search&fm=organic&iid=7bf5a4a9-4298-4eda-9120-436dfb1d2a75.MOBHK685ZBEG6Y5H.SEARCH&ppt=None&ppn=None&ssid=47cx2lvhkw0000001777620123884&qH=eb4af0bf07c16429&ov_redirect=true","₹11,999","https://www.flipkart.com/realme-p4-lite-sea-blue-128-gb/p/itm534024e2339ef?pid=MOBHK685ZBEG6Y5H&lid=LSTMOBHK685ZBEG6Y5HLV0LRO&marketplace=FLIPKART&q=mobiles&store=tyy%2F4io&srno=s_6_121&otracker=search&otracker1=search&fm=organic&iid=7bf5a4a9-4298-4eda-9120-436dfb1d2a75.MOBHK685ZBEG6Y5H.SEARCH&ppt=None&ppn=None&ssid=47cx2lvhkw0000001777620123884&qH=eb4af0bf07c16429&ov_redirect=true"
"Apple iPhone 15 (Black, 128 GB)","https://www.flipkart.com/apple-iphone-15-black-128-gb/p/itm6ac6485515ae4?pid=MOBGTAGPTB3VS24W&lid=LSTMOBGTAGPTB3VS24WCTBCFM&marketplace=FLIPKART&q=mobiles&store=tyy%2F4io&srno=s_6_122&otracker=search&otracker1=search&fm=organic&iid=7bf5a4a9-4298-4eda-9120-436dfb1d2a75.MOBGTAGPTB3VS24W.SEARCH&ppt=None&ppn=None&ssid=47cx2lvhkw0000001777620123884&qH=eb4af0bf07c16429&ov_redirect=true","₹59,900","https://www.flipkart.com/apple-iphone-15-black-128-gb/p/itm6ac6485515ae4?pid=MOBGTAGPTB3VS24W&lid=LSTMOBGTAGPTB3VS24WCTBCFM&marketplace=FLIPKART&q=mobiles&store=tyy%2F4io&srno=s_6_122&otracker=search&otracker1=search&fm=organic&iid=7bf5a4a9-4298-4eda-9120-436dfb1d2a75.MOBGTAGPTB3VS24W.SEARCH&ppt=None&ppn=None&ssid=47cx2lvhkw0000001777620123884&qH=eb4af0bf07c16429&ov_redirect=true"
"realme P4x 5G (Lake Green, 256 GB)","https://www.flipkart.com/realme-p4x-5g-lake-green-256-gb/p/itm575b1540859e4?pid=MOBHHTPHZDHND92D&lid=LSTMOBHHTPHZDHND92DLKFZIY&marketplace=FLIPKART&q=mobiles&store=tyy%2F4io&srno=s_6_123&otracker=search&otracker1=search&fm=organic&iid=7bf5a4a9-4298-4eda-9120-436dfb1d2a75.MOBHHTPHZDHND92D.SEARCH&ppt=None&ppn=None&ssid=47cx2lvhkw0000001777620123884&qH=eb4af0bf07c16429&ov_redirect=true","₹20,999","https://www.flipkart.com/realme-p4x-5g-lake-green-256-gb/p/itm575b1540859e4?pid=MOBHHTPHZDHND92D&lid=LSTMOBHHTPHZDHND92DLKFZIY&marketplace=FLIPKART&q=mobiles&store=tyy%2F4io&srno=s_6_123&otracker=search&otracker1=search&fm=organic&iid=7bf5a4a9-4298-4eda-9120-436dfb1d2a75.MOBHHTPHZDHND92D.SEARCH&ppt=None&ppn=None&ssid=47cx2lvhkw0000001777620123884&qH=eb4af0bf07c16429&ov_redirect=true"
"Kechaoda K115","https://www.flipkart.com/kechaoda-k115/p/itmexfz2mgxnzhnd?pid=MOBFSMGTGC3ESWWX&lid=LSTMOBFSMGTGC3ESWWX5C5CDZ&marketplace=FLIPKART&q=mobiles&store=tyy%2F4io&srno=s_6_124&otracker=search&otracker1=search&fm=organic&iid=7bf5a4a9-4298-4eda-9120-436dfb1d2a75.MOBFSMGTGC3ESWWX.SEARCH&ppt=None&ppn=None&ssid=47cx2lvhkw0000001777620123884&qH=eb4af0bf07c16429&ov_redirect=true","₹999","https://www.flipkart.com/kechaoda-k115/p/itmexfz2mgxnzhnd?pid=MOBFSMGTGC3ESWWX&lid=LSTMOBFSMGTGC3ESWWX5C5CDZ&marketplace=FLIPKART&q=mobiles&store=tyy%2F4io&srno=s_6_124&otracker=search&otracker1=search&fm=organic&iid=7bf5a4a9-4298-4eda-9120-436dfb1d2a75.MOBFSMGTGC3ESWWX.SEARCH&ppt=None&ppn=None&ssid=47cx2lvhkw0000001777620123884&qH=eb4af0bf07c16429&ov_redirect=true"
"POCO C85x (Elite Black, 128 GB)","https://www.flipkart.com/poco-c85x-elite-black-128-gb/p/itm7e422d0bdc317?pid=MOBHHFC85FVQZUSC&lid=LSTMOBHHFC85FVQZUSCCVRGGM&marketplace=FLIPKART&q=mobiles&store=tyy%2F4io&srno=s_6_125&otracker=search&otracker1=search&fm=organic&iid=7bf5a4a9-4298-4eda-9120-436dfb1d2a75.MOBHHFC85FVQZUSC.SEARCH&ppt=None&ppn=None&ssid=47cx2lvhkw0000001777620123884&qH=eb4af0bf07c16429&ov_redirect=true","₹12,499","https://www.flipkart.com/poco-c85x-elite-black-128-gb/p/itm7e422d0bdc317?pid=MOBHHFC85FVQZUSC&lid=LSTMOBHHFC85FVQZUSCCVRGGM&marketplace=FLIPKART&q=mobiles&store=tyy%2F4io&srno=s_6_125&otracker=search&otracker1=search&fm=organic&iid=7bf5a4a9-4298-4eda-9120-436dfb1d2a75.MOBHHFC85FVQZUSC.SEARCH&ppt=None&ppn=None&ssid=47cx2lvhkw0000001777620123884&qH=eb4af0bf07c16429&ov_redirect=true"
"POCO M7 Plus 5G (Carbon Black, 128 GB)","https://www.flipkart.com/poco-m7-plus-5g-carbon-black-128-gb/p/itmb4301b9afe80c?pid=MOBHETX6NVUH8VPG&lid=LSTMOBHETX6NVUH8VPGINMDBZ&marketplace=FLIPKART&q=mobiles&store=tyy%2F4io&srno=s_6_126&otracker=search&otracker1=search&fm=organic&iid=7bf5a4a9-4298-4eda-9120-436dfb1d2a75.MOBHETX6NVUH8VPG.SEARCH&ppt=None&ppn=None&ssid=47cx2lvhkw0000001777620123884&qH=eb4af0bf07c16429&ov_redirect=true","₹16,999","https://www.flipkart.com/poco-m7-plus-5g-carbon-black-128-gb/p/itmb4301b9afe80c?pid=MOBHETX6NVUH8VPG&lid=LSTMOBHETX6NVUH8VPGINMDBZ&marketplace=FLIPKART&q=mobiles&store=tyy%2F4io&srno=s_6_126&otracker=search&otracker1=search&fm=organic&iid=7bf5a4a9-4298-4eda-9120-436dfb1d2a75.MOBHETX6NVUH8VPG.SEARCH&ppt=None&ppn=None&ssid=47cx2lvhkw0000001777620123884&qH=eb4af0bf07c16429&ov_redirect=true"
"MOTOROLA Edge 70 Fusion (Pantone COUNTRY AIR, 256 GB)","https://www.flipkart.com/motorola-edge-70-fusion-pantone-country-air-256-gb/p/itma9614d4d0f962?pid=MOBHJ7TXYTPH3QPF&lid=LSTMOBHJ7TXYTPH3QPFRJMXXQ&marketplace=FLIPKART&q=mobiles&store=tyy%2F4io&srno=s_6_127&otracker=search&otracker1=search&fm=organic&iid=7bf5a4a9-4298-4eda-9120-436dfb1d2a75.MOBHJ7TXYTPH3QPF.SEARCH&ppt=None&ppn=None&ssid=47cx2lvhkw0000001777620123884&qH=eb4af0bf07c16429&ov_redirect=true","₹32,999","https://www.flipkart.com/motorola-edge-70-fusion-pantone-country-air-256-gb/p/itma9614d4d0f962?pid=MOBHJ7TXYTPH3QPF&lid=LSTMOBHJ7TXYTPH3QPFRJMXXQ&marketplace=FLIPKART&q=mobiles&store=tyy%2F4io&srno=s_6_127&otracker=search&otracker1=search&fm=organic&iid=7bf5a4a9-4298-4eda-9120-436dfb1d2a75.MOBHJ7TXYTPH3QPF.SEARCH&ppt=None&ppn=None&ssid=47cx2lvhkw0000001777620123884&qH=eb4af0bf07c16429&ov_redirect=true"
"MOTOROLA Moto A100","https://www.flipkart.com/motorola-moto-a100/p/itmbe632d1856b4a?pid=MOBHG87XSWTJYDKE&lid=LSTMOBHG87XSWTJYDKEVM1PZ7&marketplace=FLIPKART&q=mobiles&store=tyy%2F4io&srno=s_6_128&otracker=search&otracker1=search&fm=organic&iid=7bf5a4a9-4298-4eda-9120-436dfb1d2a75.MOBHG87XSWTJYDKE.SEARCH&ppt=None&ppn=None&ssid=47cx2lvhkw0000001777620123884&qH=eb4af0bf07c16429&ov_redirect=true","₹1,046","https://www.flipkart.com/motorola-moto-a100/p/itmbe632d1856b4a?pid=MOBHG87XSWTJYDKE&lid=LSTMOBHG87XSWTJYDKEVM1PZ7&marketplace=FLIPKART&q=mobiles&store=tyy%2F4io&srno=s_6_128&otracker=search&otracker1=search&fm=organic&iid=7bf5a4a9-4298-4eda-9120-436dfb1d2a75.MOBHG87XSWTJYDKE.SEARCH&ppt=None&ppn=None&ssid=47cx2lvhkw0000001777620123884&qH=eb4af0bf07c16429&ov_redirect=true"
"POCO C71 (Cool Blue, 128 GB)","https://www.flipkart.com/poco-c71-cool-blue-128-gb/p/itmfb10bdbf02c6e?pid=MOBHAFVJURDB9QYR&lid=LSTMOBHAFVJURDB9QYRYNBHTJ&marketplace=FLIPKART&q=mobiles&store=tyy%2F4io&srno=s_6_129&otracker=search&otracker1=search&fm=organic&iid=7bf5a4a9-4298-4eda-9120-436dfb1d2a75.MOBHAFVJURDB9QYR.SEARCH&ppt=None&ppn=None&ssid=47cx2lvhkw0000001777620123884&qH=eb4af0bf07c16429&ov_redirect=true","₹9,999","https://www.flipkart.com/poco-c71-cool-blue-128-gb/p/itmfb10bdbf02c6e?pid=MOBHAFVJURDB9QYR&lid=LSTMOBHAFVJURDB9QYRYNBHTJ&marketplace=FLIPKART&q=mobiles&store=tyy%2F4io&srno=s_6_129&otracker=search&otracker1=search&fm=organic&iid=7bf5a4a9-4298-4eda-9120-436dfb1d2a75.MOBHAFVJURDB9QYR.SEARCH&ppt=None&ppn=None&ssid=47cx2lvhkw0000001777620123884&qH=eb4af0bf07c16429&ov_redirect=true"
"Apple iPhone 16 (White, 128 GB)","https://www.flipkart.com/apple-iphone-16-white-128-gb/p/itm7c0281cd247be?pid=MOBH4DQF849HCG6G&lid=LSTMOBH4DQF849HCG6GXHBPXY&marketplace=FLIPKART&q=mobiles&store=tyy%2F4io&srno=s_6_130&otracker=search&otracker1=search&fm=organic&iid=7bf5a4a9-4298-4eda-9120-436dfb1d2a75.MOBH4DQF849HCG6G.SEARCH&ppt=None&ppn=None&ssid=47cx2lvhkw0000001777620123884&qH=eb4af0bf07c16429&ov_redirect=true","₹69,900","https://www.flipkart.com/apple-iphone-16-white-128-gb/p/itm7c0281cd247be?pid=MOBH4DQF849HCG6G&lid=LSTMOBH4DQF849HCG6GXHBPXY&marketplace=FLIPKART&q=mobiles&store=tyy%2F4io&srno=s_6_130&otracker=search&otracker1=search&fm=organic&iid=7bf5a4a9-4298-4eda-9120-436dfb1d2a75.MOBH4DQF849HCG6G.SEARCH&ppt=None&ppn=None&ssid=47cx2lvhkw0000001777620123884&qH=eb4af0bf07c16429&ov_redirect=true"
"vivo T4x 5G (Marine Blue, 128 GB)","https://www.flipkart.com/vivo-t4x-5g-marine-blue-128-gb/p/itm017656bdd097b?pid=MOBH9JUSTWEMVADU&lid=LSTMOBH9JUSTWEMVADU5W2ENU&marketplace=FLIPKART&q=mobiles&store=tyy%2F4io&srno=s_6_131&otracker=search&otracker1=search&fm=organic&iid=7bf5a4a9-4298-4eda-9120-436dfb1d2a75.MOBH9JUSTWEMVADU.SEARCH&ppt=None&ppn=None&ssid=47cx2lvhkw0000001777620123884&qH=eb4af0bf07c16429&ov_redirect=true","₹16,999","https://www.flipkart.com/vivo-t4x-5g-marine-blue-128-gb/p/itm017656bdd097b?pid=MOBH9JUSTWEMVADU&lid=LSTMOBH9JUSTWEMVADU5W2ENU&marketplace=FLIPKART&q=mobiles&store=tyy%2F4io&srno=s_6_131&otracker=search&otracker1=search&fm=organic&iid=7bf5a4a9-4298-4eda-9120-436dfb1d2a75.MOBH9JUSTWEMVADU.SEARCH&ppt=None&ppn=None&ssid=47cx2lvhkw0000001777620123884&qH=eb4af0bf07c16429&ov_redirect=true"
"vivo Y19e (Majestic Green, 64 GB)","https://www.flipkart.com/vivo-y19e-majestic-green-64-gb/p/itmb036ff616e9d9?pid=MOBHAFRHGQZGWGAQ&lid=LSTMOBHAFRHGQZGWGAQV8OAXJ&marketplace=FLIPKART&q=mobiles&store=tyy%2F4io&srno=s_6_132&otracker=search&otracker1=search&fm=organic&iid=7bf5a4a9-4298-4eda-9120-436dfb1d2a75.MOBHAFRHGQZGWGAQ.SEARCH&ppt=None&ppn=None&ssid=47cx2lvhkw0000001777620123884&qH=eb4af0bf07c16429&ov_redirect=true","₹11,844","https://www.flipkart.com/vivo-y19e-majestic-green-64-gb/p/itmb036ff616e9d9?pid=MOBHAFRHGQZGWGAQ&lid=LSTMOBHAFRHGQZGWGAQV8OAXJ&marketplace=FLIPKART&q=mobiles&store=tyy%2F4io&srno=s_6_132&otracker=search&otracker1=search&fm=organic&iid=7bf5a4a9-4298-4eda-9120-436dfb1d2a75.MOBHAFRHGQZGWGAQ.SEARCH&ppt=None&ppn=None&ssid=47cx2lvhkw0000001777620123884&qH=eb4af0bf07c16429&ov_redirect=true"
"Nokia 130 Music Dual Sim with Music Player, Dedicated Music Buttons","https://www.flipkart.com/nokia-130-music-dual-sim-player-dedicated-buttons/p/itm221dea7e0ca49?pid=MOBGSFECGGXAPF5B&lid=LSTMOBGSFECGGXAPF5BGPRPZS&marketplace=FLIPKART&q=mobiles&store=tyy%2F4io&srno=s_6_133&otracker=search&otracker1=search&fm=organic&iid=7bf5a4a9-4298-4eda-9120-436dfb1d2a75.MOBGSFECGGXAPF5B.SEARCH&ppt=None&ppn=None&ssid=47cx2lvhkw0000001777620123884&qH=eb4af0bf07c16429&ov_redirect=true","₹1,994","https://www.flipkart.com/nokia-130-music-dual-sim-player-dedicated-buttons/p/itm221dea7e0ca49?pid=MOBGSFECGGXAPF5B&lid=LSTMOBGSFECGGXAPF5BGPRPZS&marketplace=FLIPKART&q=mobiles&store=tyy%2F4io&srno=s_6_133&otracker=search&otracker1=search&fm=organic&iid=7bf5a4a9-4298-4eda-9120-436dfb1d2a75.MOBGSFECGGXAPF5B.SEARCH&ppt=None&ppn=None&ssid=47cx2lvhkw0000001777620123884&qH=eb4af0bf07c16429&ov_redirect=true"
"POCO M7 Plus 5G (Aqua Blue, 128 GB)","https://www.flipkart.com/poco-m7-plus-5g-aqua-blue-128-gb/p/itm7f065aa27b056?pid=MOBHETX6HEEATBVE&lid=LSTMOBHETX6HEEATBVESCYYWH&marketplace=FLIPKART&q=mobiles&store=tyy%2F4io&srno=s_6_134&otracker=search&otracker1=search&fm=organic&iid=7bf5a4a9-4298-4eda-9120-436dfb1d2a75.MOBHETX6HEEATBVE.SEARCH&ppt=None&ppn=None&ssid=47cx2lvhkw0000001777620123884&qH=eb4af0bf07c16429&ov_redirect=true","₹15,499","https://www.flipkart.com/poco-m7-plus-5g-aqua-blue-128-gb/p/itm7f065aa27b056?pid=MOBHETX6HEEATBVE&lid=LSTMOBHETX6HEEATBVESCYYWH&marketplace=FLIPKART&q=mobiles&store=tyy%2F4io&srno=s_6_134&otracker=search&otracker1=search&fm=organic&iid=7bf5a4a9-4298-4eda-9120-436dfb1d2a75.MOBHETX6HEEATBVE.SEARCH&ppt=None&ppn=None&ssid=47cx2lvhkw0000001777620123884&qH=eb4af0bf07c16429&ov_redirect=true"
"POCO C75 5G (Aqua Bliss, 128 GB)","https://www.flipkart.com/poco-c75-5g-aqua-bliss-128-gb/p/itmc8ac71aacc115?pid=MOBHBC3WFGTCNDD7&lid=LSTMOBHBC3WFGTCNDD7MLABCF&marketplace=FLIPKART&q=mobiles&store=tyy%2F4io&srno=s_6_135&otracker=search&otracker1=search&fm=organic&iid=7bf5a4a9-4298-4eda-9120-436dfb1d2a75.MOBHBC3WFGTCNDD7.SEARCH&ppt=None&ppn=None&ssid=47cx2lvhkw0000001777620123884&qH=eb4af0bf07c16429&ov_redirect=true","₹11,499","https://www.flipkart.com/poco-c75-5g-aqua-bliss-128-gb/p/itmc8ac71aacc115?pid=MOBHBC3WFGTCNDD7&lid=LSTMOBHBC3WFGTCNDD7MLABCF&marketplace=FLIPKART&q=mobiles&store=tyy%2F4io&srno=s_6_135&otracker=search&otracker1=search&fm=organic&iid=7bf5a4a9-4298-4eda-9120-436dfb1d2a75.MOBHBC3WFGTCNDD7.SEARCH&ppt=None&ppn=None&ssid=47cx2lvhkw0000001777620123884&qH=eb4af0bf07c16429&ov_redirect=true"
"HOTLINE ROYAL","https://www.flipkart.com/hotline-royal/p/itm7f57ba9cb956b?pid=MOBH8QEXFYDBTZZN&lid=LSTMOBH8QEXFYDBTZZNYYR32E&marketplace=FLIPKART&q=mobiles&store=tyy%2F4io&srno=s_6_136&otracker=search&otracker1=search&fm=organic&iid=7bf5a4a9-4298-4eda-9120-436dfb1d2a75.MOBH8QEXFYDBTZZN.SEARCH&ppt=None&ppn=None&ssid=47cx2lvhkw0000001777620123884&qH=eb4af0bf07c16429&ov_redirect=true","₹480","https://www.flipkart.com/hotline-royal/p/itm7f57ba9cb956b?pid=MOBH8QEXFYDBTZZN&lid=LSTMOBH8QEXFYDBTZZNYYR32E&marketplace=FLIPKART&q=mobiles&store=tyy%2F4io&srno=s_6_136&otracker=search&otracker1=search&fm=organic&iid=7bf5a4a9-4298-4eda-9120-436dfb1d2a75.MOBH8QEXFYDBTZZN.SEARCH&ppt=None&ppn=None&ssid=47cx2lvhkw0000001777620123884&qH=eb4af0bf07c16429&ov_redirect=true"
"REDMI Note 15 SE 5G (Carbon Black, 128 GB)","https://www.flipkart.com/redmi-note-15-se-5g-carbon-black-128-gb/p/itm028965416c227?pid=MOBHHAFAF63SZA5U&lid=LSTMOBHHAFAF63SZA5UPLYJLK&marketplace=FLIPKART&q=mobiles&store=tyy%2F4io&srno=s_6_137&otracker=search&otracker1=search&fm=organic&iid=7bf5a4a9-4298-4eda-9120-436dfb1d2a75.MOBHHAFAF63SZA5U.SEARCH&ppt=None&ppn=None&ssid=47cx2lvhkw0000001777620123884&qH=eb4af0bf07c16429&ov_redirect=true","₹21,999","https://www.flipkart.com/redmi-note-15-se-5g-carbon-black-128-gb/p/itm028965416c227?pid=MOBHHAFAF63SZA5U&lid=LSTMOBHHAFAF63SZA5UPLYJLK&marketplace=FLIPKART&q=mobiles&store=tyy%2F4io&srno=s_6_137&otracker=search&otracker1=search&fm=organic&iid=7bf5a4a9-4298-4eda-9120-436dfb1d2a75.MOBHHAFAF63SZA5U.SEARCH&ppt=None&ppn=None&ssid=47cx2lvhkw0000001777620123884&qH=eb4af0bf07c16429&ov_redirect=true"
"vivo T4 5G (Phantom Grey, 256 GB)","https://www.flipkart.com/vivo-t4-5g-phantom-grey-256-gb/p/itmc2634fd4daeb9?pid=MOBHATXZNHEG7XCX&lid=LSTMOBHATXZNHEG7XCXXFIFJO&marketplace=FLIPKART&q=mobiles&store=tyy%2F4io&srno=s_6_138&otracker=search&otracker1=search&fm=organic&iid=7bf5a4a9-4298-4eda-9120-436dfb1d2a75.MOBHATXZNHEG7XCX.SEARCH&ppt=None&ppn=None&ssid=47cx2lvhkw0000001777620123884&qH=eb4af0bf07c16429&ov_redirect=true","₹28,999","https://www.flipkart.com/vivo-t4-5g-phantom-grey-256-gb/p/itmc2634fd4daeb9?pid=MOBHATXZNHEG7XCX&lid=LSTMOBHATXZNHEG7XCXXFIFJO&marketplace=FLIPKART&q=mobiles&store=tyy%2F4io&srno=s_6_138&otracker=search&otracker1=search&fm=organic&iid=7bf5a4a9-4298-4eda-9120-436dfb1d2a75.MOBHATXZNHEG7XCX.SEARCH&ppt=None&ppn=None&ssid=47cx2lvhkw0000001777620123884&qH=eb4af0bf07c16429&ov_redirect=true"
"OPPO K14 5G (Prism Violet, 256 GB)","https://www.flipkart.com/oppo-k14-5g-prism-violet-256-gb/p/itm2a5cc1d23c2af?pid=MOBHKQYYNFMURAYF&lid=LSTMOBHKQYYNFMURAYFFSX9KQ&marketplace=FLIPKART&q=mobiles&store=tyy%2F4io&srno=s_6_139&otracker=search&otracker1=search&fm=organic&iid=7bf5a4a9-4298-4eda-9120-436dfb1d2a75.MOBHKQYYNFMURAYF.SEARCH&ppt=None&ppn=None&ssid=47cx2lvhkw0000001777620123884&qH=eb4af0bf07c16429&ov_redirect=true","₹21,999","https://www.flipkart.com/oppo-k14-5g-prism-violet-256-gb/p/itm2a5cc1d23c2af?pid=MOBHKQYYNFMURAYF&lid=LSTMOBHKQYYNFMURAYFFSX9KQ&marketplace=FLIPKART&q=mobiles&store=tyy%2F4io&srno=s_6_139&otracker=search&otracker1=search&fm=organic&iid=7bf5a4a9-4298-4eda-9120-436dfb1d2a75.MOBHKQYYNFMURAYF.SEARCH&ppt=None&ppn=None&ssid=47cx2lvhkw0000001777620123884&qH=eb4af0bf07c16429&ov_redirect=true"
"OPPO K14 5G (Prism White, 256 GB)","https://www.flipkart.com/oppo-k14-5g-prism-white-256-gb/p/itm2a5cc1d23c2af?pid=MOBHKQYYPHXEGF7W&lid=LSTMOBHKQYYPHXEGF7WJUSBDY&marketplace=FLIPKART&q=mobiles&store=tyy%2F4io&srno=s_6_140&otracker=search&otracker1=search&fm=organic&iid=7bf5a4a9-4298-4eda-9120-436dfb1d2a75.MOBHKQYYPHXEGF7W.SEARCH&ppt=None&ppn=None&ssid=47cx2lvhkw0000001777620123884&qH=eb4af0bf07c16429&ov_redirect=true","₹21,999","https://www.flipkart.com/oppo-k14-5g-prism-white-256-gb/p/itm2a5cc1d23c2af?pid=MOBHKQYYPHXEGF7W&lid=LSTMOBHKQYYPHXEGF7WJUSBDY&marketplace=FLIPKART&q=mobiles&store=tyy%2F4io&srno=s_6_140&otracker=search&otracker1=search&fm=organic&iid=7bf5a4a9-4298-4eda-9120-436dfb1d2a75.MOBHKQYYPHXEGF7W.SEARCH&ppt=None&ppn=None&ssid=47cx2lvhkw0000001777620123884&qH=eb4af0bf07c16429&ov_redirect=true"
"MOTOROLA Edge 70 Fusion (Pantone BLUE SURF, 256 GB)","https://www.flipkart.com/motorola-edge-70-fusion-pantone-blue-surf-256-gb/p/itm8617d6ad959da?pid=MOBHJ7TXFYFQB4ET&lid=LSTMOBHJ7TXFYFQB4ETBNG5GN&marketplace=FLIPKART&q=mobiles&store=tyy%2F4io&srno=s_6_141&otracker=search&otracker1=search&fm=organic&iid=7bf5a4a9-4298-4eda-9120-436dfb1d2a75.MOBHJ7TXFYFQB4ET.SEARCH&ppt=None&ppn=None&ssid=47cx2lvhkw0000001777620123884&qH=eb4af0bf07c16429&ov_redirect=true","₹29,999","https://www.flipkart.com/motorola-edge-70-fusion-pantone-blue-surf-256-gb/p/itm8617d6ad959da?pid=MOBHJ7TXFYFQB4ET&lid=LSTMOBHJ7TXFYFQB4ETBNG5GN&marketplace=FLIPKART&q=mobiles&store=tyy%2F4io&srno=s_6_141&otracker=search&otracker1=search&fm=organic&iid=7bf5a4a9-4298-4eda-9120-436dfb1d2a75.MOBHJ7TXFYFQB4ET.SEARCH&ppt=None&ppn=None&ssid=47cx2lvhkw0000001777620123884&qH=eb4af0bf07c16429&ov_redirect=true"
"G'Five SHARK 3","https://www.flipkart.com/g-five-shark-3/p/itmbf1701f43dec9?pid=MOBHM6ECGS69ZZ92&lid=LSTMOBHM6ECGS69ZZ92W1ACN8&marketplace=FLIPKART&q=mobiles&store=tyy%2F4io&srno=s_6_142&otracker=search&otracker1=search&fm=organic&iid=7bf5a4a9-4298-4eda-9120-436dfb1d2a75.MOBHM6ECGS69ZZ92.SEARCH&ppt=None&ppn=None&ssid=47cx2lvhkw0000001777620123884&qH=eb4af0bf07c16429&ov_redirect=true","₹599","https://www.flipkart.com/g-five-shark-3/p/itmbf1701f43dec9?pid=MOBHM6ECGS69ZZ92&lid=LSTMOBHM6ECGS69ZZ92W1ACN8&marketplace=FLIPKART&q=mobiles&store=tyy%2F4io&srno=s_6_142&otracker=search&otracker1=search&fm=organic&iid=7bf5a4a9-4298-4eda-9120-436dfb1d2a75.MOBHM6ECGS69ZZ92.SEARCH&ppt=None&ppn=None&ssid=47cx2lvhkw0000001777620123884&qH=eb4af0bf07c16429&ov_redirect=true"
"MOTOROLA Edge 60 Pro (Pantone Walnut, 256 GB)","https://www.flipkart.com/motorola-edge-60-pro-pantone-walnut-256-gb/p/itmd28ffaee4b29a?pid=MOBHC7EW5CW3T4UR&lid=LSTMOBHC7EW5CW3T4URQLPXHC&marketplace=FLIPKART&q=mobiles&store=tyy%2F4io&srno=s_6_143&otracker=search&otracker1=search&fm=organic&iid=7bf5a4a9-4298-4eda-9120-436dfb1d2a75.MOBHC7EW5CW3T4UR.SEARCH&ppt=None&ppn=None&ssid=47cx2lvhkw0000001777620123884&qH=eb4af0bf07c16429&ov_redirect=true","₹29,999","https://www.flipkart.com/motorola-edge-60-pro-pantone-walnut-256-gb/p/itmd28ffaee4b29a?pid=MOBHC7EW5CW3T4UR&lid=LSTMOBHC7EW5CW3T4URQLPXHC&marketplace=FLIPKART&q=mobiles&store=tyy%2F4io&srno=s_6_143&otracker=search&otracker1=search&fm=organic&iid=7bf5a4a9-4298-4eda-9120-436dfb1d2a75.MOBHC7EW5CW3T4UR.SEARCH&ppt=None&ppn=None&ssid=47cx2lvhkw0000001777620123884&qH=eb4af0bf07c16429&ov_redirect=true"
"vivo T4 5G (Phantom Grey, 256 GB)","https://www.flipkart.com/vivo-t4-5g-phantom-grey-256-gb/p/itmc2634fd4daeb9?pid=MOBHATXZGEAN2FWT&lid=LSTMOBHATXZGEAN2FWT6HQWPH&marketplace=FLIPKART&q=mobiles&store=tyy%2F4io&srno=s_6_144&otracker=search&otracker1=search&fm=organic&iid=7bf5a4a9-4298-4eda-9120-436dfb1d2a75.MOBHATXZGEAN2FWT.SEARCH&ppt=None&ppn=None&ssid=47cx2lvhkw0000001777620123884&qH=eb4af0bf07c16429&ov_redirect=true","₹26,999","https://www.flipkart.com/vivo-t4-5g-phantom-grey-256-gb/p/itmc2634fd4daeb9?pid=MOBHATXZGEAN2FWT&lid=LSTMOBHATXZGEAN2FWT6HQWPH&marketplace=FLIPKART&q=mobiles&store=tyy%2F4io&srno=s_6_144&otracker=search&otracker1=search&fm=organic&iid=7bf5a4a9-4298-4eda-9120-436dfb1d2a75.MOBHATXZGEAN2FWT.SEARCH&ppt=None&ppn=None&ssid=47cx2lvhkw0000001777620123884&qH=eb4af0bf07c16429&ov_redirect=true"